"DESCRIPTION","DURATION IN MS","NAME","PARENT SUITE","START TIME","STATUS","STOP TIME","SUB SUITE","SUITE","TEST CLASS","TEST METHOD"
"","100","TestReceiveHookAppliesOverAnyStaleSourceExceptStopped/SessionStart/from_error/via_probe","","Fri Sep 25 21:37:06 BST 2026","passed","Fri Sep 25 21:37:06 BST 2026","","github.com/n-orlov/deck/internal/hookrecv","github.com/n-orlov/deck/internal/hookrecv",""
"","40","TestDeckOwnedCellContrastTable/cobalt","","Fri Sep 25 21:38:41 BST 2026","passed","Fri Sep 25 21:38:41 BST 2026","","github.com/n-orlov/deck/internal/tui","github.com/n-orlov/deck/internal/tui",""
"","0","TestSeamBodyRowStaysFocusedInInteractiveMode","","Fri Sep 25 21:38:41 BST 2026","passed","Fri Sep 25 21:38:41 BST 2026","","github.com/n-orlov/deck/internal/tui","github.com/n-orlov/deck/internal/tui",""
"","0","TestSettingsEnvRemoveEntry","","Fri Sep 25 21:38:41 BST 2026","passed","Fri Sep 25 21:38:41 BST 2026","","github.com/n-orlov/deck/internal/tui","github.com/n-orlov/deck/internal/tui",""
"","10","TestSettingsFooterCarriesDeckBackground/parchment","","Fri Sep 25 21:38:41 BST 2026","passed","Fri Sep 25 21:38:41 BST 2026","","github.com/n-orlov/deck/internal/tui","github.com/n-orlov/deck/internal/tui",""
"","810","TestReceiveMappingTable","","Fri Sep 25 21:37:06 BST 2026","passed","Fri Sep 25 21:37:06 BST 2026","","github.com/n-orlov/deck/internal/hookrecv","github.com/n-orlov/deck/internal/hookrecv",""
"","0","TestCapturePaneSeedAtomicDoesNotRetryWhenAlternateOnAgrees","","Fri Sep 25 21:38:11 BST 2026","passed","Fri Sep 25 21:38:11 BST 2026","","github.com/n-orlov/deck/internal/tmux","github.com/n-orlov/deck/internal/tmux",""
"","40","TestCaptureIdentityRefusesADeadPaneAtEntry","","Fri Sep 25 21:38:11 BST 2026","passed","Fri Sep 25 21:38:11 BST 2026","","github.com/n-orlov/deck/internal/tmux","github.com/n-orlov/deck/internal/tmux",""
"","60","TestReclaimLeakedInteractivePipesLeavesALiveOwnersClaimUntouched","","Fri Sep 25 21:38:11 BST 2026","passed","Fri Sep 25 21:38:11 BST 2026","","github.com/n-orlov/deck/internal/tmux","github.com/n-orlov/deck/internal/tmux",""
"","0","TestEscOnAMarkedSetClearsOnlyTheMarksNotAHeldFilter","","Fri Sep 25 21:38:41 BST 2026","passed","Fri Sep 25 21:38:41 BST 2026","","github.com/n-orlov/deck/internal/tui","github.com/n-orlov/deck/internal/tui",""
"","0","TestHelpKeysEntriesAllGetKeycapStyling","","Fri Sep 25 21:38:41 BST 2026","passed","Fri Sep 25 21:38:41 BST 2026","","github.com/n-orlov/deck/internal/tui","github.com/n-orlov/deck/internal/tui",""
"","1290","TestFeatures/accepted_argv_and_controlled_exit_statuses_are_observable_from_panes","","Fri Sep 25 21:39:00 BST 2026","passed","Fri Sep 25 21:39:01 BST 2026","","github.com/n-orlov/deck/features","github.com/n-orlov/deck/features",""
"","0","TestArchiveConfirmOnAStoppedRowHasNoWarning","","Fri Sep 25 21:38:41 BST 2026","passed","Fri Sep 25 21:38:41 BST 2026","","github.com/n-orlov/deck/internal/tui","github.com/n-orlov/deck/internal/tui",""
"","972","a fake agent records its initial size and every SIGWINCH-observed size #1","","","passed","","","Godog harness wiring","",""
"","150","TestInteractiveFooterCueTopOfScrollbackWordingDiffersFromOrdinary","","Fri Sep 25 21:38:41 BST 2026","passed","Fri Sep 25 21:38:41 BST 2026","","github.com/n-orlov/deck/internal/tui","github.com/n-orlov/deck/internal/tui",""
"","0","TestFooterHandlerAgreementAcrossEveryRowClass/live/running/U","","Fri Sep 25 21:38:41 BST 2026","passed","Fri Sep 25 21:38:41 BST 2026","","github.com/n-orlov/deck/internal/tui","github.com/n-orlov/deck/internal/tui",""
"","1084","a fake agent renders a preview fixture once and then falls silent #8","","","passed","","","Godog harness wiring","",""
"","0","TestSessionScopedKeysAreInertOnAHeader/R","","Fri Sep 25 21:38:41 BST 2026","passed","Fri Sep 25 21:38:41 BST 2026","","github.com/n-orlov/deck/internal/tui","github.com/n-orlov/deck/internal/tui",""
"","60","TestAcquireLaunchLeaseClearsTheReplacedPanesCrashVerdict","","Fri Sep 25 21:38:00 BST 2026","passed","Fri Sep 25 21:38:00 BST 2026","","github.com/n-orlov/deck/internal/store","github.com/n-orlov/deck/internal/store",""
"","0","TestCodex_NeverEmitsForbiddenFlags/edits","","Fri Sep 25 21:37:05 BST 2026","passed","Fri Sep 25 21:37:05 BST 2026","","github.com/n-orlov/deck/internal/agent","github.com/n-orlov/deck/internal/agent",""
"","0","TestDeckOwnedCellsCarryExplicitForegroundOnEveryBuiltin/cobalt/below_deck's_supported_minimum","","Fri Sep 25 21:38:41 BST 2026","passed","Fri Sep 25 21:38:41 BST 2026","","github.com/n-orlov/deck/internal/tui","github.com/n-orlov/deck/internal/tui",""
"","0","TestColorDepthInvalidValueIsAnErrorNamingTheVariable","","Fri Sep 25 21:37:05 BST 2026","passed","Fri Sep 25 21:37:05 BST 2026","","github.com/n-orlov/deck/internal/config","github.com/n-orlov/deck/internal/config",""
"","100","TestEmptyGroupCollapsesByItsDurableID","","Fri Sep 25 21:38:41 BST 2026","passed","Fri Sep 25 21:38:41 BST 2026","","github.com/n-orlov/deck/internal/tui","github.com/n-orlov/deck/internal/tui",""
"","0","TestCaptureSeedWithHistoryDoesNotRetryAFailureNoNarrowerRangeCanFix","","Fri Sep 25 21:37:23 BST 2026","passed","Fri Sep 25 21:37:23 BST 2026","","github.com/n-orlov/deck/internal/interactive","github.com/n-orlov/deck/internal/interactive",""
"","2110","TestGoldenMinimumFrame/run-2","","Fri Sep 25 21:36:35 BST 2026","passed","Fri Sep 25 21:36:37 BST 2026","","github.com/n-orlov/deck/features","github.com/n-orlov/deck/features",""
"","1766","a different hook detects a crash while no TUI is running","","","passed","","","Clean exits and crashed agent panes","",""
"","0","TestConfigFileCaptureMinIntervalSecondsAndDuration/duration","","Fri Sep 25 21:37:05 BST 2026","passed","Fri Sep 25 21:37:05 BST 2026","","github.com/n-orlov/deck/internal/config","github.com/n-orlov/deck/internal/config",""
"","1433","both the undo window and the delete grace window keep advancing while DECK_CLOCK is frozen","","","passed","","","Undo toast after x, and the dd delete/tombstone chord","",""
"","1100","TestFeatures/submitting_the_confirm_dialog_kills_the_live_pane,_tombstones_the_row,_and_it_disappears_from_the_sidebar_immediately","","Fri Sep 25 21:39:00 BST 2026","passed","Fri Sep 25 21:39:01 BST 2026","","github.com/n-orlov/deck/features","github.com/n-orlov/deck/features",""
"","724","a private tmux server can be removed","","","passed","","","Godog harness wiring","",""
"","0","TestSidebarRowHidesSafeBadgeButKeepsNonSafeBadgeAtMinimumWidth","","Fri Sep 25 21:38:41 BST 2026","passed","Fri Sep 25 21:38:41 BST 2026","","github.com/n-orlov/deck/internal/tui","github.com/n-orlov/deck/internal/tui",""
"","60","TestCreateSessionRefusesArchivedNameHolder","","Fri Sep 25 21:38:00 BST 2026","passed","Fri Sep 25 21:38:00 BST 2026","","github.com/n-orlov/deck/internal/store","github.com/n-orlov/deck/internal/store",""
"","0","TestReceiveKeepsATombstonedRowsHookAnOrphan/by_injected_row_id","","Fri Sep 25 21:37:06 BST 2026","passed","Fri Sep 25 21:37:06 BST 2026","","github.com/n-orlov/deck/internal/hookrecv","github.com/n-orlov/deck/internal/hookrecv",""
"","0","TestHelpOverlayKeymapMatchesBoundKeys","","Fri Sep 25 21:38:41 BST 2026","passed","Fri Sep 25 21:38:41 BST 2026","","github.com/n-orlov/deck/internal/tui","github.com/n-orlov/deck/internal/tui",""
"","0","TestStatusTokenIsExhaustiveOverSevenStatuses","","Fri Sep 25 21:38:41 BST 2026","passed","Fri Sep 25 21:38:41 BST 2026","","github.com/n-orlov/deck/internal/tui","github.com/n-orlov/deck/internal/tui",""
"","10","TestWriteConfigFileRoundTripsUnknownKeysAndSections","","Fri Sep 25 21:37:05 BST 2026","passed","Fri Sep 25 21:37:05 BST 2026","","github.com/n-orlov/deck/internal/config","github.com/n-orlov/deck/internal/config",""
"","0","TestArchiveUndoIsCheckedBehindTheKillAndDeleteUndoTrios","","Fri Sep 25 21:38:41 BST 2026","passed","Fri Sep 25 21:38:41 BST 2026","","github.com/n-orlov/deck/internal/tui","github.com/n-orlov/deck/internal/tui",""
"","0","TestPendingDeleteIndicatorStaysWithinFrameBudgetAtEveryLayoutMode/marked-set/side-by-side","","Fri Sep 25 21:38:41 BST 2026","passed","Fri Sep 25 21:38:41 BST 2026","","github.com/n-orlov/deck/internal/tui","github.com/n-orlov/deck/internal/tui",""
"","0","TestSettingsFooterCarriesDeckBackground/matrix/discard","","Fri Sep 25 21:38:41 BST 2026","passed","Fri Sep 25 21:38:41 BST 2026","","github.com/n-orlov/deck/internal/tui","github.com/n-orlov/deck/internal/tui",""
"","2347","typing while scrolled back snaps the view back to the live bottom","","","passed","","","Interactive mode's own bounded scrollback (Part II, requirement 51)","",""
"","1766","profile switch dialog -- the mouse can neither cancel nor confirm it, at its border, its body or outside it","","","passed","","","The §11.4 dialog contract, asserted per dialog (requirements 7, 8, 9, 10, 11, 50)","",""
"","0","TestFooterHandlerAgreementAcrossEveryRowClass/archived/dd","","Fri Sep 25 21:38:41 BST 2026","passed","Fri Sep 25 21:38:41 BST 2026","","github.com/n-orlov/deck/internal/tui","github.com/n-orlov/deck/internal/tui",""
"","0","TestInteractiveTransportDefaultsFromSchemaAndDeckEnvOverrides","","Fri Sep 25 21:37:05 BST 2026","passed","Fri Sep 25 21:37:05 BST 2026","","github.com/n-orlov/deck/internal/config","github.com/n-orlov/deck/internal/config",""
"","0","TestGroupOrderDefaultFirstFlagFalseMatchesR129Baseline","","Fri Sep 25 21:38:41 BST 2026","passed","Fri Sep 25 21:38:41 BST 2026","","github.com/n-orlov/deck/internal/tui","github.com/n-orlov/deck/internal/tui",""
"","230","TestSendKeysHexWithManualBracketMarkersDeliversTheWrongLineEndings","","Fri Sep 25 21:38:11 BST 2026","passed","Fri Sep 25 21:38:11 BST 2026","","github.com/n-orlov/deck/internal/tmux","github.com/n-orlov/deck/internal/tmux",""
"","0","TestRegisteredAdaptersDeclareTheirLaunchExecutable","","Fri Sep 25 21:37:05 BST 2026","passed","Fri Sep 25 21:37:05 BST 2026","","github.com/n-orlov/deck/internal/agent","github.com/n-orlov/deck/internal/agent",""
"","812","help dialog -- esc changes nothing (it has no fields to alter)","","","passed","","","The §11.4 dialog contract, asserted per dialog (requirements 7, 8, 9, 10, 11, 50)","",""
"","829","the frame-budget check is discriminating, not a check that always passes","","","passed","","","Godog harness wiring","",""
"","2456","an attachError or resumeNote message never pushes the frame past the terminal's own budget #1","","","passed","","","Godog harness wiring","",""
"","3212","a wheel drift over the sidebar survives several real background reload ticks","","","passed","","","§11.8 mouse bindings and the [ui] mouse / DECK_MOUSE opt-out (requirements 33-37, 41)","",""
"","90","TestGroupCreatedByAnotherClientAppearsAfterReload","","Fri Sep 25 21:38:41 BST 2026","passed","Fri Sep 25 21:38:41 BST 2026","","github.com/n-orlov/deck/internal/tui","github.com/n-orlov/deck/internal/tui",""
"","720","TestDeckBinaryPanicMidInteractiveDisarmsPipeAndRestoresWindow","","Fri Sep 25 21:36:22 BST 2026","passed","Fri Sep 25 21:36:22 BST 2026","","github.com/n-orlov/deck/cmd/deck","github.com/n-orlov/deck/cmd/deck",""
"","3290","TestFeatures/a_forced_entry_over_a_waiting_row_answers_it_at_the_forcing_client","","Fri Sep 25 21:39:00 BST 2026","passed","Fri Sep 25 21:39:03 BST 2026","","github.com/n-orlov/deck/features","github.com/n-orlov/deck/features",""
"","100","TestReceiveHookAppliesOverAnyStaleSourceExceptStopped/StopFailure/from_running/via_tmux","","Fri Sep 25 21:37:06 BST 2026","passed","Fri Sep 25 21:37:06 BST 2026","","github.com/n-orlov/deck/internal/hookrecv","github.com/n-orlov/deck/internal/hookrecv",""
"","988","a shell session carries the deck-owned session context, the adapter that had none before","","","passed","","","Every pane carries its own session's DECK_SESSION_* context (R104, SPEC §6.1)","",""
"","0","TestAcceptsOnlyDocumentedApprovalValues/rejects_on-failure","","Fri Sep 25 21:36:33 BST 2026","passed","Fri Sep 25 21:36:33 BST 2026","","github.com/n-orlov/deck/cmd/fake-codex","github.com/n-orlov/deck/cmd/fake-codex",""
"","2094","a group header click collapses that group while a preview is live, and interactive mode is left undisturbed","","","passed","","","SPEC §11's group navigation and order (Phase 4c Tier 1+2 -- GH #31, #32, #33, #34)","",""
"","0","TestEntryRefusalClearsOnSuccessfulAttach","","Fri Sep 25 21:38:41 BST 2026","passed","Fri Sep 25 21:38:41 BST 2026","","github.com/n-orlov/deck/internal/tui","github.com/n-orlov/deck/internal/tui",""
"","0","TestTruncateToWidthStillNeverSplitsWideGlyph","","Fri Sep 25 21:38:41 BST 2026","passed","Fri Sep 25 21:38:41 BST 2026","","github.com/n-orlov/deck/internal/tui","github.com/n-orlov/deck/internal/tui",""
"","2047","a sidebar click on the already-interactive row triggers no resize","","","passed","","","§11.8 mouse bindings and the [ui] mouse / DECK_MOUSE opt-out (requirements 33-37, 41)","",""
"","2071","folding the interactive session's own group keeps that session's name in the live preview border, with its window geometry and ownership untouched","","","passed","","","SPEC §11's group navigation and order (Phase 4c Tier 1+2 -- GH #31, #32, #33, #34)","",""
"","1155","with nothing installed the Agent field offers only shell","","","passed","","","Nothing installed means the Agent field offers only shell (requirement 114)","",""
"","40","TestSendNamedKeyDeliversModifiedNavigationKeysByTmuxsOwnTranslation/S-Right","","Fri Sep 25 21:38:11 BST 2026","passed","Fri Sep 25 21:38:11 BST 2026","","github.com/n-orlov/deck/internal/tmux","github.com/n-orlov/deck/internal/tmux",""
"","0","TestNoLiveCapturePreviewInteriorCarriesDeckBackgroundSideBySide/cobalt","","Fri Sep 25 21:38:41 BST 2026","passed","Fri Sep 25 21:38:41 BST 2026","","github.com/n-orlov/deck/internal/tui","github.com/n-orlov/deck/internal/tui",""
"","0","TestProfileSwitchNoteIsError","","Fri Sep 25 21:38:41 BST 2026","passed","Fri Sep 25 21:38:41 BST 2026","","github.com/n-orlov/deck/internal/tui","github.com/n-orlov/deck/internal/tui",""
"","0","TestSessionsBulkResumedLeavesTheLatchWhenItNamesNoneOfIts","","Fri Sep 25 21:38:41 BST 2026","passed","Fri Sep 25 21:38:41 BST 2026","","github.com/n-orlov/deck/internal/tui","github.com/n-orlov/deck/internal/tui",""
"","1740","TestFeatures/NO_COLOR_renders_a_monochrome_frame_with_a_session's_status_carried_by_its_glyphs_alone","","Fri Sep 25 21:39:00 BST 2026","passed","Fri Sep 25 21:39:01 BST 2026","","github.com/n-orlov/deck/features","github.com/n-orlov/deck/features",""
"","1240","TestFeatures/the_gutter's_selection_arrow_and_mark_glyph_survive_as_plain_text_in_their_own_fixed_columns_under_NO_COLOR","","Fri Sep 25 21:39:00 BST 2026","passed","Fri Sep 25 21:39:01 BST 2026","","github.com/n-orlov/deck/features","github.com/n-orlov/deck/features",""
"","140","TestInteractiveNotRepaintedNoticeCarriesDeckBackground/Stacked/empire","","Fri Sep 25 21:38:41 BST 2026","passed","Fri Sep 25 21:38:41 BST 2026","","github.com/n-orlov/deck/internal/tui","github.com/n-orlov/deck/internal/tui",""
"","60","TestCreateGroupDefaultDegradesWhenRememberedGroupDeleted","","Fri Sep 25 21:38:41 BST 2026","passed","Fri Sep 25 21:38:41 BST 2026","","github.com/n-orlov/deck/internal/tui","github.com/n-orlov/deck/internal/tui",""
"","0","TestDriftPreservingKeysLeaveTheDriftInPlace/key=""?""","","Fri Sep 25 21:38:41 BST 2026","passed","Fri Sep 25 21:38:41 BST 2026","","github.com/n-orlov/deck/internal/tui","github.com/n-orlov/deck/internal/tui",""
"","50","TestCrossSocketPaneIDCollisionSilentlyHitsTheLocalPane","","Fri Sep 25 21:38:11 BST 2026","passed","Fri Sep 25 21:38:11 BST 2026","","github.com/n-orlov/deck/internal/tmux","github.com/n-orlov/deck/internal/tmux",""
"","0","TestHelpOverlayStaysWithinFrameBudgetAt80x24","","Fri Sep 25 21:38:41 BST 2026","passed","Fri Sep 25 21:38:41 BST 2026","","github.com/n-orlov/deck/internal/tui","github.com/n-orlov/deck/internal/tui",""
"","60","TestReceiveHookAppliesOverAnyStaleSourceExceptStopped/Notification/from_error/via_user","","Fri Sep 25 21:37:06 BST 2026","passed","Fri Sep 25 21:37:06 BST 2026","","github.com/n-orlov/deck/internal/hookrecv","github.com/n-orlov/deck/internal/hookrecv",""
"","710","TestFeatures/the_settings_takeover's_search_footer_paints_deck_background_across_its_whole_row","","Fri Sep 25 21:39:00 BST 2026","passed","Fri Sep 25 21:39:00 BST 2026","","github.com/n-orlov/deck/features","github.com/n-orlov/deck/features",""
"","0","TestCreateModalDuplicateNameMessage","","Fri Sep 25 21:38:41 BST 2026","passed","Fri Sep 25 21:38:41 BST 2026","","github.com/n-orlov/deck/internal/tui","github.com/n-orlov/deck/internal/tui",""
"","1080","TestFeatures/u_undoes_the_most_recent_kill_inside_its_DECK_UNDO_MS_window","","Fri Sep 25 21:39:00 BST 2026","passed","Fri Sep 25 21:39:01 BST 2026","","github.com/n-orlov/deck/features","github.com/n-orlov/deck/features",""
"","1980","TestFeatures/preview_fit_does_not_resize_on_a_mode_switch,_sidebar-width_change_or_outer-terminal_resize_--_only_on_a_settled_selection_change","","Fri Sep 25 21:39:00 BST 2026","passed","Fri Sep 25 21:39:01 BST 2026","","github.com/n-orlov/deck/features","github.com/n-orlov/deck/features",""
"","1150","TestFeatures/a_fake_agent_renders_a_preview_fixture_once_and_then_falls_silent#01","","Fri Sep 25 21:39:00 BST 2026","passed","Fri Sep 25 21:39:01 BST 2026","","github.com/n-orlov/deck/features","github.com/n-orlov/deck/features",""
"","0","TestGGKeysJumpToFirstAndLastVisibleRow","","Fri Sep 25 21:38:41 BST 2026","passed","Fri Sep 25 21:38:41 BST 2026","","github.com/n-orlov/deck/internal/tui","github.com/n-orlov/deck/internal/tui",""
"","1430","TestFeatures/both_the_undo_window_and_the_delete_grace_window_keep_advancing_while_DECK_CLOCK_is_frozen","","Fri Sep 25 21:39:00 BST 2026","passed","Fri Sep 25 21:39:01 BST 2026","","github.com/n-orlov/deck/features","github.com/n-orlov/deck/features",""
"","0","TestSettingsSaveFailureSurfacesNote","","Fri Sep 25 21:38:41 BST 2026","passed","Fri Sep 25 21:38:41 BST 2026","","github.com/n-orlov/deck/internal/tui","github.com/n-orlov/deck/internal/tui",""
"","0","TestSettingsStringCommittingEmptyClearsTheKey","","Fri Sep 25 21:38:41 BST 2026","passed","Fri Sep 25 21:38:41 BST 2026","","github.com/n-orlov/deck/internal/tui","github.com/n-orlov/deck/internal/tui",""
"","50","TestOpenRefusesNewerFixtureWithoutMutation","","Fri Sep 25 21:38:00 BST 2026","passed","Fri Sep 25 21:38:00 BST 2026","","github.com/n-orlov/deck/internal/store","github.com/n-orlov/deck/internal/store",""
"","50","TestSendNamedKeyDeliversModifiedNavigationKeysByTmuxsOwnTranslation/C-End","","Fri Sep 25 21:38:11 BST 2026","passed","Fri Sep 25 21:38:11 BST 2026","","github.com/n-orlov/deck/internal/tmux","github.com/n-orlov/deck/internal/tmux",""
"","0","TestSelectionHighlightRangeReportsNoHighlightOutsideSelectedRows","","Fri Sep 25 21:37:23 BST 2026","passed","Fri Sep 25 21:37:23 BST 2026","","github.com/n-orlov/deck/internal/interactive","github.com/n-orlov/deck/internal/interactive",""
"","0","TestThemePickerUndisclosedKeysNotBound","","Fri Sep 25 21:38:41 BST 2026","passed","Fri Sep 25 21:38:41 BST 2026","","github.com/n-orlov/deck/internal/tui","github.com/n-orlov/deck/internal/tui",""
"","10","TestSettingsScopeParityEnvOverrideExemption/ui.mouse","","Fri Sep 25 21:38:41 BST 2026","passed","Fri Sep 25 21:38:41 BST 2026","","github.com/n-orlov/deck/internal/tui","github.com/n-orlov/deck/internal/tui",""
"","2035","the stopped status token colours the stopped status word","","","passed","","","the seven §7 status tokens colour the sidebar's status word (task 014)","",""
"","888","the mouse cannot cancel the takeover, attach the session it covers, or change the selected session while it is open (requirement 24)","","","passed","","","The `,` settings takeover (requirement 48)","",""
"","954","esc abandons the create modal, creating nothing","","","passed","","","The create modal's §11.7 cwd prefill (requirement 12)","",""
"","60","TestReapSessionRejectsMissingSession","","Fri Sep 25 21:38:00 BST 2026","passed","Fri Sep 25 21:38:00 BST 2026","","github.com/n-orlov/deck/internal/store","github.com/n-orlov/deck/internal/store",""
"","0","TestReview113ArchivedReloadCannotLeaveAbsentHeader","","Fri Sep 25 21:38:41 BST 2026","passed","Fri Sep 25 21:38:41 BST 2026","","github.com/n-orlov/deck/internal/tui","github.com/n-orlov/deck/internal/tui",""
"","10","TestSettingsScopeParityMatchesSaveBehaviour/ui.preview_paint","","Fri Sep 25 21:38:41 BST 2026","passed","Fri Sep 25 21:38:41 BST 2026","","github.com/n-orlov/deck/internal/tui","github.com/n-orlov/deck/internal/tui",""
"","0","TestDeckOwnedCellsCarryExplicitForegroundOnEveryBuiltin/matrix/stacked_layout","","Fri Sep 25 21:38:41 BST 2026","passed","Fri Sep 25 21:38:41 BST 2026","","github.com/n-orlov/deck/internal/tui","github.com/n-orlov/deck/internal/tui",""
"","440","TestSessionContextEnvExportsNamedGroupThroughRealPaneLaunch","","Fri Sep 25 21:37:44 BST 2026","passed","Fri Sep 25 21:37:44 BST 2026","","github.com/n-orlov/deck/internal/service","github.com/n-orlov/deck/internal/service",""
"","2720","TestFeatures/m_marks_a_batch_by_session_id,_x_kills_every_marked_non-stopped_session,_and_one_u_undoes_the_whole_batch","","Fri Sep 25 21:39:00 BST 2026","passed","Fri Sep 25 21:39:02 BST 2026","","github.com/n-orlov/deck/features","github.com/n-orlov/deck/features",""
"","130","TestReconcilePromotesOnlyLiveStartingShell","","Fri Sep 25 21:37:44 BST 2026","passed","Fri Sep 25 21:37:44 BST 2026","","github.com/n-orlov/deck/internal/service","github.com/n-orlov/deck/internal/service",""
"","0","TestSidebarStripeBackgroundFillsFullPanelWidth","","Fri Sep 25 21:38:41 BST 2026","passed","Fri Sep 25 21:38:41 BST 2026","","github.com/n-orlov/deck/internal/tui","github.com/n-orlov/deck/internal/tui",""
"","0","TestInvalidControlsAreRejected/DECK_MOUSE","","Fri Sep 25 21:37:05 BST 2026","passed","Fri Sep 25 21:37:05 BST 2026","","github.com/n-orlov/deck/internal/config","github.com/n-orlov/deck/internal/config",""
"","0","TestSessionGroupIDDefaultsAndDanglingBothResolveToZero","","Fri Sep 25 21:38:41 BST 2026","passed","Fri Sep 25 21:38:41 BST 2026","","github.com/n-orlov/deck/internal/tui","github.com/n-orlov/deck/internal/tui",""
"","0","TestBareQWhileDetailOpenQuitsInsteadOfNoOp/ctrl+c","","Fri Sep 25 21:38:41 BST 2026","passed","Fri Sep 25 21:38:41 BST 2026","","github.com/n-orlov/deck/internal/tui","github.com/n-orlov/deck/internal/tui",""
"","0","TestFooterHandlerAgreementAcrossEveryRowClass/empty_list/R","","Fri Sep 25 21:38:41 BST 2026","passed","Fri Sep 25 21:38:41 BST 2026","","github.com/n-orlov/deck/internal/tui","github.com/n-orlov/deck/internal/tui",""
"","0","TestFooterHandlerAgreementAcrossEveryRowClass/non-empty_mark_set:_selected_row_differs_from_the_marked_row/a","","Fri Sep 25 21:38:41 BST 2026","passed","Fri Sep 25 21:38:41 BST 2026","","github.com/n-orlov/deck/internal/tui","github.com/n-orlov/deck/internal/tui",""
"","1030","TestFeatures/the_""cobalt""_built-in_theme's_background_token_fills_every_deck-owned_cell_of_the_frame,_pad_columns_past_a_short_row's_own_text_included","","Fri Sep 25 21:39:00 BST 2026","passed","Fri Sep 25 21:39:01 BST 2026","","github.com/n-orlov/deck/features","github.com/n-orlov/deck/features",""
"","10","TestSettingsScopeParityMatchesSaveBehaviour/ui.ascii","","Fri Sep 25 21:38:41 BST 2026","passed","Fri Sep 25 21:38:41 BST 2026","","github.com/n-orlov/deck/internal/tui","github.com/n-orlov/deck/internal/tui",""
"","60","TestFreshOnceIsOneShotAndRevertsToAutoNotPinned","","Fri Sep 25 21:38:00 BST 2026","passed","Fri Sep 25 21:38:00 BST 2026","","github.com/n-orlov/deck/internal/store","github.com/n-orlov/deck/internal/store",""
"","30","TestSendNamedKeyDeliversAltModifiedNavigationKeysByTmuxsOwnTranslation/M-F1","","Fri Sep 25 21:38:11 BST 2026","passed","Fri Sep 25 21:38:11 BST 2026","","github.com/n-orlov/deck/internal/tmux","github.com/n-orlov/deck/internal/tmux",""
"","0","TestDriftEndingKeysBringSelectionBackIntoView/key=""pgup""","","Fri Sep 25 21:38:41 BST 2026","passed","Fri Sep 25 21:38:41 BST 2026","","github.com/n-orlov/deck/internal/tui","github.com/n-orlov/deck/internal/tui",""
"","0","TestComputeLayoutCollapsedNeverAutomatic","","Fri Sep 25 21:38:41 BST 2026","passed","Fri Sep 25 21:38:41 BST 2026","","github.com/n-orlov/deck/internal/tui","github.com/n-orlov/deck/internal/tui",""
"","1880","TestFeatures/a_secret-shaped_env_value_never_reaches_the_masked_screen_grid_or_any_file_except_the_state_database","","Fri Sep 25 21:39:00 BST 2026","passed","Fri Sep 25 21:39:01 BST 2026","","github.com/n-orlov/deck/features","github.com/n-orlov/deck/features",""
"","850","TestFeatures/dragging_the_seam_adjusts_sidebar_width_live","","Fri Sep 25 21:39:00 BST 2026","passed","Fri Sep 25 21:39:00 BST 2026","","github.com/n-orlov/deck/features","github.com/n-orlov/deck/features",""
"","0","TestFooterHandlerAgreementAcrossEveryRowClass/attention-pending/dd","","Fri Sep 25 21:38:41 BST 2026","passed","Fri Sep 25 21:38:41 BST 2026","","github.com/n-orlov/deck/internal/tui","github.com/n-orlov/deck/internal/tui",""
"","0","TestDriftPreservingGlobalKeysLeaveTheDriftInPlace/key=""/""","","Fri Sep 25 21:38:41 BST 2026","passed","Fri Sep 25 21:38:41 BST 2026","","github.com/n-orlov/deck/internal/tui","github.com/n-orlov/deck/internal/tui",""
"","0","TestDeckOwnedCellsCarryExplicitForegroundOnEveryBuiltin/parchment/filter_in_force","","Fri Sep 25 21:38:41 BST 2026","passed","Fri Sep 25 21:38:41 BST 2026","","github.com/n-orlov/deck/internal/tui","github.com/n-orlov/deck/internal/tui",""
"","0","TestEveryEntryRefusalKindDrawsItsOwnBannerNotTheFooter/owned-elsewhere","","Fri Sep 25 21:38:41 BST 2026","passed","Fri Sep 25 21:38:41 BST 2026","","github.com/n-orlov/deck/internal/tui","github.com/n-orlov/deck/internal/tui",""
"","0","TestPinDialogPersistsPinnedMode","","Fri Sep 25 21:38:41 BST 2026","passed","Fri Sep 25 21:38:41 BST 2026","","github.com/n-orlov/deck/internal/tui","github.com/n-orlov/deck/internal/tui",""
"","0","TestParseIsizeGeometryRoundTripsSetAndUnsetWindowSize","","Fri Sep 25 21:38:11 BST 2026","passed","Fri Sep 25 21:38:11 BST 2026","","github.com/n-orlov/deck/internal/tmux","github.com/n-orlov/deck/internal/tmux",""
"","0","TestSettingsGroupsCategoryIsSynthetic","","Fri Sep 25 21:38:41 BST 2026","passed","Fri Sep 25 21:38:41 BST 2026","","github.com/n-orlov/deck/internal/tui","github.com/n-orlov/deck/internal/tui",""
"","0","TestHomeFileLeaksFindsAnUnmaskedControlValueAndIgnoresAnAbsentOne","","Fri Sep 25 21:36:35 BST 2026","passed","Fri Sep 25 21:36:35 BST 2026","","github.com/n-orlov/deck/features","github.com/n-orlov/deck/features",""
"","100","TestCreateShellComposesGlobalThenSessionPreLaunchBeforeTheShell","","Fri Sep 25 21:37:44 BST 2026","passed","Fri Sep 25 21:37:44 BST 2026","","github.com/n-orlov/deck/internal/service","github.com/n-orlov/deck/internal/service",""
"","4980","TestScrollbackMemoryDoesNotGrowWithoutBound","","Fri Sep 25 21:37:23 BST 2026","passed","Fri Sep 25 21:37:27 BST 2026","","github.com/n-orlov/deck/internal/interactive","github.com/n-orlov/deck/internal/interactive",""
"","1601","rename dialog -- the mouse can neither cancel nor confirm it, at its border, its body or outside it","","","passed","","","The §11.4 dialog contract, asserted per dialog (requirements 7, 8, 9, 10, 11, 50)","",""
"","40","TestDispatcherSendMultilineDeletesTheBufferWhenPasteBufferFails","","Fri Sep 25 21:38:11 BST 2026","passed","Fri Sep 25 21:38:11 BST 2026","","github.com/n-orlov/deck/internal/tmux","github.com/n-orlov/deck/internal/tmux",""
"","1363","sort_order = created orders by created_at descending, newest first","","","passed","","","`[ui] sort_order` -- attention, created, activity and name orders (requirement R53)","",""
"","0","TestSessionsBulkResumedLeavesTheLatchWhenTheLatchedEntryFailed","","Fri Sep 25 21:38:41 BST 2026","passed","Fri Sep 25 21:38:41 BST 2026","","github.com/n-orlov/deck/internal/tui","github.com/n-orlov/deck/internal/tui",""
"","30","TestClaimStateProbeUnsetOnADeadOwner","","Fri Sep 25 21:38:11 BST 2026","passed","Fri Sep 25 21:38:11 BST 2026","","github.com/n-orlov/deck/internal/tmux","github.com/n-orlov/deck/internal/tmux",""
"","1459","clicking the preview enters interactive mode and records the same attachment enter does, and clicking below the last row leaves","","","passed","","","§11.8 mouse bindings and the [ui] mouse / DECK_MOUSE opt-out (requirements 33-37, 41)","",""
"","0","TestApplyDialogContractCoreKeys/a_key_outside_the_contract_vocabulary_is_unhandled","","Fri Sep 25 21:38:41 BST 2026","passed","Fri Sep 25 21:38:41 BST 2026","","github.com/n-orlov/deck/internal/tui","github.com/n-orlov/deck/internal/tui",""
"","0","TestEnvEditorMasksSecretShapedValueByDefaultAndRevealsOnR","","Fri Sep 25 21:38:41 BST 2026","passed","Fri Sep 25 21:38:41 BST 2026","","github.com/n-orlov/deck/internal/tui","github.com/n-orlov/deck/internal/tui",""
"","0","TestFooterHandlerAgreementAcrossEveryRowClass/empty_list/Y","","Fri Sep 25 21:38:41 BST 2026","passed","Fri Sep 25 21:38:41 BST 2026","","github.com/n-orlov/deck/internal/tui","github.com/n-orlov/deck/internal/tui",""
"","0","TestTranscriptPathForUsesActualServerEnvironmentNotObserverAmbient/session-override-wins-over-actual-server","","Fri Sep 25 21:38:41 BST 2026","passed","Fri Sep 25 21:38:41 BST 2026","","github.com/n-orlov/deck/internal/tui","github.com/n-orlov/deck/internal/tui",""
"","240","TestPreviewTickClientAttachFalloutRecordsNothingDurable","","Fri Sep 25 21:38:41 BST 2026","passed","Fri Sep 25 21:38:41 BST 2026","","github.com/n-orlov/deck/internal/tui","github.com/n-orlov/deck/internal/tui",""
"","0","TestDeckOwnedCellsCarryExplicitForegroundOnEveryBuiltin/parchment/collapsed_sidebar_strip","","Fri Sep 25 21:38:41 BST 2026","passed","Fri Sep 25 21:38:41 BST 2026","","github.com/n-orlov/deck/internal/tui","github.com/n-orlov/deck/internal/tui",""
"","1649","rename dialog -- in-dialog validation rejects a name collision, retaining the typed value and stating the reason","","","passed","","","The §11.4 dialog contract, asserted per dialog (requirements 7, 8, 9, 10, 11, 50)","",""
"","0","TestForeignPaintNoFitKeepsTheAgentsExactColour","","Fri Sep 25 21:38:41 BST 2026","passed","Fri Sep 25 21:38:41 BST 2026","","github.com/n-orlov/deck/internal/tui","github.com/n-orlov/deck/internal/tui",""
"","1150","creating a group in the settings takeover appears in the sidebar once a session joins it (R131 part 1)","","","passed","","","The `,` settings takeover (requirement 48)","",""
"","0","TestCropMarkerAndGeometryLineCarryExplicitForeground/daylight","","Fri Sep 25 21:38:41 BST 2026","passed","Fri Sep 25 21:38:41 BST 2026","","github.com/n-orlov/deck/internal/tui","github.com/n-orlov/deck/internal/tui",""
"","170","TestKilledLaunchsSessionEndBeforeTheLeaseIsNotTheDiscriminator","","Fri Sep 25 21:37:44 BST 2026","passed","Fri Sep 25 21:37:44 BST 2026","","github.com/n-orlov/deck/internal/service","github.com/n-orlov/deck/internal/service",""
"","0","TestCapturedPaneCropMarkerCarriesDeckBackground/Stacked","","Fri Sep 25 21:38:41 BST 2026","passed","Fri Sep 25 21:38:41 BST 2026","","github.com/n-orlov/deck/internal/tui","github.com/n-orlov/deck/internal/tui",""
"","1370","TestFeatures/attach_clears_waiting_and_acknowledges_it_in_one_transition","","Fri Sep 25 21:39:00 BST 2026","passed","Fri Sep 25 21:39:01 BST 2026","","github.com/n-orlov/deck/features","github.com/n-orlov/deck/features",""
"","0","TestApplyDialogContractCoreKeys/up_and_down_move_the_focused_field,_wrapping","","Fri Sep 25 21:38:41 BST 2026","passed","Fri Sep 25 21:38:41 BST 2026","","github.com/n-orlov/deck/internal/tui","github.com/n-orlov/deck/internal/tui",""
"","370","TestWaitForRealCodexHookAllowsDelayedFirstHookAdoption","","Fri Sep 25 21:36:35 BST 2026","passed","Fri Sep 25 21:36:35 BST 2026","","github.com/n-orlov/deck/features","github.com/n-orlov/deck/features",""
"","130","TestUpdateInteractiveResetsTheScrollOffsetForAForwardedKey","","Fri Sep 25 21:38:41 BST 2026","passed","Fri Sep 25 21:38:41 BST 2026","","github.com/n-orlov/deck/internal/tui","github.com/n-orlov/deck/internal/tui",""
"","0","TestPendingDeleteIndicatorStaysWithinFrameBudgetAtEveryLayoutMode/marked-set/auto","","Fri Sep 25 21:38:41 BST 2026","passed","Fri Sep 25 21:38:41 BST 2026","","github.com/n-orlov/deck/internal/tui","github.com/n-orlov/deck/internal/tui",""
"","0","TestDetailViewOmitsTheDroppedHookLabelWhenNoneWasDeclined","","Fri Sep 25 21:38:41 BST 2026","passed","Fri Sep 25 21:38:41 BST 2026","","github.com/n-orlov/deck/internal/tui","github.com/n-orlov/deck/internal/tui",""
"","0","TestPiIdleRuleDoesNotChangeExistingVerdicts","","Fri Sep 25 21:37:05 BST 2026","passed","Fri Sep 25 21:37:05 BST 2026","","github.com/n-orlov/deck/internal/agent","github.com/n-orlov/deck/internal/agent",""
"","100","TestHangModeBlocksOnThePaneUntilACommandOrEOFArrives","","Fri Sep 25 21:36:33 BST 2026","passed","Fri Sep 25 21:36:33 BST 2026","","github.com/n-orlov/deck/cmd/fake-codex","github.com/n-orlov/deck/cmd/fake-codex",""
"","0","TestReview113ExplicitHeaderSurvivesBackgroundArrival","","Fri Sep 25 21:38:41 BST 2026","passed","Fri Sep 25 21:38:41 BST 2026","","github.com/n-orlov/deck/internal/tui","github.com/n-orlov/deck/internal/tui",""
"","30","TestDeckOwnedCellsCarryExplicitForegroundOnEveryBuiltin/matrix","","Fri Sep 25 21:38:41 BST 2026","passed","Fri Sep 25 21:38:41 BST 2026","","github.com/n-orlov/deck/internal/tui","github.com/n-orlov/deck/internal/tui",""
"","2484","passive fit stands down for B while A holds the window interactively","","","passed","","","Forced entry into interactive mode answers a waiting row","",""
"","0","TestAllDialogsRejectMouseAtBorderBodyAndOutside/pin/body","","Fri Sep 25 21:38:41 BST 2026","passed","Fri Sep 25 21:38:41 BST 2026","","github.com/n-orlov/deck/internal/tui","github.com/n-orlov/deck/internal/tui",""
"","1621","A SessionEnd hook wedges an agent row while its pane survives, and Reconcile repairs it with nobody at the keyboard","","","passed","","","A terminal row with a live pane repairs itself through the field route (requirement 76)","",""
"","2994","a refused plain entry names F, and only B's forced steal is durably attached","","","passed","","","Forced entry into interactive mode answers a waiting row","",""
"","0","TestExpandCreateCWDTildeSlash","","Fri Sep 25 21:38:41 BST 2026","passed","Fri Sep 25 21:38:41 BST 2026","","github.com/n-orlov/deck/internal/tui","github.com/n-orlov/deck/internal/tui",""
"","90","TestReceiveSessionEndReasonTaxonomy/logout_is_a_real_end","","Fri Sep 25 21:37:06 BST 2026","passed","Fri Sep 25 21:37:06 BST 2026","","github.com/n-orlov/deck/internal/hookrecv","github.com/n-orlov/deck/internal/hookrecv",""
"","0","TestCropDecorationsCarryDeckBackground/Stacked/empire","","Fri Sep 25 21:38:41 BST 2026","passed","Fri Sep 25 21:38:41 BST 2026","","github.com/n-orlov/deck/internal/tui","github.com/n-orlov/deck/internal/tui",""
"","0","TestSetEntryRefusalNeverLeavesItFooterOnly/row_floor","","Fri Sep 25 21:38:41 BST 2026","passed","Fri Sep 25 21:38:41 BST 2026","","github.com/n-orlov/deck/internal/tui","github.com/n-orlov/deck/internal/tui",""
"","0","TestListFooterKeepsTheStatusReasonOnARow","","Fri Sep 25 21:38:41 BST 2026","passed","Fri Sep 25 21:38:41 BST 2026","","github.com/n-orlov/deck/internal/tui","github.com/n-orlov/deck/internal/tui",""
"","3808","g and G jump to the first and last visible row, skipping a collapsed group's hidden rows","","","passed","","","The attention sort, workspace grouping/collapse, and `space` (requirement 40)","",""
"","1668","entering interactive mode is refused while the preview box has fewer than 7 inner rows","","","passed","","","Interactive mode refuses rather than degrades in three named cases (Part II, requirement 47/48)","",""
"","0","TestDriftEndingKeysBringSelectionBackIntoView/key=""r""","","Fri Sep 25 21:38:41 BST 2026","passed","Fri Sep 25 21:38:41 BST 2026","","github.com/n-orlov/deck/internal/tui","github.com/n-orlov/deck/internal/tui",""
"","0","TestInvalidControlsAreRejected/DECK_ASCII","","Fri Sep 25 21:37:05 BST 2026","passed","Fri Sep 25 21:37:05 BST 2026","","github.com/n-orlov/deck/internal/config","github.com/n-orlov/deck/internal/config",""
"","0","TestFooterHandlerAgreementAcrossEveryRowClass/live/running/Y","","Fri Sep 25 21:38:41 BST 2026","passed","Fri Sep 25 21:38:41 BST 2026","","github.com/n-orlov/deck/internal/tui","github.com/n-orlov/deck/internal/tui",""
"","0","TestComputeLayoutStackedSuppressesPreviewBelowItsFloor","","Fri Sep 25 21:38:41 BST 2026","passed","Fri Sep 25 21:38:41 BST 2026","","github.com/n-orlov/deck/internal/tui","github.com/n-orlov/deck/internal/tui",""
"","100","TestReceiveHookAppliesOverAnyStaleSourceExceptStopped/StopFailure/from_starting/via_probe","","Fri Sep 25 21:37:06 BST 2026","passed","Fri Sep 25 21:37:06 BST 2026","","github.com/n-orlov/deck/internal/hookrecv","github.com/n-orlov/deck/internal/hookrecv",""
"","0","TestPaneStateCommandsMatchEveryCodexProbeVerdict/error","","Fri Sep 25 21:36:33 BST 2026","passed","Fri Sep 25 21:36:33 BST 2026","","github.com/n-orlov/deck/cmd/fake-codex","github.com/n-orlov/deck/cmd/fake-codex",""
"","0","TestNonRefusalNotesStillRenderAsFooterLinesWithBannerUp","","Fri Sep 25 21:38:41 BST 2026","passed","Fri Sep 25 21:38:41 BST 2026","","github.com/n-orlov/deck/internal/tui","github.com/n-orlov/deck/internal/tui",""
"","0","TestPinNoteIsError","","Fri Sep 25 21:38:41 BST 2026","passed","Fri Sep 25 21:38:41 BST 2026","","github.com/n-orlov/deck/internal/tui","github.com/n-orlov/deck/internal/tui",""
"","1530","TestFeatures/a_session_env_entry_for_DECK_SESSION_NAME_loses_to_the_real_name","","Fri Sep 25 21:39:00 BST 2026","passed","Fri Sep 25 21:39:01 BST 2026","","github.com/n-orlov/deck/features","github.com/n-orlov/deck/features",""
"","80","TestReceiveMappingTable/permission_notification","","Fri Sep 25 21:37:06 BST 2026","passed","Fri Sep 25 21:37:06 BST 2026","","github.com/n-orlov/deck/internal/hookrecv","github.com/n-orlov/deck/internal/hookrecv",""
"","0","TestCreateCWDGhostValueCarriesNoSGRBytes","","Fri Sep 25 21:38:41 BST 2026","passed","Fri Sep 25 21:38:41 BST 2026","","github.com/n-orlov/deck/internal/tui","github.com/n-orlov/deck/internal/tui",""
"","0","TestFilterIsIncrementalAsYouType","","Fri Sep 25 21:38:41 BST 2026","passed","Fri Sep 25 21:38:41 BST 2026","","github.com/n-orlov/deck/internal/tui","github.com/n-orlov/deck/internal/tui",""
"","0","TestParseRejectsUnknownToken","","Fri Sep 25 21:38:10 BST 2026","passed","Fri Sep 25 21:38:10 BST 2026","","github.com/n-orlov/deck/internal/theme","github.com/n-orlov/deck/internal/theme",""
"","0","TestCreateModalSlugCollisionMessage","","Fri Sep 25 21:38:41 BST 2026","passed","Fri Sep 25 21:38:41 BST 2026","","github.com/n-orlov/deck/internal/tui","github.com/n-orlov/deck/internal/tui",""
"","760","with no recent_cwds history the cwd field pre-fills with the directory deck started in","","","passed","","","The create modal's §11.7 cwd prefill (requirement 12)","",""
"","0","TestFooterHandlerAgreementAcrossEveryRowClass/non-empty_mark_set:_selected_row_differs_from_the_marked_row/Y","","Fri Sep 25 21:38:41 BST 2026","passed","Fri Sep 25 21:38:41 BST 2026","","github.com/n-orlov/deck/internal/tui","github.com/n-orlov/deck/internal/tui",""
"","0","TestSettingsSearchEscCancelsWithoutMovingSelection","","Fri Sep 25 21:38:41 BST 2026","passed","Fri Sep 25 21:38:41 BST 2026","","github.com/n-orlov/deck/internal/tui","github.com/n-orlov/deck/internal/tui",""
"","40","TestFitWindowToPaneOnASinglePaneWindowHasZeroChrome","","Fri Sep 25 21:38:11 BST 2026","passed","Fri Sep 25 21:38:11 BST 2026","","github.com/n-orlov/deck/internal/tmux","github.com/n-orlov/deck/internal/tmux",""
"","720","TestFeatures/a_restart-to-apply_flat_key_states_so_in_its_own_on-screen_description,_not_only_its_Scope_label_(requirement_19)","","Fri Sep 25 21:39:00 BST 2026","passed","Fri Sep 25 21:39:00 BST 2026","","github.com/n-orlov/deck/features","github.com/n-orlov/deck/features",""
"","60","TestReceiveHookAppliesOverAnyStaleSourceExceptStopped/UserPromptSubmit/from_running/via_tmux","","Fri Sep 25 21:37:06 BST 2026","passed","Fri Sep 25 21:37:06 BST 2026","","github.com/n-orlov/deck/internal/hookrecv","github.com/n-orlov/deck/internal/hookrecv",""
"","0","TestDialogWidthClampedToViewport","","Fri Sep 25 21:38:41 BST 2026","passed","Fri Sep 25 21:38:41 BST 2026","","github.com/n-orlov/deck/internal/tui","github.com/n-orlov/deck/internal/tui",""
"","20","TestWaitForFifoWriterFailsAtGraceWhenNoLongerArmed","","Fri Sep 25 21:38:11 BST 2026","passed","Fri Sep 25 21:38:11 BST 2026","","github.com/n-orlov/deck/internal/tmux","github.com/n-orlov/deck/internal/tmux",""
"","0","TestConfigFileUIRecentCwdLimit","","Fri Sep 25 21:37:05 BST 2026","passed","Fri Sep 25 21:37:05 BST 2026","","github.com/n-orlov/deck/internal/config","github.com/n-orlov/deck/internal/config",""
"","1044","the second d opens a confirm dialog naming what survives, esc cancels leaving the row untombstoned","","","passed","","","Undo toast after x, and the dd delete/tombstone chord","",""
"","0","TestSortSessionsByAttentionDoesNotMutateInput","","Fri Sep 25 21:38:41 BST 2026","passed","Fri Sep 25 21:38:41 BST 2026","","github.com/n-orlov/deck/internal/tui","github.com/n-orlov/deck/internal/tui",""
"","0","TestDeckOwnedCellsCarryExplicitForegroundOnEveryBuiltin/empire/theme_picker_over_the_live_list","","Fri Sep 25 21:38:41 BST 2026","passed","Fri Sep 25 21:38:41 BST 2026","","github.com/n-orlov/deck/internal/tui","github.com/n-orlov/deck/internal/tui",""
"","1200","TestFeatures/the_dd_confirm_dialog_obeys_the_§11.4_contract_--_the_mouse_can_neither_cancel_nor_confirm_it,_at_its_border,_its_body_or_outside_it","","Fri Sep 25 21:39:00 BST 2026","passed","Fri Sep 25 21:39:01 BST 2026","","github.com/n-orlov/deck/features","github.com/n-orlov/deck/features",""
"","2790","TestThemeChangesAttributesButNotFrameGeometry","","Fri Sep 25 21:36:35 BST 2026","passed","Fri Sep 25 21:36:37 BST 2026","","github.com/n-orlov/deck/features","github.com/n-orlov/deck/features",""
"","0","TestGutterBarContrastFloor/matrix","","Fri Sep 25 21:38:10 BST 2026","passed","Fri Sep 25 21:38:10 BST 2026","","github.com/n-orlov/deck/internal/theme","github.com/n-orlov/deck/internal/theme",""
"","60","TestSettingsGroupsEscDuringCreateCancelsOnlyTheEditorNotTheTakeover","","Fri Sep 25 21:38:41 BST 2026","passed","Fri Sep 25 21:38:41 BST 2026","","github.com/n-orlov/deck/internal/tui","github.com/n-orlov/deck/internal/tui",""
"","0","TestNeedsAttentionMatchesWaitingAndErrorOnly","","Fri Sep 25 21:38:41 BST 2026","passed","Fri Sep 25 21:38:41 BST 2026","","github.com/n-orlov/deck/internal/tui","github.com/n-orlov/deck/internal/tui",""
"","0","TestTeardownHookFailureRendersAsANoteForBulkDelete","","Fri Sep 25 21:38:41 BST 2026","passed","Fri Sep 25 21:38:41 BST 2026","","github.com/n-orlov/deck/internal/tui","github.com/n-orlov/deck/internal/tui",""
"","310","TestRepaintModesProduceDistinguishingObservables/keystroke_mode_ignores_SIGWINCH_until_the_next_byte_read_from_stdin","","Fri Sep 25 21:36:32 BST 2026","passed","Fri Sep 25 21:36:32 BST 2026","","github.com/n-orlov/deck/cmd/fake-claude","github.com/n-orlov/deck/cmd/fake-claude",""
"","1240","TestFeatures/a_double_click_on_a_sidebar_row_also_enters_interactive_mode,_and_its_second_press_lands_harmlessly_on_the_now-interactive_preview","","Fri Sep 25 21:39:00 BST 2026","passed","Fri Sep 25 21:39:01 BST 2026","","github.com/n-orlov/deck/features","github.com/n-orlov/deck/features",""
"","0","TestGutterBarContrastFloor/daylight","","Fri Sep 25 21:38:10 BST 2026","passed","Fri Sep 25 21:38:10 BST 2026","","github.com/n-orlov/deck/internal/theme","github.com/n-orlov/deck/internal/theme",""
"","0","TestLiveErrorRowFooterAndHandlersAgree/dd","","Fri Sep 25 21:38:41 BST 2026","passed","Fri Sep 25 21:38:41 BST 2026","","github.com/n-orlov/deck/internal/tui","github.com/n-orlov/deck/internal/tui",""
"","0","TestCapturePaneSeedAtomicRetriesWhileProbesDisagree","","Fri Sep 25 21:38:11 BST 2026","passed","Fri Sep 25 21:38:11 BST 2026","","github.com/n-orlov/deck/internal/tmux","github.com/n-orlov/deck/internal/tmux",""
"","210","TestRaiseLostAttachOnStolenClaimTouchesNothing","","Fri Sep 25 21:38:41 BST 2026","passed","Fri Sep 25 21:38:41 BST 2026","","github.com/n-orlov/deck/internal/tui","github.com/n-orlov/deck/internal/tui",""
"","0","TestCodex_UnknownProfile","","Fri Sep 25 21:37:05 BST 2026","passed","Fri Sep 25 21:37:05 BST 2026","","github.com/n-orlov/deck/internal/agent","github.com/n-orlov/deck/internal/agent",""
"","0","TestBulkDeleteConfirmSubmitLinePinnedWhileTheMarkListScrolls","","Fri Sep 25 21:38:41 BST 2026","passed","Fri Sep 25 21:38:41 BST 2026","","github.com/n-orlov/deck/internal/tui","github.com/n-orlov/deck/internal/tui",""
"","0","TestAllDialogsRejectMouseAtBorderBodyAndOutside/profile/body","","Fri Sep 25 21:38:41 BST 2026","passed","Fri Sep 25 21:38:41 BST 2026","","github.com/n-orlov/deck/internal/tui","github.com/n-orlov/deck/internal/tui",""
"","50","TestArmingPipeBeforeSeedCaptureDeliversInterstitialBytes","","Fri Sep 25 21:37:23 BST 2026","passed","Fri Sep 25 21:37:23 BST 2026","","github.com/n-orlov/deck/internal/interactive","github.com/n-orlov/deck/internal/interactive",""
"","0","TestSidebarStripeAbsentUnderNoColor","","Fri Sep 25 21:38:41 BST 2026","passed","Fri Sep 25 21:38:41 BST 2026","","github.com/n-orlov/deck/internal/tui","github.com/n-orlov/deck/internal/tui",""
"","0","TestThemeFallbackNoticeStaysWithinFrameBudget","","Fri Sep 25 21:38:41 BST 2026","passed","Fri Sep 25 21:38:41 BST 2026","","github.com/n-orlov/deck/internal/tui","github.com/n-orlov/deck/internal/tui",""
"","2103","choosing purge in the delete confirm removes only the agent's declared transcript file","","","passed","","","Undo toast after x, and the dd delete/tombstone chord","",""
"","30","TestSettingsSaveAppliesLiveScopeFieldsWithoutRestart","","Fri Sep 25 21:38:41 BST 2026","passed","Fri Sep 25 21:38:41 BST 2026","","github.com/n-orlov/deck/internal/tui","github.com/n-orlov/deck/internal/tui",""
"","0","TestSetEntryRefusalNeverLeavesItFooterOnly/other","","Fri Sep 25 21:38:41 BST 2026","passed","Fri Sep 25 21:38:41 BST 2026","","github.com/n-orlov/deck/internal/tui","github.com/n-orlov/deck/internal/tui",""
"","0","TestSettingsFieldValueDisplayPerKind/enum_empty_falls_back_to_default_label","","Fri Sep 25 21:38:41 BST 2026","passed","Fri Sep 25 21:38:41 BST 2026","","github.com/n-orlov/deck/internal/tui","github.com/n-orlov/deck/internal/tui",""
"","1150","TestCreateModalKeyboardOnlyReachesEveryFieldAndExplanation","","Fri Sep 25 21:36:35 BST 2026","passed","Fri Sep 25 21:36:36 BST 2026","","github.com/n-orlov/deck/features","github.com/n-orlov/deck/features",""
"","60","TestRestoreWindowGeometryDetachedResizesThenUnsets","","Fri Sep 25 21:38:11 BST 2026","passed","Fri Sep 25 21:38:11 BST 2026","","github.com/n-orlov/deck/internal/tmux","github.com/n-orlov/deck/internal/tmux",""
"","0","TestDeckOwnedCellsCarryExplicitForegroundOnEveryBuiltin/empire/below_deck's_supported_minimum","","Fri Sep 25 21:38:41 BST 2026","passed","Fri Sep 25 21:38:41 BST 2026","","github.com/n-orlov/deck/internal/tui","github.com/n-orlov/deck/internal/tui",""
"","0","TestSettingsTakeoverMouseIgnoredWhileOpen/settingsOpen","","Fri Sep 25 21:38:41 BST 2026","passed","Fri Sep 25 21:38:41 BST 2026","","github.com/n-orlov/deck/internal/tui","github.com/n-orlov/deck/internal/tui",""
"","0","TestPidAliveDistinguishesThisProcessFromAnUnusedPID","","Fri Sep 25 21:38:11 BST 2026","passed","Fri Sep 25 21:38:11 BST 2026","","github.com/n-orlov/deck/internal/tmux","github.com/n-orlov/deck/internal/tmux",""
"","0","TestDeckOwnedCellsCarryExplicitForegroundOnEveryBuiltin/empire/filter_in_force","","Fri Sep 25 21:38:41 BST 2026","passed","Fri Sep 25 21:38:41 BST 2026","","github.com/n-orlov/deck/internal/tui","github.com/n-orlov/deck/internal/tui",""
"","1140","TestInputCountInstrumentCountsRealKeystrokesThroughARealPTY","","Fri Sep 25 21:36:35 BST 2026","passed","Fri Sep 25 21:36:36 BST 2026","","github.com/n-orlov/deck/features","github.com/n-orlov/deck/features",""
"","0","TestExitCommandFiresSessionEndOnlyOnceASessionHasStarted/no_session_yet:_exit_is_silent","","Fri Sep 25 21:36:33 BST 2026","passed","Fri Sep 25 21:36:33 BST 2026","","github.com/n-orlov/deck/cmd/fake-codex","github.com/n-orlov/deck/cmd/fake-codex",""
"","0","TestCreateModalShellIgnoresProfileValidation","","Fri Sep 25 21:38:41 BST 2026","passed","Fri Sep 25 21:38:41 BST 2026","","github.com/n-orlov/deck/internal/tui","github.com/n-orlov/deck/internal/tui",""
"","0","TestFooterHandlerAgreementAcrossEveryRowClass/archived/U","","Fri Sep 25 21:38:41 BST 2026","passed","Fri Sep 25 21:38:41 BST 2026","","github.com/n-orlov/deck/internal/tui","github.com/n-orlov/deck/internal/tui",""
"","0","TestDeckOwnedCellsCarryExplicitForegroundOnEveryBuiltin/matrix/empty_store","","Fri Sep 25 21:38:41 BST 2026","passed","Fri Sep 25 21:38:41 BST 2026","","github.com/n-orlov/deck/internal/tui","github.com/n-orlov/deck/internal/tui",""
"","100","TestSettingsGroupDeleteDBranchKeepsTheGroupWhenAMemberFailsToDelete","","Fri Sep 25 21:38:41 BST 2026","passed","Fri Sep 25 21:38:41 BST 2026","","github.com/n-orlov/deck/internal/tui","github.com/n-orlov/deck/internal/tui",""
"","940","TestClientFrameHasNoColourAnywhereCanFail","","Fri Sep 25 21:36:35 BST 2026","passed","Fri Sep 25 21:36:35 BST 2026","","github.com/n-orlov/deck/features","github.com/n-orlov/deck/features",""
"","2160","TestFeatures/the_wheel_scrolls_the_sidebar's_view_without_changing_selection","","Fri Sep 25 21:39:00 BST 2026","passed","Fri Sep 25 21:39:02 BST 2026","","github.com/n-orlov/deck/features","github.com/n-orlov/deck/features",""
"","0","TestSidebarSelectionBackgroundFillsFullPanelWidth","","Fri Sep 25 21:38:41 BST 2026","passed","Fri Sep 25 21:38:41 BST 2026","","github.com/n-orlov/deck/internal/tui","github.com/n-orlov/deck/internal/tui",""
"","0","TestPreviewBodyLinesNoLivePaneStates/archived_shows_a_one-line_placeholder_naming_archived","","Fri Sep 25 21:38:41 BST 2026","passed","Fri Sep 25 21:38:41 BST 2026","","github.com/n-orlov/deck/internal/tui","github.com/n-orlov/deck/internal/tui",""
"","10","TestSettingsSaveAfterDiscardPromptDismissedStillWorks","","Fri Sep 25 21:38:41 BST 2026","passed","Fri Sep 25 21:38:41 BST 2026","","github.com/n-orlov/deck/internal/tui","github.com/n-orlov/deck/internal/tui",""
"","2808","R kills and relaunches the pane with the resume argv, applying a pending env edit and clearing env_dirty","","","failed","","","The `e` env editor shows the effective value and winning layer per key, and writes an edit (requirements 20 and task 021, SPEC §6.1/§6.3)","",""
"","0","TestRenderRowsMatchesLiveRenderAtZeroOffset","","Fri Sep 25 21:37:23 BST 2026","passed","Fri Sep 25 21:37:23 BST 2026","","github.com/n-orlov/deck/internal/interactive","github.com/n-orlov/deck/internal/interactive",""
"","0","TestNavigationPrimitivesRespectGroupIDKeyedCollapse/pageSelection","","Fri Sep 25 21:38:41 BST 2026","passed","Fri Sep 25 21:38:41 BST 2026","","github.com/n-orlov/deck/internal/tui","github.com/n-orlov/deck/internal/tui",""
"","0","TestCropPreviewBottomLeftWideFixtureKeepsBorderColumn","","Fri Sep 25 21:38:41 BST 2026","passed","Fri Sep 25 21:38:41 BST 2026","","github.com/n-orlov/deck/internal/tui","github.com/n-orlov/deck/internal/tui",""
"","630","TestSchemaV7MigratesV6LegacyColumnRowsToNullGroupID","","Fri Sep 25 21:38:00 BST 2026","passed","Fri Sep 25 21:38:00 BST 2026","","github.com/n-orlov/deck/internal/store","github.com/n-orlov/deck/internal/store",""
"","1023","dd (delete) leaves its adversarially-seeded cwd fingerprint unchanged","","","passed","","","Undo toast after x, and the dd delete/tombstone chord","",""
"","920","discarding an unsaved [env] edit leaves config.toml exactly as it was (requirement 17)","","","passed","","","The `,` settings takeover (requirement 48)","",""
"","0","TestClickInsideOverlayStillDoesNothing/detail_view_(scrollable)","","Fri Sep 25 21:38:41 BST 2026","passed","Fri Sep 25 21:38:41 BST 2026","","github.com/n-orlov/deck/internal/tui","github.com/n-orlov/deck/internal/tui",""
"","40","TestDeckOwnedCellContrastTable/empire","","Fri Sep 25 21:38:41 BST 2026","passed","Fri Sep 25 21:38:41 BST 2026","","github.com/n-orlov/deck/internal/tui","github.com/n-orlov/deck/internal/tui",""
"","0","TestDefaultIsEmbedded","","Fri Sep 25 21:38:10 BST 2026","passed","Fri Sep 25 21:38:10 BST 2026","","github.com/n-orlov/deck/internal/theme","github.com/n-orlov/deck/internal/theme",""
"","0","TestLiveErrorRowFooterAndHandlersAgree/↵","","Fri Sep 25 21:38:41 BST 2026","passed","Fri Sep 25 21:38:41 BST 2026","","github.com/n-orlov/deck/internal/tui","github.com/n-orlov/deck/internal/tui",""
"","40","TestSendNamedKeyDeliversAltModifiedNavigationKeysByTmuxsOwnTranslation/M-F7","","Fri Sep 25 21:38:11 BST 2026","passed","Fri Sep 25 21:38:11 BST 2026","","github.com/n-orlov/deck/internal/tmux","github.com/n-orlov/deck/internal/tmux",""
"","170","TestDialogSelectionCellsRenderOnlyFloorTokens/parchment","","Fri Sep 25 21:38:41 BST 2026","passed","Fri Sep 25 21:38:41 BST 2026","","github.com/n-orlov/deck/internal/tui","github.com/n-orlov/deck/internal/tui",""
"","0","TestTranscriptPathForCodexPrefersSessionEnvOverConfigAndAmbient","","Fri Sep 25 21:38:41 BST 2026","passed","Fri Sep 25 21:38:41 BST 2026","","github.com/n-orlov/deck/internal/tui","github.com/n-orlov/deck/internal/tui",""
"","140","TestInteractiveNotRepaintedNoticeCarriesDeckBackground/Stacked/daylight","","Fri Sep 25 21:38:41 BST 2026","passed","Fri Sep 25 21:38:41 BST 2026","","github.com/n-orlov/deck/internal/tui","github.com/n-orlov/deck/internal/tui",""
"","1231","with only claude installed the Agent field offers shell and claude but not codex or pi","","","passed","","","Nothing installed means the Agent field offers only shell (requirement 114)","",""
"","80","TestReceiveHookAppliesOverAnyStaleSourceExceptStopped/UserPromptSubmit/from_waiting/via_hook","","Fri Sep 25 21:37:06 BST 2026","passed","Fri Sep 25 21:37:06 BST 2026","","github.com/n-orlov/deck/internal/hookrecv","github.com/n-orlov/deck/internal/hookrecv",""
"","0","TestPaneStateCommandsMatchEveryCodexProbeVerdict/waiting","","Fri Sep 25 21:36:33 BST 2026","passed","Fri Sep 25 21:36:33 BST 2026","","github.com/n-orlov/deck/cmd/fake-codex","github.com/n-orlov/deck/cmd/fake-codex",""
"","0","TestDriftEndingKeysBringSelectionBackIntoView/key=""k""","","Fri Sep 25 21:38:41 BST 2026","passed","Fri Sep 25 21:38:41 BST 2026","","github.com/n-orlov/deck/internal/tui","github.com/n-orlov/deck/internal/tui",""
"","1680","TestFeatures/profile_switch_dialog_--_enter_submits_the_cycled_value","","Fri Sep 25 21:39:00 BST 2026","passed","Fri Sep 25 21:39:01 BST 2026","","github.com/n-orlov/deck/features","github.com/n-orlov/deck/features",""
"","0","TestHookStoreWriteAuditsFailedOrphanWrite","","Fri Sep 25 21:37:05 BST 2026","passed","Fri Sep 25 21:37:05 BST 2026","","github.com/n-orlov/deck/internal/audit","github.com/n-orlov/deck/internal/audit",""
"","0","TestThemePickerTKeyOpensListingBuiltinsAndUserThemes","","Fri Sep 25 21:38:41 BST 2026","passed","Fri Sep 25 21:38:41 BST 2026","","github.com/n-orlov/deck/internal/tui","github.com/n-orlov/deck/internal/tui",""
"","1060","TestFeatures/submitting_a_name_that_collides_with_an_existing_slug_names_the_collision_and_keeps_the_modal_open","","Fri Sep 25 21:39:00 BST 2026","passed","Fri Sep 25 21:39:01 BST 2026","","github.com/n-orlov/deck/features","github.com/n-orlov/deck/features",""
"","1650","TestFeatures/undoing_a_bulk_kill_leaves_both_adversarially-seeded_cwd_fingerprints_unchanged","","Fri Sep 25 21:39:00 BST 2026","passed","Fri Sep 25 21:39:01 BST 2026","","github.com/n-orlov/deck/features","github.com/n-orlov/deck/features",""
"","0","TestDetailShowsSourceFrozenClockAgeAndStatusArtifacts","","Fri Sep 25 21:38:41 BST 2026","passed","Fri Sep 25 21:38:41 BST 2026","","github.com/n-orlov/deck/internal/tui","github.com/n-orlov/deck/internal/tui",""
"","0","TestShiftPageScrollRecognisesRealTerminalBytes","","Fri Sep 25 21:38:41 BST 2026","passed","Fri Sep 25 21:38:41 BST 2026","","github.com/n-orlov/deck/internal/tui","github.com/n-orlov/deck/internal/tui",""
"","90","TestDeleteKillsLivePaneAndTombstonesPreservingCWDAndConversation","","Fri Sep 25 21:37:44 BST 2026","passed","Fri Sep 25 21:37:44 BST 2026","","github.com/n-orlov/deck/internal/service","github.com/n-orlov/deck/internal/service",""
"","0","TestCure0105HeaderRenameFollowsNewPosition","","Fri Sep 25 21:38:41 BST 2026","passed","Fri Sep 25 21:38:41 BST 2026","","github.com/n-orlov/deck/internal/tui","github.com/n-orlov/deck/internal/tui",""
"","0","TestPendingDeleteIndicatorStaysWithinFrameBudgetAtEveryLayoutMode/single-row/collapsed","","Fri Sep 25 21:38:41 BST 2026","passed","Fri Sep 25 21:38:41 BST 2026","","github.com/n-orlov/deck/internal/tui","github.com/n-orlov/deck/internal/tui",""
"","140","TestInteractiveBodyLinesHealsTheStoredOffsetToTheClampedUsedOffset","","Fri Sep 25 21:38:41 BST 2026","passed","Fri Sep 25 21:38:41 BST 2026","","github.com/n-orlov/deck/internal/tui","github.com/n-orlov/deck/internal/tui",""
"","320","TestPaneSeedStateReadsEachNonDefaultFieldFromARealPane/alternate_on","","Fri Sep 25 21:38:11 BST 2026","passed","Fri Sep 25 21:38:11 BST 2026","","github.com/n-orlov/deck/internal/tmux","github.com/n-orlov/deck/internal/tmux",""
"","110","TestReceiveHookAppliesOverAnyStaleSourceExceptStopped/StopFailure/from_idle/via_user","","Fri Sep 25 21:37:06 BST 2026","passed","Fri Sep 25 21:37:06 BST 2026","","github.com/n-orlov/deck/internal/hookrecv","github.com/n-orlov/deck/internal/hookrecv",""
"","1404","a running hook cannot undo an explicit user kill","","","passed","","","User kill is terminal against later automation","",""
"","10","TestSettingsScopeParityMatchesSaveBehaviour/[env]","","Fri Sep 25 21:38:41 BST 2026","passed","Fri Sep 25 21:38:41 BST 2026","","github.com/n-orlov/deck/internal/tui","github.com/n-orlov/deck/internal/tui",""
"","0","TestThemedDialogsDegradeCleanlyUnderNoColorAndASCII/archive_confirm","","Fri Sep 25 21:38:41 BST 2026","passed","Fri Sep 25 21:38:41 BST 2026","","github.com/n-orlov/deck/internal/tui","github.com/n-orlov/deck/internal/tui",""
"","1210","creating a session into a named group persists its group_id","","","passed","","","The create modal's §11.7 cwd prefill (requirement 12)","",""
"","1050","TestDispatcherRefusesWhenTargetIdentityBelongsToTheWrongSocket","","Fri Sep 25 21:38:11 BST 2026","passed","Fri Sep 25 21:38:12 BST 2026","","github.com/n-orlov/deck/internal/tmux","github.com/n-orlov/deck/internal/tmux",""
"","0","TestNormalizeFrame/frozen_values_preserved","","Fri Sep 25 21:36:35 BST 2026","passed","Fri Sep 25 21:36:35 BST 2026","","github.com/n-orlov/deck/features","github.com/n-orlov/deck/features",""
"","0","TestClaude_LaunchAndResumeArgv","","Fri Sep 25 21:37:05 BST 2026","passed","Fri Sep 25 21:37:05 BST 2026","","github.com/n-orlov/deck/internal/agent","github.com/n-orlov/deck/internal/agent",""
"","60","TestUIStateAccessorsDegradeToDocumentedDefaults","","Fri Sep 25 21:38:00 BST 2026","passed","Fri Sep 25 21:38:00 BST 2026","","github.com/n-orlov/deck/internal/store","github.com/n-orlov/deck/internal/store",""
"","789","the naive pane-targeting loop never converges on the same layout","","","passed","","","Interactive mode entry geometry (Part II, requirements 7-8)","",""
"","0","TestPreviewPressRefusesOnStoppedAndAttachedElsewhereSessions/stopped","","Fri Sep 25 21:38:41 BST 2026","passed","Fri Sep 25 21:38:41 BST 2026","","github.com/n-orlov/deck/internal/tui","github.com/n-orlov/deck/internal/tui",""
"","0","TestSessionStartNeverFiresAtLaunchOnlyAfterTheFirstPrompt","","Fri Sep 25 21:36:33 BST 2026","passed","Fri Sep 25 21:36:33 BST 2026","","github.com/n-orlov/deck/cmd/fake-codex","github.com/n-orlov/deck/cmd/fake-codex",""
"","50","TestDispatcherSendDeliversToARealPaneAndCountsOneVerification","","Fri Sep 25 21:38:11 BST 2026","passed","Fri Sep 25 21:38:11 BST 2026","","github.com/n-orlov/deck/internal/tmux","github.com/n-orlov/deck/internal/tmux",""
"","990","TestFeatures/a_single_d_shows_a_pending-delete_indicator_and_changes_nothing_in_the_store","","Fri Sep 25 21:39:00 BST 2026","passed","Fri Sep 25 21:39:00 BST 2026","","github.com/n-orlov/deck/features","github.com/n-orlov/deck/features",""
"","852","dragging the seam adjusts sidebar_width live","","","passed","","","§11.8 mouse bindings and the [ui] mouse / DECK_MOUSE opt-out (requirements 33-37, 41)","",""
"","60","TestClearEnvDirtyRejectsMissingSessionOrUnknownID","","Fri Sep 25 21:38:00 BST 2026","passed","Fri Sep 25 21:38:00 BST 2026","","github.com/n-orlov/deck/internal/store","github.com/n-orlov/deck/internal/store",""
"","100","TestReceiveHookAppliesOverAnyStaleSourceExceptStopped/Notification/from_starting/via_tmux","","Fri Sep 25 21:37:06 BST 2026","passed","Fri Sep 25 21:37:06 BST 2026","","github.com/n-orlov/deck/internal/hookrecv","github.com/n-orlov/deck/internal/hookrecv",""
"","0","TestSidebarCursorAccessorsAllReportKind","","Fri Sep 25 21:38:41 BST 2026","passed","Fri Sep 25 21:38:41 BST 2026","","github.com/n-orlov/deck/internal/tui","github.com/n-orlov/deck/internal/tui",""
"","0","TestFooterKeyLegendReflectsEligibility","","Fri Sep 25 21:38:41 BST 2026","passed","Fri Sep 25 21:38:41 BST 2026","","github.com/n-orlov/deck/internal/tui","github.com/n-orlov/deck/internal/tui",""
"","60","TestReceiveHookAppliesOverAnyStaleSourceExceptStopped/UserPromptSubmit/from_idle/via_probe","","Fri Sep 25 21:37:06 BST 2026","passed","Fri Sep 25 21:37:06 BST 2026","","github.com/n-orlov/deck/internal/hookrecv","github.com/n-orlov/deck/internal/hookrecv",""
"","50","TestSendNamedKeyDeliversModifiedNavigationKeysByTmuxsOwnTranslation/S-End","","Fri Sep 25 21:38:11 BST 2026","passed","Fri Sep 25 21:38:11 BST 2026","","github.com/n-orlov/deck/internal/tmux","github.com/n-orlov/deck/internal/tmux",""
"","0","TestBelowMinimumFrameStaysWithinBudget/120x24/resumeNote/short","","Fri Sep 25 21:38:41 BST 2026","passed","Fri Sep 25 21:38:41 BST 2026","","github.com/n-orlov/deck/internal/tui","github.com/n-orlov/deck/internal/tui",""
"","0","TestDetailViewStaysWithinFrameBudgetAt80x24","","Fri Sep 25 21:38:41 BST 2026","passed","Fri Sep 25 21:38:41 BST 2026","","github.com/n-orlov/deck/internal/tui","github.com/n-orlov/deck/internal/tui",""
"","1100","TestRestartedServerReissuesPaneIDAndDispatcherRefuses","","Fri Sep 25 21:38:11 BST 2026","passed","Fri Sep 25 21:38:12 BST 2026","","github.com/n-orlov/deck/internal/tmux","github.com/n-orlov/deck/internal/tmux",""
"","1493","rename dialog -- enter submits a new display name and returns to detail, without ever touching the tmux session","","","passed","","","The §11.4 dialog contract, asserted per dialog (requirements 7, 8, 9, 10, 11, 50)","",""
"","0","TestSendNamedKeyRejectsEveryNameNotOnTheAllowlist","","Fri Sep 25 21:38:11 BST 2026","passed","Fri Sep 25 21:38:11 BST 2026","","github.com/n-orlov/deck/internal/tmux","github.com/n-orlov/deck/internal/tmux",""
"","0","TestThemeFallbackNoticeStaysWithinFrameBudget/120x24","","Fri Sep 25 21:38:41 BST 2026","passed","Fri Sep 25 21:38:41 BST 2026","","github.com/n-orlov/deck/internal/tui","github.com/n-orlov/deck/internal/tui",""
"","0","TestDriftPreservingGlobalKeysLeaveTheDriftInPlace/key=""ctrl+c""","","Fri Sep 25 21:38:41 BST 2026","passed","Fri Sep 25 21:38:41 BST 2026","","github.com/n-orlov/deck/internal/tui","github.com/n-orlov/deck/internal/tui",""
"","0","TestSettingsFooterCarriesDeckBackground/matrix/env-list","","Fri Sep 25 21:38:41 BST 2026","passed","Fri Sep 25 21:38:41 BST 2026","","github.com/n-orlov/deck/internal/tui","github.com/n-orlov/deck/internal/tui",""
"","80","TestReceiveHookAppliesOverAnyStaleSourceExceptStopped/SessionStart/from_running/via_hook","","Fri Sep 25 21:37:06 BST 2026","passed","Fri Sep 25 21:37:06 BST 2026","","github.com/n-orlov/deck/internal/hookrecv","github.com/n-orlov/deck/internal/hookrecv",""
"","0","TestSessionScopedKeysAreInertOnAHeader/r","","Fri Sep 25 21:38:41 BST 2026","passed","Fri Sep 25 21:38:41 BST 2026","","github.com/n-orlov/deck/internal/tui","github.com/n-orlov/deck/internal/tui",""
"","0","TestEnvViewClosingHintReachableViaPgDown","","Fri Sep 25 21:38:41 BST 2026","passed","Fri Sep 25 21:38:41 BST 2026","","github.com/n-orlov/deck/internal/tui","github.com/n-orlov/deck/internal/tui",""
"","0","TestPaneStateCommandsMatchEveryCodexProbeVerdict/starting","","Fri Sep 25 21:36:33 BST 2026","passed","Fri Sep 25 21:36:33 BST 2026","","github.com/n-orlov/deck/cmd/fake-codex","github.com/n-orlov/deck/cmd/fake-codex",""
"","0","TestSelectedTextWithinOneRowTrimsTrailingSpace","","Fri Sep 25 21:37:23 BST 2026","passed","Fri Sep 25 21:37:23 BST 2026","","github.com/n-orlov/deck/internal/interactive","github.com/n-orlov/deck/internal/interactive",""
"","40","TestDispatcherSendLiteralAtExactlyTheChunkBoundaryStillUsesASingleCall","","Fri Sep 25 21:38:11 BST 2026","passed","Fri Sep 25 21:38:11 BST 2026","","github.com/n-orlov/deck/internal/tmux","github.com/n-orlov/deck/internal/tmux",""
"","0","TestThemedDialogsDegradeCleanlyUnderNoColorAndASCII/rename/with_a_failure_note","","Fri Sep 25 21:38:41 BST 2026","passed","Fri Sep 25 21:38:41 BST 2026","","github.com/n-orlov/deck/internal/tui","github.com/n-orlov/deck/internal/tui",""
"","0","TestBelowMinimumFrameStaysWithinBudget/80x24/resumeNote/wraps-at-w","","Fri Sep 25 21:38:41 BST 2026","passed","Fri Sep 25 21:38:41 BST 2026","","github.com/n-orlov/deck/internal/tui","github.com/n-orlov/deck/internal/tui",""
"","60","TestRenameSessionReapsTombstonedNameHolder","","Fri Sep 25 21:38:00 BST 2026","passed","Fri Sep 25 21:38:00 BST 2026","","github.com/n-orlov/deck/internal/store","github.com/n-orlov/deck/internal/store",""
"","0","TestShellInstrumentIsEmpty","","Fri Sep 25 21:37:05 BST 2026","passed","Fri Sep 25 21:37:05 BST 2026","","github.com/n-orlov/deck/internal/agent","github.com/n-orlov/deck/internal/agent",""
"","0","TestArchivePurgeAndRefusalMessagesStayWithinFrameBudgetAtEveryLayoutMode/Cannot_archive:_session_is_already_archived/auto","","Fri Sep 25 21:38:41 BST 2026","passed","Fri Sep 25 21:38:41 BST 2026","","github.com/n-orlov/deck/internal/tui","github.com/n-orlov/deck/internal/tui",""
"","1369","attach clears waiting and acknowledges it in one transition","","","passed","","","Attaching records the selected attention episode","",""
"","450","TestDispatcherSendMultilineDeliversBracketedPasteWithCRLineEndings","","Fri Sep 25 21:38:11 BST 2026","passed","Fri Sep 25 21:38:11 BST 2026","","github.com/n-orlov/deck/internal/tmux","github.com/n-orlov/deck/internal/tmux",""
"","50","TestSendNamedKeyDeliversModifiedNavigationKeysByTmuxsOwnTranslation/C-S-Left","","Fri Sep 25 21:38:11 BST 2026","passed","Fri Sep 25 21:38:11 BST 2026","","github.com/n-orlov/deck/internal/tmux","github.com/n-orlov/deck/internal/tmux",""
"","740","a built-in and a user theme paint genuinely different colours at the same token, proving the pinning step is not a no-op","","","passed","","","Godog harness wiring","",""
"","0","TestThemedDialogsDegradeCleanlyUnderNoColorAndASCII/profile_picker/with_a_failure_note","","Fri Sep 25 21:38:41 BST 2026","passed","Fri Sep 25 21:38:41 BST 2026","","github.com/n-orlov/deck/internal/tui","github.com/n-orlov/deck/internal/tui",""
"","1350","TestFeatures/sort_order_defaults_to_attention_and_orders_by_the_waiting/error/running/idle_tiers","","Fri Sep 25 21:39:00 BST 2026","passed","Fri Sep 25 21:39:01 BST 2026","","github.com/n-orlov/deck/features","github.com/n-orlov/deck/features",""
"","0","TestNamedKeySendNeverHandBuildsAnEscapeSequence","","Fri Sep 25 21:38:11 BST 2026","passed","Fri Sep 25 21:38:11 BST 2026","","github.com/n-orlov/deck/internal/tmux","github.com/n-orlov/deck/internal/tmux",""
"","0","TestGodogRejectsUndefinedAndFailedSteps/failed","","Fri Sep 25 21:36:35 BST 2026","passed","Fri Sep 25 21:36:35 BST 2026","","github.com/n-orlov/deck/features","github.com/n-orlov/deck/features",""
"","0","TestHSLRoundTrip","","Fri Sep 25 21:38:10 BST 2026","passed","Fri Sep 25 21:38:10 BST 2026","","github.com/n-orlov/deck/internal/theme","github.com/n-orlov/deck/internal/theme",""
"","610","TestFeatures/the_settings_takeover's_plain_footer_paints_deck_background_across_its_whole_row","","Fri Sep 25 21:39:00 BST 2026","passed","Fri Sep 25 21:39:00 BST 2026","","github.com/n-orlov/deck/features","github.com/n-orlov/deck/features",""
"","0","TestDeleteUndoNoteStaysWithinFrameBudgetAtEveryLayoutMode/batch-delete-undo/collapsed","","Fri Sep 25 21:38:41 BST 2026","passed","Fri Sep 25 21:38:41 BST 2026","","github.com/n-orlov/deck/internal/tui","github.com/n-orlov/deck/internal/tui",""
"","30","TestEnterInteractiveDrawsBannerForRealContentionHolders/attached_elsewhere","","Fri Sep 25 21:38:41 BST 2026","passed","Fri Sep 25 21:38:41 BST 2026","","github.com/n-orlov/deck/internal/tui","github.com/n-orlov/deck/internal/tui",""
"","0","TestPendingSelectSessionIDSelectsNewRowNotIndexZero","","Fri Sep 25 21:38:41 BST 2026","passed","Fri Sep 25 21:38:41 BST 2026","","github.com/n-orlov/deck/internal/tui","github.com/n-orlov/deck/internal/tui",""
"","100","TestOrdinaryBulkDeleteNeverDropsAGroupRow","","Fri Sep 25 21:38:41 BST 2026","passed","Fri Sep 25 21:38:41 BST 2026","","github.com/n-orlov/deck/internal/tui","github.com/n-orlov/deck/internal/tui",""
"","1260","TestFeatures/the_gutter_bar's_background_token_is_accent_when_selected,_badge_when_marked,_and_accent_again_when_both","","Fri Sep 25 21:39:00 BST 2026","passed","Fri Sep 25 21:39:01 BST 2026","","github.com/n-orlov/deck/features","github.com/n-orlov/deck/features",""
"","110","TestMoveSessionGroupThroughPickerChangesOnlyThatOneRow","","Fri Sep 25 21:38:41 BST 2026","passed","Fri Sep 25 21:38:41 BST 2026","","github.com/n-orlov/deck/internal/tui","github.com/n-orlov/deck/internal/tui",""
"","0","TestAcceptsOnlyDocumentedSandboxValues/accepts_danger-full-access","","Fri Sep 25 21:36:33 BST 2026","passed","Fri Sep 25 21:36:33 BST 2026","","github.com/n-orlov/deck/cmd/fake-codex","github.com/n-orlov/deck/cmd/fake-codex",""
"","0","TestStringWidthIgnoresANSIEscapes","","Fri Sep 25 21:38:41 BST 2026","passed","Fri Sep 25 21:38:41 BST 2026","","github.com/n-orlov/deck/internal/tui","github.com/n-orlov/deck/internal/tui",""
"","170","TestPreviewTickRaisesLostAttachOnStolenClaim","","Fri Sep 25 21:38:41 BST 2026","passed","Fri Sep 25 21:38:41 BST 2026","","github.com/n-orlov/deck/internal/tui","github.com/n-orlov/deck/internal/tui",""
"","10","TestWriteConfigFileAddsMissingUISection","","Fri Sep 25 21:37:05 BST 2026","passed","Fri Sep 25 21:37:05 BST 2026","","github.com/n-orlov/deck/internal/config","github.com/n-orlov/deck/internal/config",""
"","2090","TestFeatures/a_missing_cwd_keeps_the_row_as_a_retained,_explained_error","","Fri Sep 25 21:39:00 BST 2026","passed","Fri Sep 25 21:39:02 BST 2026","","github.com/n-orlov/deck/features","github.com/n-orlov/deck/features",""
"","850","TestFeatures/DECK_COLOR_DEPTH=16_changes_only_colour,_never_which_cells_carry_deck's_borders_and_text,_on_the_same_canvas-painted_frame","","Fri Sep 25 21:39:00 BST 2026","passed","Fri Sep 25 21:39:00 BST 2026","","github.com/n-orlov/deck/features","github.com/n-orlov/deck/features",""
"","80","TestReceiveHookAppliesOverAnyStaleSourceExceptStopped/UserPromptSubmit/from_stopped/via_hook","","Fri Sep 25 21:37:06 BST 2026","passed","Fri Sep 25 21:37:06 BST 2026","","github.com/n-orlov/deck/internal/hookrecv","github.com/n-orlov/deck/internal/hookrecv",""
"","0","TestFooterEntryEligibilityMatchesRealPredicate","","Fri Sep 25 21:38:41 BST 2026","passed","Fri Sep 25 21:38:41 BST 2026","","github.com/n-orlov/deck/internal/tui","github.com/n-orlov/deck/internal/tui",""
"","0","TestFooterHandlerAgreementAcrossEveryRowClass/empty_list/r","","Fri Sep 25 21:38:41 BST 2026","passed","Fri Sep 25 21:38:41 BST 2026","","github.com/n-orlov/deck/internal/tui","github.com/n-orlov/deck/internal/tui",""
"","10","TestSettingsSaveWithExplicitEditOfEnvOverriddenFieldIsWritten","","Fri Sep 25 21:38:41 BST 2026","passed","Fri Sep 25 21:38:41 BST 2026","","github.com/n-orlov/deck/internal/tui","github.com/n-orlov/deck/internal/tui",""
"","784","a coloured pane's SGR escapes never shear the preview's border","","","passed","","","The preview capture engine and its visible behaviour","",""
"","270","TestOpenMigratesV1V2V3FixturesToRecentCwdsWithoutRecreatingSessionRow/fromV3","","Fri Sep 25 21:38:00 BST 2026","passed","Fri Sep 25 21:38:00 BST 2026","","github.com/n-orlov/deck/internal/store","github.com/n-orlov/deck/internal/store",""
"","0","TestViewportFollowsDownAndJ","","Fri Sep 25 21:38:41 BST 2026","passed","Fri Sep 25 21:38:41 BST 2026","","github.com/n-orlov/deck/internal/tui","github.com/n-orlov/deck/internal/tui",""
"","1060","TestFeatures/create,_attach,_kill,_and_retain_the_durable_shell_session","","Fri Sep 25 21:39:00 BST 2026","passed","Fri Sep 25 21:39:01 BST 2026","","github.com/n-orlov/deck/features","github.com/n-orlov/deck/features",""
"","110","TestSupersededLaunchGenerationDropsTheWholeHookClass/Notification/superseded_token","","Fri Sep 25 21:37:06 BST 2026","passed","Fri Sep 25 21:37:06 BST 2026","","github.com/n-orlov/deck/internal/hookrecv","github.com/n-orlov/deck/internal/hookrecv",""
"","860","TestFeatures/saving_an_edit_that_moves_away_from_an_env-overridden_field's_running_value_leaves_the_running_client_unaffected_(requirement_21_correction,_operator_steer_008-envoverride-applylive.md)","","Fri Sep 25 21:39:00 BST 2026","passed","Fri Sep 25 21:39:00 BST 2026","","github.com/n-orlov/deck/features","github.com/n-orlov/deck/features",""
"","0","TestNoLiveCapturePreviewInteriorCarriesDeckBackgroundSideBySide/matrix","","Fri Sep 25 21:38:41 BST 2026","passed","Fri Sep 25 21:38:41 BST 2026","","github.com/n-orlov/deck/internal/tui","github.com/n-orlov/deck/internal/tui",""
"","80","TestAcquireLaunchLeaseFreshSucceeds","","Fri Sep 25 21:38:00 BST 2026","passed","Fri Sep 25 21:38:00 BST 2026","","github.com/n-orlov/deck/internal/store","github.com/n-orlov/deck/internal/store",""
"","60","TestSupersededLaunchGenerationDropsTheWholeHookClass/SessionEnd/row_carries_no_token,_hook_does","","Fri Sep 25 21:37:06 BST 2026","passed","Fri Sep 25 21:37:06 BST 2026","","github.com/n-orlov/deck/internal/hookrecv","github.com/n-orlov/deck/internal/hookrecv",""
"","1120","TestFeatures/x_kills_without_confirmation_and_refuses_to_kill_an_already-stopped_row","","Fri Sep 25 21:39:00 BST 2026","passed","Fri Sep 25 21:39:01 BST 2026","","github.com/n-orlov/deck/features","github.com/n-orlov/deck/features",""
"","0","TestStatusSourceQualityReadsSampledForAnIDlessCodexRowWithNoPerKindBadge","","Fri Sep 25 21:38:41 BST 2026","passed","Fri Sep 25 21:38:41 BST 2026","","github.com/n-orlov/deck/internal/tui","github.com/n-orlov/deck/internal/tui",""
"","0","TestFooterHandlerAgreementAcrossEveryRowClass/live/running/A","","Fri Sep 25 21:38:41 BST 2026","passed","Fri Sep 25 21:38:41 BST 2026","","github.com/n-orlov/deck/internal/tui","github.com/n-orlov/deck/internal/tui",""
"","0","TestCreateStillFailsOnGenuineEnvironmentError","","Fri Sep 25 21:38:11 BST 2026","passed","Fri Sep 25 21:38:11 BST 2026","","github.com/n-orlov/deck/internal/tmux","github.com/n-orlov/deck/internal/tmux",""
"","350","TestOpenMigratesV5FixtureAddsPostDestroyAndLaunchDirtyWithoutTouchingExistingRows","","Fri Sep 25 21:38:00 BST 2026","passed","Fri Sep 25 21:38:00 BST 2026","","github.com/n-orlov/deck/internal/store","github.com/n-orlov/deck/internal/store",""
"","0","TestCapturePreviewStopsWhenPreviewNotShown","","Fri Sep 25 21:38:41 BST 2026","passed","Fri Sep 25 21:38:41 BST 2026","","github.com/n-orlov/deck/internal/tui","github.com/n-orlov/deck/internal/tui",""
"","1704","pin dialog -- esc after altering its field leaves the persisted resume mode untouched","","","passed","","","The §11.4 dialog contract, asserted per dialog (requirements 7, 8, 9, 10, 11, 50)","",""
"","0","TestDriftEndingKeysBringSelectionBackIntoView/key=""d""","","Fri Sep 25 21:38:41 BST 2026","passed","Fri Sep 25 21:38:41 BST 2026","","github.com/n-orlov/deck/internal/tui","github.com/n-orlov/deck/internal/tui",""
"","40","TestSendNamedKeyDeliversModifiedNavigationKeysByTmuxsOwnTranslation/C-S-End","","Fri Sep 25 21:38:11 BST 2026","passed","Fri Sep 25 21:38:11 BST 2026","","github.com/n-orlov/deck/internal/tmux","github.com/n-orlov/deck/internal/tmux",""
"","0","TestSuccessfulArchiveStartsAnUndoWindowSayingWhatHappened","","Fri Sep 25 21:38:41 BST 2026","passed","Fri Sep 25 21:38:41 BST 2026","","github.com/n-orlov/deck/internal/tui","github.com/n-orlov/deck/internal/tui",""
"","780","TestFeatures/`/`_finds_a_field_only_its_description_mentions,_and_enter_jumps_both_lists_onto_it","","Fri Sep 25 21:39:00 BST 2026","passed","Fri Sep 25 21:39:00 BST 2026","","github.com/n-orlov/deck/features","github.com/n-orlov/deck/features",""
"","0","TestNavigationPrimitivesRespectGroupIDKeyedCollapse/nextPrevVisibleSelection","","Fri Sep 25 21:38:41 BST 2026","passed","Fri Sep 25 21:38:41 BST 2026","","github.com/n-orlov/deck/internal/tui","github.com/n-orlov/deck/internal/tui",""
"","0","TestR142WheelDriftSurvivesLiveReSort","","Fri Sep 25 21:38:41 BST 2026","passed","Fri Sep 25 21:38:41 BST 2026","","github.com/n-orlov/deck/internal/tui","github.com/n-orlov/deck/internal/tui",""
"","0","TestKillKeyHandlerConsultsCanKillForTheSingleSelectedRow","","Fri Sep 25 21:38:41 BST 2026","passed","Fri Sep 25 21:38:41 BST 2026","","github.com/n-orlov/deck/internal/tui","github.com/n-orlov/deck/internal/tui",""
"","0","TestPinTokensMatchSpec","","Fri Sep 25 21:38:41 BST 2026","passed","Fri Sep 25 21:38:41 BST 2026","","github.com/n-orlov/deck/internal/tui","github.com/n-orlov/deck/internal/tui",""
"","0","TestSettingsEnvEnterOpensEntriesEditor","","Fri Sep 25 21:38:41 BST 2026","passed","Fri Sep 25 21:38:41 BST 2026","","github.com/n-orlov/deck/internal/tui","github.com/n-orlov/deck/internal/tui",""
"","0","TestAllDialogsRejectMouseAtBorderBodyAndOutside/profile","","Fri Sep 25 21:38:41 BST 2026","passed","Fri Sep 25 21:38:41 BST 2026","","github.com/n-orlov/deck/internal/tui","github.com/n-orlov/deck/internal/tui",""
"","110","TestInteractiveBodyLinesHealingReenablesTheNotRepaintedNotice","","Fri Sep 25 21:38:41 BST 2026","passed","Fri Sep 25 21:38:41 BST 2026","","github.com/n-orlov/deck/internal/tui","github.com/n-orlov/deck/internal/tui",""
"","0","TestThemedDialogsDegradeCleanlyUnderNoColorAndASCII/pin_conversation","","Fri Sep 25 21:38:41 BST 2026","passed","Fri Sep 25 21:38:41 BST 2026","","github.com/n-orlov/deck/internal/tui","github.com/n-orlov/deck/internal/tui",""
"","0","TestCleanExitModeEndsTheProcessWithStatusZero","","Fri Sep 25 21:36:33 BST 2026","passed","Fri Sep 25 21:36:33 BST 2026","","github.com/n-orlov/deck/cmd/fake-codex","github.com/n-orlov/deck/cmd/fake-codex",""
"","0","TestProbeGoldenPaneCorpus/claude/waiting.txt","","Fri Sep 25 21:37:05 BST 2026","passed","Fri Sep 25 21:37:05 BST 2026","","github.com/n-orlov/deck/internal/agent","github.com/n-orlov/deck/internal/agent",""
"","40","TestTerminalQueryInPaneOutputNeverStallsSession/osc11","","Fri Sep 25 21:37:23 BST 2026","passed","Fri Sep 25 21:37:23 BST 2026","","github.com/n-orlov/deck/internal/interactive","github.com/n-orlov/deck/internal/interactive",""
"","60","TestEventLogViewOrdersEventsNewestFirstAndTruncatesALongPayload","","Fri Sep 25 21:38:41 BST 2026","passed","Fri Sep 25 21:38:41 BST 2026","","github.com/n-orlov/deck/internal/tui","github.com/n-orlov/deck/internal/tui",""
"","0","TestResolveFindsUserTheme","","Fri Sep 25 21:38:10 BST 2026","passed","Fri Sep 25 21:38:10 BST 2026","","github.com/n-orlov/deck/internal/theme","github.com/n-orlov/deck/internal/theme",""
"","10","TestNoDialogContrastAllowlistRemains","","Fri Sep 25 21:38:41 BST 2026","passed","Fri Sep 25 21:38:41 BST 2026","","github.com/n-orlov/deck/internal/tui","github.com/n-orlov/deck/internal/tui",""
"","1299","an agent removed from PATH after the create modal opens is refused at submit, in-dialog, with nothing persisted","","","passed","","","Nothing installed means the Agent field offers only shell (requirement 114)","",""
"","0","TestDeckOwnedCellsCarryExplicitForegroundOnEveryBuiltin/parchment/empty_store","","Fri Sep 25 21:38:41 BST 2026","passed","Fri Sep 25 21:38:41 BST 2026","","github.com/n-orlov/deck/internal/tui","github.com/n-orlov/deck/internal/tui",""
"","840","TestCapturePaneSeedAtomicVisibleOnlyRangeNeedsNoAlternateScreenRecapture","","Fri Sep 25 21:38:11 BST 2026","passed","Fri Sep 25 21:38:11 BST 2026","","github.com/n-orlov/deck/internal/tmux","github.com/n-orlov/deck/internal/tmux",""
"","0","TestDeleteConfirmPurgeDeclinesWhenNoTranscriptCanBeLocated","","Fri Sep 25 21:38:41 BST 2026","passed","Fri Sep 25 21:38:41 BST 2026","","github.com/n-orlov/deck/internal/tui","github.com/n-orlov/deck/internal/tui",""
"","320","TestPaneSeedStateReadsEachNonDefaultFieldFromARealPane/insert_flag","","Fri Sep 25 21:38:11 BST 2026","passed","Fri Sep 25 21:38:11 BST 2026","","github.com/n-orlov/deck/internal/tmux","github.com/n-orlov/deck/internal/tmux",""
"","30","TestSendKeysConsumesExactlyOneTrailingSemicolonTwoCase","","Fri Sep 25 21:38:11 BST 2026","passed","Fri Sep 25 21:38:11 BST 2026","","github.com/n-orlov/deck/internal/tmux","github.com/n-orlov/deck/internal/tmux",""
"","0","TestCanvasForegroundTableExcludesTheGutterBarTokens","","Fri Sep 25 21:38:10 BST 2026","passed","Fri Sep 25 21:38:10 BST 2026","","github.com/n-orlov/deck/internal/theme","github.com/n-orlov/deck/internal/theme",""
"","110","TestReceiveHookAppliesOverAnyStaleSourceExceptStopped/SessionStart/from_stopped/via_user","","Fri Sep 25 21:37:06 BST 2026","passed","Fri Sep 25 21:37:06 BST 2026","","github.com/n-orlov/deck/internal/hookrecv","github.com/n-orlov/deck/internal/hookrecv",""
"","0","TestControlsAndClock","","Fri Sep 25 21:37:05 BST 2026","passed","Fri Sep 25 21:37:05 BST 2026","","github.com/n-orlov/deck/internal/config","github.com/n-orlov/deck/internal/config",""
"","160","TestDeckOwnedCellsCarryExplicitForegroundOnEveryBuiltin","","Fri Sep 25 21:38:41 BST 2026","passed","Fri Sep 25 21:38:41 BST 2026","","github.com/n-orlov/deck/internal/tui","github.com/n-orlov/deck/internal/tui",""
"","100","TestReceiveHookAppliesOverAnyStaleSourceExceptStopped/Notification/from_starting/via_hook","","Fri Sep 25 21:37:06 BST 2026","passed","Fri Sep 25 21:37:06 BST 2026","","github.com/n-orlov/deck/internal/hookrecv","github.com/n-orlov/deck/internal/hookrecv",""
"","0","TestAbsoluteRowMatchesRenderRowsOwnWindow","","Fri Sep 25 21:37:23 BST 2026","passed","Fri Sep 25 21:37:23 BST 2026","","github.com/n-orlov/deck/internal/interactive","github.com/n-orlov/deck/internal/interactive",""
"","0","TestBelowMinimumFrameStaysWithinBudget/79x40/attachError/short","","Fri Sep 25 21:38:41 BST 2026","passed","Fri Sep 25 21:38:41 BST 2026","","github.com/n-orlov/deck/internal/tui","github.com/n-orlov/deck/internal/tui",""
"","2045","pi maps only its declared permission profiles to argv","","","passed","","","Permission profile mapping, degradation and the yolo gate","",""
"","0","TestLookPathInErrorsWhenNameAbsentFromPath","","Fri Sep 25 21:37:44 BST 2026","passed","Fri Sep 25 21:37:44 BST 2026","","github.com/n-orlov/deck/internal/service","github.com/n-orlov/deck/internal/service",""
"","0","TestSettingsGroupsCopyStatesEditsApplyImmediately","","Fri Sep 25 21:38:41 BST 2026","passed","Fri Sep 25 21:38:41 BST 2026","","github.com/n-orlov/deck/internal/tui","github.com/n-orlov/deck/internal/tui",""
"","60","TestCreateIntoDefaultGroupForgetsTheRememberedNamedGroup","","Fri Sep 25 21:38:41 BST 2026","passed","Fri Sep 25 21:38:41 BST 2026","","github.com/n-orlov/deck/internal/tui","github.com/n-orlov/deck/internal/tui",""
"","2250","TestFeatures/the_launch_audit_records_environment_key_names_but_never_a_value,_across_create_and_resume","","Fri Sep 25 21:39:00 BST 2026","passed","Fri Sep 25 21:39:02 BST 2026","","github.com/n-orlov/deck/features","github.com/n-orlov/deck/features",""
"","0","TestFooterHandlerAgreementAcrossEveryRowClass/empty_list/x","","Fri Sep 25 21:38:41 BST 2026","passed","Fri Sep 25 21:38:41 BST 2026","","github.com/n-orlov/deck/internal/tui","github.com/n-orlov/deck/internal/tui",""
"","0","TestParseIsizeGeometryToleratesColonsInsideTheSizeField","","Fri Sep 25 21:38:11 BST 2026","passed","Fri Sep 25 21:38:11 BST 2026","","github.com/n-orlov/deck/internal/tmux","github.com/n-orlov/deck/internal/tmux",""
"","40","TestSendNamedKeyDeliversModifiedNavigationKeysByTmuxsOwnTranslation/C-S-Home","","Fri Sep 25 21:38:11 BST 2026","passed","Fri Sep 25 21:38:11 BST 2026","","github.com/n-orlov/deck/internal/tmux","github.com/n-orlov/deck/internal/tmux",""
"","983","the ""daylight"" built-in theme's background token fills every deck-owned cell of the frame, pad columns past a short row's own text included","","","passed","","","every built-in theme paints its own `background` token across the whole canvas, not just the row highlight (requirement 118, task 007)","",""
"","817","the emulator reads foreground, background, bold, dim and reverse from raw SGR bytes","","","passed","","","Godog harness wiring","",""
"","0","TestArchiveConfirmFailedSubmitStaysOpenAndSaysWhy","","Fri Sep 25 21:38:41 BST 2026","passed","Fri Sep 25 21:38:41 BST 2026","","github.com/n-orlov/deck/internal/tui","github.com/n-orlov/deck/internal/tui",""
"","70","TestEventLogViewNeverReReadsTheStoreOnceOpen","","Fri Sep 25 21:38:41 BST 2026","passed","Fri Sep 25 21:38:41 BST 2026","","github.com/n-orlov/deck/internal/tui","github.com/n-orlov/deck/internal/tui",""
"","791","a real deck client's frame fits its own terminal at several sizes #2","","","passed","","","Godog harness wiring","",""
"","0","TestAcceptsOnlyDocumentedSandboxValues","","Fri Sep 25 21:36:33 BST 2026","passed","Fri Sep 25 21:36:33 BST 2026","","github.com/n-orlov/deck/cmd/fake-codex","github.com/n-orlov/deck/cmd/fake-codex",""
"","0","TestSessionContextEnvExportsGroupNotLegacyField","","Fri Sep 25 21:37:44 BST 2026","passed","Fri Sep 25 21:37:44 BST 2026","","github.com/n-orlov/deck/internal/service","github.com/n-orlov/deck/internal/service",""
"","770","TestRepaintModesProduceDistinguishingObservables","","Fri Sep 25 21:36:33 BST 2026","passed","Fri Sep 25 21:36:33 BST 2026","","github.com/n-orlov/deck/cmd/fake-pi","github.com/n-orlov/deck/cmd/fake-pi",""
"","70","TestEventLogOpensOnECapitalAndClosesOnEsc","","Fri Sep 25 21:38:41 BST 2026","passed","Fri Sep 25 21:38:41 BST 2026","","github.com/n-orlov/deck/internal/tui","github.com/n-orlov/deck/internal/tui",""
"","0","TestFooterLineSharesLineWithLongStatusReason/80_columns,_short_reason","","Fri Sep 25 21:38:41 BST 2026","passed","Fri Sep 25 21:38:41 BST 2026","","github.com/n-orlov/deck/internal/tui","github.com/n-orlov/deck/internal/tui",""
"","850","TestFeatures/a_real_deck_client's_coloured_chrome_is_readable_by_naming_a_theme_token,_resolved_through_the_scenario's_pinned_theme","","Fri Sep 25 21:39:00 BST 2026","passed","Fri Sep 25 21:39:00 BST 2026","","github.com/n-orlov/deck/features","github.com/n-orlov/deck/features",""
"","110","TestPassiveFitStandsDownForAnAttachedClientAndReleasesItsPin","","Fri Sep 25 21:38:41 BST 2026","passed","Fri Sep 25 21:38:41 BST 2026","","github.com/n-orlov/deck/internal/tui","github.com/n-orlov/deck/internal/tui",""
"","848","a real deck client's coloured chrome is readable by naming a theme token, resolved through the scenario's pinned theme","","","passed","","","Godog harness wiring","",""
"","1837","a built-in theme colours each of the seven §7 status tokens, read per cell from a real client #4","","","passed","","","theme rendering end-to-end (requirement 49)","",""
"","0","TestFitInteractiveBodyLinesOwnership","","Fri Sep 25 21:38:41 BST 2026","passed","Fri Sep 25 21:38:41 BST 2026","","github.com/n-orlov/deck/internal/tui","github.com/n-orlov/deck/internal/tui",""
"","1429","recent_cwd_limit bounds the cwd field's history and re-using a directory does not duplicate its entry","","","passed","","","The create modal's §11.7 cwd prefill (requirement 12)","",""
"","750","a settings takeover save of ui.theme changes the running client's own render live, read per cell (requirement 19)","","","passed","","","The `,` settings takeover (requirement 48)","",""
"","0","TestDiscoverUserThemesFindsValidTheme","","Fri Sep 25 21:38:10 BST 2026","passed","Fri Sep 25 21:38:10 BST 2026","","github.com/n-orlov/deck/internal/theme","github.com/n-orlov/deck/internal/theme",""
"","340","TestCapturePaneSeedAtomicPreservesATrailingRunOfBlankRows","","Fri Sep 25 21:38:11 BST 2026","passed","Fri Sep 25 21:38:11 BST 2026","","github.com/n-orlov/deck/internal/tmux","github.com/n-orlov/deck/internal/tmux",""
"","60","TestStatusWritersRequireExplicitTimestamps","","Fri Sep 25 21:38:00 BST 2026","passed","Fri Sep 25 21:38:00 BST 2026","","github.com/n-orlov/deck/internal/store","github.com/n-orlov/deck/internal/store",""
"","100","TestLaunchInputsEditorUpDownMoveBetweenFourFieldsTabDoesNot","","Fri Sep 25 21:38:41 BST 2026","passed","Fri Sep 25 21:38:41 BST 2026","","github.com/n-orlov/deck/internal/tui","github.com/n-orlov/deck/internal/tui",""
"","805","a config.toml written before start-up is asserted by its parsed content after the run","","","passed","","","Godog harness wiring","",""
"","50","TestRefusedForceRecordsNoPrepareAttach","","Fri Sep 25 21:38:41 BST 2026","passed","Fri Sep 25 21:38:41 BST 2026","","github.com/n-orlov/deck/internal/tui","github.com/n-orlov/deck/internal/tui",""
"","1140","TestFeatures/An_in-session_resume_pair_leaves_the_row_running_and_moves_conversation_id","","Fri Sep 25 21:39:00 BST 2026","passed","Fri Sep 25 21:39:01 BST 2026","","github.com/n-orlov/deck/features","github.com/n-orlov/deck/features",""
"","0","TestRejectsInvalidUUIDsUnknownFlagsAndModes","","Fri Sep 25 21:36:32 BST 2026","passed","Fri Sep 25 21:36:32 BST 2026","","github.com/n-orlov/deck/cmd/fake-claude","github.com/n-orlov/deck/cmd/fake-claude",""
"","820","TestFeatures/a_scenario_discovers_a_user_theme_it_writes_into_its_own_themes_directory","","Fri Sep 25 21:39:00 BST 2026","passed","Fri Sep 25 21:39:00 BST 2026","","github.com/n-orlov/deck/features","github.com/n-orlov/deck/features",""
"","60","TestReceiveMappingTable/turn_failure","","Fri Sep 25 21:37:06 BST 2026","passed","Fri Sep 25 21:37:06 BST 2026","","github.com/n-orlov/deck/internal/hookrecv","github.com/n-orlov/deck/internal/hookrecv",""
"","0","TestThemedDialogsDegradeCleanlyUnderNoColorAndASCII/restart-or-inject/initial_candidate","","Fri Sep 25 21:38:41 BST 2026","passed","Fri Sep 25 21:38:41 BST 2026","","github.com/n-orlov/deck/internal/tui","github.com/n-orlov/deck/internal/tui",""
"","1345","committing an edit writes session env, marks it env_dirty, mirrors into tmux, and leaves the live pane's own environment untouched","","","passed","","","The `e` env editor shows the effective value and winning layer per key, and writes an edit (requirements 20 and task 021, SPEC §6.1/§6.3)","",""
"","0","TestSettingsEnvAddEntry","","Fri Sep 25 21:38:41 BST 2026","passed","Fri Sep 25 21:38:41 BST 2026","","github.com/n-orlov/deck/internal/tui","github.com/n-orlov/deck/internal/tui",""
"","10","TestSettingsSaveMovingAwayFromEnvOverrideDoesNotChangeRunningValue","","Fri Sep 25 21:38:41 BST 2026","passed","Fri Sep 25 21:38:41 BST 2026","","github.com/n-orlov/deck/internal/tui","github.com/n-orlov/deck/internal/tui",""
"","130","TestPreviewTickRaisesLostAttachOnClientAttach","","Fri Sep 25 21:38:41 BST 2026","passed","Fri Sep 25 21:38:41 BST 2026","","github.com/n-orlov/deck/internal/tui","github.com/n-orlov/deck/internal/tui",""
"","900","TestFeatures/create_dialog_--_width_is_80%_of_the_viewport_clamped_to_[26,80],_at_both_clamp_ends","","Fri Sep 25 21:39:00 BST 2026","passed","Fri Sep 25 21:39:00 BST 2026","","github.com/n-orlov/deck/features","github.com/n-orlov/deck/features",""
"","11710","TestReceiveHookAppliesOverAnyStaleSourceExceptStopped","","Fri Sep 25 21:37:06 BST 2026","passed","Fri Sep 25 21:37:17 BST 2026","","github.com/n-orlov/deck/internal/hookrecv","github.com/n-orlov/deck/internal/hookrecv",""
"","90","TestReceiveHookAppliesOverAnyStaleSourceExceptStopped/UserPromptSubmit/from_error/via_hook","","Fri Sep 25 21:37:06 BST 2026","passed","Fri Sep 25 21:37:06 BST 2026","","github.com/n-orlov/deck/internal/hookrecv","github.com/n-orlov/deck/internal/hookrecv",""
"","60","TestReceiveHookAppliesOverAnyStaleSourceExceptStopped/Notification/from_error/via_hook","","Fri Sep 25 21:37:06 BST 2026","passed","Fri Sep 25 21:37:06 BST 2026","","github.com/n-orlov/deck/internal/hookrecv","github.com/n-orlov/deck/internal/hookrecv",""
"","0","TestCrashTailPreviewLinesAnchorsToNewestLines","","Fri Sep 25 21:38:41 BST 2026","passed","Fri Sep 25 21:38:41 BST 2026","","github.com/n-orlov/deck/internal/tui","github.com/n-orlov/deck/internal/tui",""
"","130","TestResumeShellSessionCarriesNoLaunchGeneration","","Fri Sep 25 21:37:44 BST 2026","passed","Fri Sep 25 21:37:44 BST 2026","","github.com/n-orlov/deck/internal/service","github.com/n-orlov/deck/internal/service",""
"","100","TestInProgressSelectionHighlightsExactlyTheCellsTheCopyReturns","","Fri Sep 25 21:38:41 BST 2026","passed","Fri Sep 25 21:38:41 BST 2026","","github.com/n-orlov/deck/internal/tui","github.com/n-orlov/deck/internal/tui",""
"","2100","TestFeatures/the_panel_does_not_announce_a_working_target_that_repaints_on_resize","","Fri Sep 25 21:39:00 BST 2026","passed","Fri Sep 25 21:39:02 BST 2026","","github.com/n-orlov/deck/features","github.com/n-orlov/deck/features",""
"","1702","entering the interactive preview clears waiting and acknowledges it like an attach","","","passed","","","Attaching records the selected attention episode","",""
"","1238","a resumeNote message ('starting elsewhere') never pushes the frame past the terminal's own budget","","","passed","","","Godog harness wiring","",""
"","60","TestReceiveHookAppliesOverAnyStaleSourceExceptStopped/SessionStart/from_stopped/via_probe","","Fri Sep 25 21:37:06 BST 2026","passed","Fri Sep 25 21:37:06 BST 2026","","github.com/n-orlov/deck/internal/hookrecv","github.com/n-orlov/deck/internal/hookrecv",""
"","0","TestUnarchiveResultReloadsBothTheDefaultListAndTheArchivedPool","","Fri Sep 25 21:38:41 BST 2026","passed","Fri Sep 25 21:38:41 BST 2026","","github.com/n-orlov/deck/internal/tui","github.com/n-orlov/deck/internal/tui",""
"","692","the chrome-compensated fit converges on a split window","","","passed","","","Interactive mode entry geometry (Part II, requirements 7-8)","",""
"","0","TestSidebarGutterCellsNeverFallBackToCanvasForeground/cobalt","","Fri Sep 25 21:38:41 BST 2026","passed","Fri Sep 25 21:38:41 BST 2026","","github.com/n-orlov/deck/internal/tui","github.com/n-orlov/deck/internal/tui",""
"","60","TestReceiveHookAppliesOverAnyStaleSourceExceptStopped/Notification/from_error/via_tmux","","Fri Sep 25 21:37:06 BST 2026","passed","Fri Sep 25 21:37:06 BST 2026","","github.com/n-orlov/deck/internal/hookrecv","github.com/n-orlov/deck/internal/hookrecv",""
"","0","TestBelowMinimumFrameStaysWithinBudget/60x12/resumeNote/wraps-at-w","","Fri Sep 25 21:38:41 BST 2026","passed","Fri Sep 25 21:38:41 BST 2026","","github.com/n-orlov/deck/internal/tui","github.com/n-orlov/deck/internal/tui",""
"","0","TestBuildPaneCommand","","Fri Sep 25 21:37:44 BST 2026","passed","Fri Sep 25 21:37:44 BST 2026","","github.com/n-orlov/deck/internal/service","github.com/n-orlov/deck/internal/service",""
"","0","TestHeaderPressParityBetweenListAndInteractiveMode","","Fri Sep 25 21:38:41 BST 2026","passed","Fri Sep 25 21:38:41 BST 2026","","github.com/n-orlov/deck/internal/tui","github.com/n-orlov/deck/internal/tui",""
"","70","TestSupersededHookRecordsADistinctDeclinedEventKindAndReason","","Fri Sep 25 21:37:06 BST 2026","passed","Fri Sep 25 21:37:06 BST 2026","","github.com/n-orlov/deck/internal/hookrecv","github.com/n-orlov/deck/internal/hookrecv",""
"","40","TestSessionStartFailureAfterArmingReleasesThePipeOnErrorExit","","Fri Sep 25 21:37:23 BST 2026","passed","Fri Sep 25 21:37:23 BST 2026","","github.com/n-orlov/deck/internal/interactive","github.com/n-orlov/deck/internal/interactive",""
"","1470","TestFeatures/a_global_pre_launch_and_a_session's_own_pre_launch_compose,_global_first,_in_the_same_shell","","Fri Sep 25 21:39:00 BST 2026","passed","Fri Sep 25 21:39:01 BST 2026","","github.com/n-orlov/deck/features","github.com/n-orlov/deck/features",""
"","0","TestFooterHandlerAgreementAcrossEveryRowClass/live/running/x","","Fri Sep 25 21:38:41 BST 2026","passed","Fri Sep 25 21:38:41 BST 2026","","github.com/n-orlov/deck/internal/tui","github.com/n-orlov/deck/internal/tui",""
"","0","TestSessionScopedKeysAreInertOnAHeader/P","","Fri Sep 25 21:38:41 BST 2026","passed","Fri Sep 25 21:38:41 BST 2026","","github.com/n-orlov/deck/internal/tui","github.com/n-orlov/deck/internal/tui",""
"","60","TestReceiveHookAppliesOverAnyStaleSourceExceptStopped/Stop/from_starting/via_user","","Fri Sep 25 21:37:06 BST 2026","passed","Fri Sep 25 21:37:06 BST 2026","","github.com/n-orlov/deck/internal/hookrecv","github.com/n-orlov/deck/internal/hookrecv",""
"","940","TestFeatures/a_secret-shaped_key's_value_in_a_payload_never_reaches_the_event_log's_screen_grid","","Fri Sep 25 21:39:00 BST 2026","passed","Fri Sep 25 21:39:00 BST 2026","","github.com/n-orlov/deck/features","github.com/n-orlov/deck/features",""
"","0","TestCodex_NeverEmitsForbiddenFlags/yolo","","Fri Sep 25 21:37:05 BST 2026","passed","Fri Sep 25 21:37:05 BST 2026","","github.com/n-orlov/deck/internal/agent","github.com/n-orlov/deck/internal/agent",""
"","2100","the panel does not announce a working target that repaints on resize","","","passed","","","Interactive mode announces a target that has not repainted since the resize (Part II, requirement 49)","",""
"","2040","TestFeatures/the_stopped_status_token_colours_the_stopped_status_word","","Fri Sep 25 21:39:00 BST 2026","passed","Fri Sep 25 21:39:02 BST 2026","","github.com/n-orlov/deck/features","github.com/n-orlov/deck/features",""
"","0","TestEnvEditorEditsAKeyThroughSetSessionEnvAndStaysOpen","","Fri Sep 25 21:38:41 BST 2026","passed","Fri Sep 25 21:38:41 BST 2026","","github.com/n-orlov/deck/internal/tui","github.com/n-orlov/deck/internal/tui",""
"","70","TestReceiveHookAppliesOverAnyStaleSourceExceptStopped/SessionStart/from_stopped/via_hook","","Fri Sep 25 21:37:06 BST 2026","passed","Fri Sep 25 21:37:06 BST 2026","","github.com/n-orlov/deck/internal/hookrecv","github.com/n-orlov/deck/internal/hookrecv",""
"","0","TestAcceptsResumeAsPositionalSubcommand","","Fri Sep 25 21:36:33 BST 2026","passed","Fri Sep 25 21:36:33 BST 2026","","github.com/n-orlov/deck/cmd/fake-codex","github.com/n-orlov/deck/cmd/fake-codex",""
"","180","TestDispatcherSendLiteralChunksAnOversizedHexRunAndArrivesIntact","","Fri Sep 25 21:38:11 BST 2026","passed","Fri Sep 25 21:38:11 BST 2026","","github.com/n-orlov/deck/internal/tmux","github.com/n-orlov/deck/internal/tmux",""
"","930","TestFeatures/create_dialog_--_in-dialog_validation_retains_the_typed_value_and_states_the_reason","","Fri Sep 25 21:39:00 BST 2026","passed","Fri Sep 25 21:39:00 BST 2026","","github.com/n-orlov/deck/features","github.com/n-orlov/deck/features",""
"","0","TestGroupHeaderTextElidesNameAtSidebarFloorKeepingChevronAndCount/expanded","","Fri Sep 25 21:38:41 BST 2026","passed","Fri Sep 25 21:38:41 BST 2026","","github.com/n-orlov/deck/internal/tui","github.com/n-orlov/deck/internal/tui",""
"","150","TestCreateAgentConsultsAssignsConversationIDPerAdapter","","Fri Sep 25 21:37:44 BST 2026","passed","Fri Sep 25 21:37:44 BST 2026","","github.com/n-orlov/deck/internal/service","github.com/n-orlov/deck/internal/service",""
"","0","TestSessionScopedKeysAreInertOnAHeader/m","","Fri Sep 25 21:38:41 BST 2026","passed","Fri Sep 25 21:38:41 BST 2026","","github.com/n-orlov/deck/internal/tui","github.com/n-orlov/deck/internal/tui",""
"","2490","TestFeatures/the_window_survives_entry,_a_steal,_the_displaced_client's_dismissal_and_the_winner's_exit_unchanged","","Fri Sep 25 21:39:00 BST 2026","passed","Fri Sep 25 21:39:02 BST 2026","","github.com/n-orlov/deck/features","github.com/n-orlov/deck/features",""
"","0","TestFooterHandlerAgreementAcrossEveryRowClass/archived/Y","","Fri Sep 25 21:38:41 BST 2026","passed","Fri Sep 25 21:38:41 BST 2026","","github.com/n-orlov/deck/internal/tui","github.com/n-orlov/deck/internal/tui",""
"","0","TestAllDialogsRejectMouseAtBorderBodyAndOutside/pin/border","","Fri Sep 25 21:38:41 BST 2026","passed","Fri Sep 25 21:38:41 BST 2026","","github.com/n-orlov/deck/internal/tui","github.com/n-orlov/deck/internal/tui",""
"","0","TestForeignPaintSurvivesATruncatedSequence","","Fri Sep 25 21:38:41 BST 2026","passed","Fri Sep 25 21:38:41 BST 2026","","github.com/n-orlov/deck/internal/tui","github.com/n-orlov/deck/internal/tui",""
"","70","TestPickCreateAgentDegradesToDefaultOnMissingUnregisteredValue","","Fri Sep 25 21:38:41 BST 2026","passed","Fri Sep 25 21:38:41 BST 2026","","github.com/n-orlov/deck/internal/tui","github.com/n-orlov/deck/internal/tui",""
"","850","TestFeatures/a_pinned_side-by-side_mode_falls_back_below_its_floors_and_returns_when_the_terminal_does","","Fri Sep 25 21:39:00 BST 2026","passed","Fri Sep 25 21:39:00 BST 2026","","github.com/n-orlov/deck/features","github.com/n-orlov/deck/features",""
"","0","TestDetailFooterNamesTheHeaderCursorFoldKeys/unicode","","Fri Sep 25 21:38:41 BST 2026","passed","Fri Sep 25 21:38:41 BST 2026","","github.com/n-orlov/deck/internal/tui","github.com/n-orlov/deck/internal/tui",""
"","730","TestFeatures/a_bare_emulator's_overflow_by_height_or_by_width_fails_the_frame-budget_check","","Fri Sep 25 21:39:00 BST 2026","passed","Fri Sep 25 21:39:00 BST 2026","","github.com/n-orlov/deck/features","github.com/n-orlov/deck/features",""
"","820","TestFeatures/a_real_deck_client's_own_coloured_chrome_is_readable_per_cell,_by_name_and_by_matched_text","","Fri Sep 25 21:39:00 BST 2026","passed","Fri Sep 25 21:39:00 BST 2026","","github.com/n-orlov/deck/features","github.com/n-orlov/deck/features",""
"","0","TestCodex_ResumeArgv/yolo","","Fri Sep 25 21:37:05 BST 2026","passed","Fri Sep 25 21:37:05 BST 2026","","github.com/n-orlov/deck/internal/agent","github.com/n-orlov/deck/internal/agent",""
"","30","TestClaimWindowOwnershipAcquiresOnAnUnclaimedWindow","","Fri Sep 25 21:38:11 BST 2026","passed","Fri Sep 25 21:38:11 BST 2026","","github.com/n-orlov/deck/internal/tmux","github.com/n-orlov/deck/internal/tmux",""
"","80","TestCreateGroupAccepts32CharacterName","","Fri Sep 25 21:38:00 BST 2026","passed","Fri Sep 25 21:38:00 BST 2026","","github.com/n-orlov/deck/internal/store","github.com/n-orlov/deck/internal/store",""
"","60","TestReceiveCodexFiveEvents/UserPromptSubmit","","Fri Sep 25 21:37:06 BST 2026","passed","Fri Sep 25 21:37:06 BST 2026","","github.com/n-orlov/deck/internal/hookrecv","github.com/n-orlov/deck/internal/hookrecv",""
"","1520","TestFeatures/an_agent_remembered_from_a_previous_create_falls_back_to_shell,_unlabelled,_once_it_is_no_longer_installed","","Fri Sep 25 21:39:00 BST 2026","passed","Fri Sep 25 21:39:01 BST 2026","","github.com/n-orlov/deck/features","github.com/n-orlov/deck/features",""
"","0","TestArchiveConfirmSubmitArchivesExactlyTheRowItNamed","","Fri Sep 25 21:38:41 BST 2026","passed","Fri Sep 25 21:38:41 BST 2026","","github.com/n-orlov/deck/internal/tui","github.com/n-orlov/deck/internal/tui",""
"","0","TestInteractiveFooterDegradesWithoutOverflowingTheFrame","","Fri Sep 25 21:38:41 BST 2026","passed","Fri Sep 25 21:38:41 BST 2026","","github.com/n-orlov/deck/internal/tui","github.com/n-orlov/deck/internal/tui",""
"","683","the settings takeover's discard-confirm footer paints deck background across its whole row","","","passed","","","The settings takeover's own footer carries deck's background token in every mode (requirement 118, task cure-03-01)","",""
"","100","TestReceiveHookAppliesOverAnyStaleSourceExceptStopped/SessionStart/from_error/via_user","","Fri Sep 25 21:37:06 BST 2026","passed","Fri Sep 25 21:37:06 BST 2026","","github.com/n-orlov/deck/internal/hookrecv","github.com/n-orlov/deck/internal/hookrecv",""
"","40","TestSendNamedKeyDeliversAltModifiedNavigationKeysByTmuxsOwnTranslation/C-M-Up","","Fri Sep 25 21:38:11 BST 2026","passed","Fri Sep 25 21:38:11 BST 2026","","github.com/n-orlov/deck/internal/tmux","github.com/n-orlov/deck/internal/tmux",""
"","0","TestRepeatedCFoldsNoMoreThanOneGroup","","Fri Sep 25 21:38:41 BST 2026","passed","Fri Sep 25 21:38:41 BST 2026","","github.com/n-orlov/deck/internal/tui","github.com/n-orlov/deck/internal/tui",""
"","0","TestFitInteractiveBodyLinesOwnership/blank-grid_notice_case","","Fri Sep 25 21:38:41 BST 2026","passed","Fri Sep 25 21:38:41 BST 2026","","github.com/n-orlov/deck/internal/tui","github.com/n-orlov/deck/internal/tui",""
"","1588","SIGKILL mid-interactive leaks pipe-pane and a temp dir; the next start reclaims both","","","passed","","","The next start reclaims a leaked interactive pipe (Part II, R89, task 030)","",""
"","0","TestPiTranscriptPathNoMatchingFileDegrades","","Fri Sep 25 21:37:05 BST 2026","passed","Fri Sep 25 21:37:05 BST 2026","","github.com/n-orlov/deck/internal/agent","github.com/n-orlov/deck/internal/agent",""
"","60","TestReceiveHookAppliesOverAnyStaleSourceExceptStopped/Notification/from_error/via_probe","","Fri Sep 25 21:37:06 BST 2026","passed","Fri Sep 25 21:37:06 BST 2026","","github.com/n-orlov/deck/internal/hookrecv","github.com/n-orlov/deck/internal/hookrecv",""
"","90","TestEmptyGroupsRenderFromDBWithUnrelatedPopulatedGroup","","Fri Sep 25 21:38:41 BST 2026","passed","Fri Sep 25 21:38:41 BST 2026","","github.com/n-orlov/deck/internal/tui","github.com/n-orlov/deck/internal/tui",""
"","60","TestLaunchInputsEditorInvalidLaunchArgsReportsInDialogAndRetainsTyped","","Fri Sep 25 21:38:41 BST 2026","passed","Fri Sep 25 21:38:41 BST 2026","","github.com/n-orlov/deck/internal/tui","github.com/n-orlov/deck/internal/tui",""
"","0","TestFooterHandlerAgreementAcrossEveryRowClass/empty_list/A","","Fri Sep 25 21:38:41 BST 2026","passed","Fri Sep 25 21:38:41 BST 2026","","github.com/n-orlov/deck/internal/tui","github.com/n-orlov/deck/internal/tui",""
"","0","TestExpandCreateCWDBareTilde","","Fri Sep 25 21:38:41 BST 2026","passed","Fri Sep 25 21:38:41 BST 2026","","github.com/n-orlov/deck/internal/tui","github.com/n-orlov/deck/internal/tui",""
"","0","TestPiIdleRuleStaysLastAmongPiRules","","Fri Sep 25 21:37:05 BST 2026","passed","Fri Sep 25 21:37:05 BST 2026","","github.com/n-orlov/deck/internal/agent","github.com/n-orlov/deck/internal/agent",""
"","0","TestHeaderCursorCueUnderNoColorIsReverseVideo","","Fri Sep 25 21:38:41 BST 2026","passed","Fri Sep 25 21:38:41 BST 2026","","github.com/n-orlov/deck/internal/tui","github.com/n-orlov/deck/internal/tui",""
"","0","TestInvalidControlsAreRejected/DECK_CLOCK","","Fri Sep 25 21:37:05 BST 2026","passed","Fri Sep 25 21:37:05 BST 2026","","github.com/n-orlov/deck/internal/config","github.com/n-orlov/deck/internal/config",""
"","1840","TestFeatures/the_starting_status_token_colours_the_starting_status_word","","Fri Sep 25 21:39:00 BST 2026","passed","Fri Sep 25 21:39:01 BST 2026","","github.com/n-orlov/deck/features","github.com/n-orlov/deck/features",""
"","0","TestSettingsStringTypingAndEnterStagesTheValue","","Fri Sep 25 21:38:41 BST 2026","passed","Fri Sep 25 21:38:41 BST 2026","","github.com/n-orlov/deck/internal/tui","github.com/n-orlov/deck/internal/tui",""
"","0","TestAllDialogsRejectMouseAtBorderBodyAndOutside/help/outside","","Fri Sep 25 21:38:41 BST 2026","passed","Fri Sep 25 21:38:41 BST 2026","","github.com/n-orlov/deck/internal/tui","github.com/n-orlov/deck/internal/tui",""
"","60","TestReceiveKeepsATombstonedRowsHookAnOrphan","","Fri Sep 25 21:37:06 BST 2026","passed","Fri Sep 25 21:37:06 BST 2026","","github.com/n-orlov/deck/internal/hookrecv","github.com/n-orlov/deck/internal/hookrecv",""
"","1168","a live client reconciles an externally killed private server","","","passed","","","Multi-client session refresh","",""
"","50","TestSendNamedKeyDeliversModifiedNavigationKeysByTmuxsOwnTranslation/S-Up","","Fri Sep 25 21:38:11 BST 2026","passed","Fri Sep 25 21:38:11 BST 2026","","github.com/n-orlov/deck/internal/tmux","github.com/n-orlov/deck/internal/tmux",""
"","0","TestAcceptedPiFlagsProduceDeterministicTerminalRecord","","Fri Sep 25 21:36:33 BST 2026","passed","Fri Sep 25 21:36:33 BST 2026","","github.com/n-orlov/deck/cmd/fake-pi","github.com/n-orlov/deck/cmd/fake-pi",""
"","0","TestFooterHandlerAgreementAcrossEveryRowClass/empty_list/a","","Fri Sep 25 21:38:41 BST 2026","passed","Fri Sep 25 21:38:41 BST 2026","","github.com/n-orlov/deck/internal/tui","github.com/n-orlov/deck/internal/tui",""
"","900","TestFeatures/submitting_a_working_directory_that_exists_but_is_a_file_names_it_and_keeps_the_modal_open","","Fri Sep 25 21:39:00 BST 2026","passed","Fri Sep 25 21:39:00 BST 2026","","github.com/n-orlov/deck/features","github.com/n-orlov/deck/features",""
"","0","TestViewportFollowsPgDown","","Fri Sep 25 21:38:41 BST 2026","passed","Fri Sep 25 21:38:41 BST 2026","","github.com/n-orlov/deck/internal/tui","github.com/n-orlov/deck/internal/tui",""
"","1750","TestFeatures/R_offers_inject-instead_for_a_shell_session,_exporting_the_pending_edit_into_the_same_live_pane","","Fri Sep 25 21:39:00 BST 2026","passed","Fri Sep 25 21:39:01 BST 2026","","github.com/n-orlov/deck/features","github.com/n-orlov/deck/features",""
"","0","TestPaneResumeCommandAcceptsAnExplicitNewConversationID","","Fri Sep 25 21:36:32 BST 2026","passed","Fri Sep 25 21:36:32 BST 2026","","github.com/n-orlov/deck/cmd/fake-claude","github.com/n-orlov/deck/cmd/fake-claude",""
"","100","TestCreateAgentFailingGlobalPreLaunchLeavesRowInErrorWithPaneRetained","","Fri Sep 25 21:37:44 BST 2026","passed","Fri Sep 25 21:37:44 BST 2026","","github.com/n-orlov/deck/internal/service","github.com/n-orlov/deck/internal/service",""
"","0","TestAcceptsOnlyDocumentedApprovalValues/accepts_on-request","","Fri Sep 25 21:36:33 BST 2026","passed","Fri Sep 25 21:36:33 BST 2026","","github.com/n-orlov/deck/cmd/fake-codex","github.com/n-orlov/deck/cmd/fake-codex",""
"","0","TestForeignBoundaryResetClosesCapturedSGRUnderNoColor/stacked","","Fri Sep 25 21:38:41 BST 2026","passed","Fri Sep 25 21:38:41 BST 2026","","github.com/n-orlov/deck/internal/tui","github.com/n-orlov/deck/internal/tui",""
"","0","TestConfigFileCaptureMinIntervalSecondsAndDuration/seconds","","Fri Sep 25 21:37:05 BST 2026","passed","Fri Sep 25 21:37:05 BST 2026","","github.com/n-orlov/deck/internal/config","github.com/n-orlov/deck/internal/config",""
"","0","TestClickAndWheelOverPreviewAreNoops","","Fri Sep 25 21:38:41 BST 2026","passed","Fri Sep 25 21:38:41 BST 2026","","github.com/n-orlov/deck/internal/tui","github.com/n-orlov/deck/internal/tui",""
"","10","TestSidebarGutterPlainRowPaintsNoBar","","Fri Sep 25 21:38:41 BST 2026","passed","Fri Sep 25 21:38:41 BST 2026","","github.com/n-orlov/deck/internal/tui","github.com/n-orlov/deck/internal/tui",""
"","1107","undoing a delete leaves its adversarially-seeded cwd fingerprint unchanged","","","passed","","","Undo toast after x, and the dd delete/tombstone chord","",""
"","80","TestSettingsGroupsListLongerThanViewportKeepsSelectionAndEditorVisible/80x24","","Fri Sep 25 21:38:41 BST 2026","passed","Fri Sep 25 21:38:41 BST 2026","","github.com/n-orlov/deck/internal/tui","github.com/n-orlov/deck/internal/tui",""
"","70","TestSupersededLaunchGenerationDropsTheWholeHookClass/SessionStart/row_carries_no_token","","Fri Sep 25 21:37:06 BST 2026","passed","Fri Sep 25 21:37:06 BST 2026","","github.com/n-orlov/deck/internal/hookrecv","github.com/n-orlov/deck/internal/hookrecv",""
"","0","TestEnterKeyRoutesToEnterInteractiveNotAttachSelected","","Fri Sep 25 21:38:41 BST 2026","passed","Fri Sep 25 21:38:41 BST 2026","","github.com/n-orlov/deck/internal/tui","github.com/n-orlov/deck/internal/tui",""
"","0","TestShellResumeArgvIsTheEmptyExecutableAndArgs","","Fri Sep 25 21:37:05 BST 2026","passed","Fri Sep 25 21:37:05 BST 2026","","github.com/n-orlov/deck/internal/agent","github.com/n-orlov/deck/internal/agent",""
"","0","TestSettingsFooterCarriesDeckBackground/daylight/normal","","Fri Sep 25 21:38:41 BST 2026","passed","Fri Sep 25 21:38:41 BST 2026","","github.com/n-orlov/deck/internal/tui","github.com/n-orlov/deck/internal/tui",""
"","840","TestFeatures/~otheruser_is_rejected_with_a_stated_reason_rather_than_half-expanded","","Fri Sep 25 21:39:00 BST 2026","passed","Fri Sep 25 21:39:00 BST 2026","","github.com/n-orlov/deck/features","github.com/n-orlov/deck/features",""
"","340","TestArmingPipeAfterSeedCaptureLosesInterstitialBytes","","Fri Sep 25 21:37:23 BST 2026","passed","Fri Sep 25 21:37:23 BST 2026","","github.com/n-orlov/deck/internal/interactive","github.com/n-orlov/deck/internal/interactive",""
"","0","TestAvailPiUnavailableWhenModeNonExecutable","","Fri Sep 25 21:37:44 BST 2026","passed","Fri Sep 25 21:37:44 BST 2026","","github.com/n-orlov/deck/internal/service","github.com/n-orlov/deck/internal/service",""
"","0","TestFilterStatesItIsInForceOnScreen","","Fri Sep 25 21:38:41 BST 2026","passed","Fri Sep 25 21:38:41 BST 2026","","github.com/n-orlov/deck/internal/tui","github.com/n-orlov/deck/internal/tui",""
"","90","TestReapRemovesTombstonedRowPermanently","","Fri Sep 25 21:37:44 BST 2026","passed","Fri Sep 25 21:37:44 BST 2026","","github.com/n-orlov/deck/internal/service","github.com/n-orlov/deck/internal/service",""
"","0","TestBelowMinimumFrameStaysWithinBudget/70x24/resumeNote/short","","Fri Sep 25 21:38:41 BST 2026","passed","Fri Sep 25 21:38:41 BST 2026","","github.com/n-orlov/deck/internal/tui","github.com/n-orlov/deck/internal/tui",""
"","0","TestUpdateInteractiveWithoutADispatcherIsANoOp","","Fri Sep 25 21:38:41 BST 2026","passed","Fri Sep 25 21:38:41 BST 2026","","github.com/n-orlov/deck/internal/tui","github.com/n-orlov/deck/internal/tui",""
"","0","TestGutterBarContrastFloor/empire","","Fri Sep 25 21:38:10 BST 2026","passed","Fri Sep 25 21:38:10 BST 2026","","github.com/n-orlov/deck/internal/theme","github.com/n-orlov/deck/internal/theme",""
"","130","TestInteractiveNotRepaintedNoticeCarriesDeckBackground/SideBySide/daylight","","Fri Sep 25 21:38:41 BST 2026","passed","Fri Sep 25 21:38:41 BST 2026","","github.com/n-orlov/deck/internal/tui","github.com/n-orlov/deck/internal/tui",""
"","0","TestEnvOverridesRecordsWhichKeysEnvActuallyOverrode","","Fri Sep 25 21:37:05 BST 2026","passed","Fri Sep 25 21:37:05 BST 2026","","github.com/n-orlov/deck/internal/config","github.com/n-orlov/deck/internal/config",""
"","0","TestHeaderCursorCueUnderColourIsSelectionBackground","","Fri Sep 25 21:38:41 BST 2026","passed","Fri Sep 25 21:38:41 BST 2026","","github.com/n-orlov/deck/internal/tui","github.com/n-orlov/deck/internal/tui",""
"","0","TestStackedSidebarSelectionBackgroundFillsFullPanelWidth","","Fri Sep 25 21:38:41 BST 2026","passed","Fri Sep 25 21:38:41 BST 2026","","github.com/n-orlov/deck/internal/tui","github.com/n-orlov/deck/internal/tui",""
"","4550","TestPaneSeedStateReadsEachNonDefaultFieldFromARealPane","","Fri Sep 25 21:38:11 BST 2026","passed","Fri Sep 25 21:38:15 BST 2026","","github.com/n-orlov/deck/internal/tmux","github.com/n-orlov/deck/internal/tmux",""
"","1064","create, attach, kill, and retain the durable shell session","","","passed","","","Phase 0 walking skeleton","",""
"","1020","TestDialogSelectionCellsRenderOnlyFloorTokens","","Fri Sep 25 21:38:41 BST 2026","passed","Fri Sep 25 21:38:42 BST 2026","","github.com/n-orlov/deck/internal/tui","github.com/n-orlov/deck/internal/tui",""
"","20","TestDurationAdvancesWithFrozenWallClock","","Fri Sep 25 21:37:05 BST 2026","passed","Fri Sep 25 21:37:05 BST 2026","","github.com/n-orlov/deck/internal/audit","github.com/n-orlov/deck/internal/audit",""
"","0","TestDetailViewShowsProfileAndDegradation","","Fri Sep 25 21:38:41 BST 2026","passed","Fri Sep 25 21:38:41 BST 2026","","github.com/n-orlov/deck/internal/tui","github.com/n-orlov/deck/internal/tui",""
"","0","TestNoBackslashSemicolonEscapeIsUsedForTrailingSemicolons","","Fri Sep 25 21:38:11 BST 2026","passed","Fri Sep 25 21:38:11 BST 2026","","github.com/n-orlov/deck/internal/tmux","github.com/n-orlov/deck/internal/tmux",""
"","1077","u undoes the most recent kill inside its DECK_UNDO_MS window","","","passed","","","Undo toast after x, and the dd delete/tombstone chord","",""
"","1178","scrolling over the PASSIVE preview panel does nothing","","","passed","","","§11.8 mouse bindings and the [ui] mouse / DECK_MOUSE opt-out (requirements 33-37, 41)","",""
"","0","TestHighlightRangeSGRReassertsBackgroundAcrossContentSGRs","","Fri Sep 25 21:38:41 BST 2026","passed","Fri Sep 25 21:38:41 BST 2026","","github.com/n-orlov/deck/internal/tui","github.com/n-orlov/deck/internal/tui",""
"","1970","TestFeatures/a_full_attach_after_a_settled_passive_fit_fills_the_terminal,_and_the_preview_re-fits_on_the_way_back","","Fri Sep 25 21:39:00 BST 2026","passed","Fri Sep 25 21:39:01 BST 2026","","github.com/n-orlov/deck/features","github.com/n-orlov/deck/features",""
"","0","TestSortComparatorsBreakTiesByIDWhenNoPreviousFrame/created","","Fri Sep 25 21:38:41 BST 2026","passed","Fri Sep 25 21:38:41 BST 2026","","github.com/n-orlov/deck/internal/tui","github.com/n-orlov/deck/internal/tui",""
"","660","TestFeatures/the_frame's_geometry_is_identical_across_every_built-in_theme_--_only_colour_differs","","Fri Sep 25 21:39:00 BST 2026","passed","Fri Sep 25 21:39:00 BST 2026","","github.com/n-orlov/deck/features","github.com/n-orlov/deck/features",""
"","788","DECK_COLOR_DEPTH=16 renders the quantised reference-palette colour from a real pty","","","passed","","","Godog harness wiring","",""
"","100","TestLaunchInputsEditorSubmitWritesExactlyWhatWasTypedThroughTheStoreMutator","","Fri Sep 25 21:38:41 BST 2026","passed","Fri Sep 25 21:38:41 BST 2026","","github.com/n-orlov/deck/internal/tui","github.com/n-orlov/deck/internal/tui",""
"","0","TestRejectsUnknownFlags/unknown_long_flag","","Fri Sep 25 21:36:33 BST 2026","passed","Fri Sep 25 21:36:33 BST 2026","","github.com/n-orlov/deck/cmd/fake-pi","github.com/n-orlov/deck/cmd/fake-pi",""
"","0","TestProbeGoldenPaneCorpus/codex/starting.txt","","Fri Sep 25 21:37:05 BST 2026","passed","Fri Sep 25 21:37:05 BST 2026","","github.com/n-orlov/deck/internal/agent","github.com/n-orlov/deck/internal/agent",""
"","0","TestGodogRejectsUndefinedAndFailedSteps","","Fri Sep 25 21:36:35 BST 2026","passed","Fri Sep 25 21:36:35 BST 2026","","github.com/n-orlov/deck/features","github.com/n-orlov/deck/features",""
"","1427","a session-scoped key does nothing while the cursor is on a header","","","passed","","","SPEC §11's group navigation and order (Phase 4c Tier 1+2 -- GH #31, #32, #33, #34)","",""
"","110","TestEntryRefusalClearsOnSuccessfulEnter","","Fri Sep 25 21:38:41 BST 2026","passed","Fri Sep 25 21:38:41 BST 2026","","github.com/n-orlov/deck/internal/tui","github.com/n-orlov/deck/internal/tui",""
"","0","TestCoalescedKeyMsgSinglePressUnaffected","","Fri Sep 25 21:38:41 BST 2026","passed","Fri Sep 25 21:38:41 BST 2026","","github.com/n-orlov/deck/internal/tui","github.com/n-orlov/deck/internal/tui",""
"","0","TestFooterHandlerAgreementAcrossEveryRowClass/non-empty_mark_set:_selected_row_differs_from_the_marked_row/dd","","Fri Sep 25 21:38:41 BST 2026","passed","Fri Sep 25 21:38:41 BST 2026","","github.com/n-orlov/deck/internal/tui","github.com/n-orlov/deck/internal/tui",""
"","720","TestFeatures/a_private_tmux_server_can_be_removed","","Fri Sep 25 21:39:00 BST 2026","passed","Fri Sep 25 21:39:00 BST 2026","","github.com/n-orlov/deck/features","github.com/n-orlov/deck/features",""
"","180","TestResumeLaunchesAdapterResumeArgvUnderLease","","Fri Sep 25 21:37:44 BST 2026","passed","Fri Sep 25 21:37:44 BST 2026","","github.com/n-orlov/deck/internal/service","github.com/n-orlov/deck/internal/service",""
"","910","TestFeatures/confirming_the_archive_dialog_lands_both_the_kill_and_the_archived_flag","","Fri Sep 25 21:39:00 BST 2026","passed","Fri Sep 25 21:39:00 BST 2026","","github.com/n-orlov/deck/features","github.com/n-orlov/deck/features",""
"","50","TestBootstrapConfiguresOnlyPrivateServer","","Fri Sep 25 21:38:11 BST 2026","passed","Fri Sep 25 21:38:11 BST 2026","","github.com/n-orlov/deck/internal/tmux","github.com/n-orlov/deck/internal/tmux",""
"","40","TestDispatcherSendLiteralDeliversAllSemicolonPayload","","Fri Sep 25 21:38:11 BST 2026","passed","Fri Sep 25 21:38:11 BST 2026","","github.com/n-orlov/deck/internal/tmux","github.com/n-orlov/deck/internal/tmux",""
"","0","TestViewportFollowsCapitalG","","Fri Sep 25 21:38:41 BST 2026","passed","Fri Sep 25 21:38:41 BST 2026","","github.com/n-orlov/deck/internal/tui","github.com/n-orlov/deck/internal/tui",""
"","0","TestComputeLayoutAutoBoundary","","Fri Sep 25 21:38:41 BST 2026","passed","Fri Sep 25 21:38:41 BST 2026","","github.com/n-orlov/deck/internal/tui","github.com/n-orlov/deck/internal/tui",""
"","0","TestInteractiveMSDefaultsFromSchemaAndDeckEnvOverrides","","Fri Sep 25 21:37:05 BST 2026","passed","Fri Sep 25 21:37:05 BST 2026","","github.com/n-orlov/deck/internal/config","github.com/n-orlov/deck/internal/config",""
"","200","TestFailedFitUnwindRestoresGeometryAndClearsIsizeRecord","","Fri Sep 25 21:38:41 BST 2026","passed","Fri Sep 25 21:38:41 BST 2026","","github.com/n-orlov/deck/internal/tui","github.com/n-orlov/deck/internal/tui",""
"","0","TestBelowMinimumFrameStaysWithinBudget/70x24/none/none","","Fri Sep 25 21:38:41 BST 2026","passed","Fri Sep 25 21:38:41 BST 2026","","github.com/n-orlov/deck/internal/tui","github.com/n-orlov/deck/internal/tui",""
"","0","TestSessionScopedKeysAreInertOnAHeader/U","","Fri Sep 25 21:38:41 BST 2026","passed","Fri Sep 25 21:38:41 BST 2026","","github.com/n-orlov/deck/internal/tui","github.com/n-orlov/deck/internal/tui",""
"","0","TestFirstDOfDDAsksTheSharedGuardOnAHeader","","Fri Sep 25 21:38:41 BST 2026","passed","Fri Sep 25 21:38:41 BST 2026","","github.com/n-orlov/deck/internal/tui","github.com/n-orlov/deck/internal/tui",""
"","190","TestOpenMigratesV1V2V3FixturesToRecentCwdsWithoutRecreatingSessionRow/fromV1","","Fri Sep 25 21:38:00 BST 2026","passed","Fri Sep 25 21:38:00 BST 2026","","github.com/n-orlov/deck/internal/store","github.com/n-orlov/deck/internal/store",""
"","1624","dd on a marked set leaves both adversarially-seeded cwd fingerprints unchanged","","","passed","","","Undo toast after x, and the dd delete/tombstone chord","",""
"","0","TestSettingsFooterCarriesDeckBackground/parchment/discard","","Fri Sep 25 21:38:41 BST 2026","passed","Fri Sep 25 21:38:41 BST 2026","","github.com/n-orlov/deck/internal/tui","github.com/n-orlov/deck/internal/tui",""
"","1948","a secret-shaped key opened in this file's own env editor is masked by default, reveals on r, re-masks on r again, and never leaks to screen or disk","","","passed","","","The `e` env editor shows the effective value and winning layer per key, and writes an edit (requirements 20 and task 021, SPEC §6.1/§6.3)","",""
"","2216","a non-default sidebar_width actually widens deck's own rendered sidebar","","","passed","","","Godog harness wiring","",""
"","0","TestScrollableOverlaysScrollOneLineWithJK/detail_view","","Fri Sep 25 21:38:41 BST 2026","passed","Fri Sep 25 21:38:41 BST 2026","","github.com/n-orlov/deck/internal/tui","github.com/n-orlov/deck/internal/tui",""
"","0","TestSettingsFieldValueDisplayPerKind/list-of-strings_generic_default","","Fri Sep 25 21:38:41 BST 2026","passed","Fri Sep 25 21:38:41 BST 2026","","github.com/n-orlov/deck/internal/tui","github.com/n-orlov/deck/internal/tui",""
"","30","TestPanePipeCloseIsIdempotentAndPanePipeStaysZero","","Fri Sep 25 21:38:11 BST 2026","passed","Fri Sep 25 21:38:11 BST 2026","","github.com/n-orlov/deck/internal/tmux","github.com/n-orlov/deck/internal/tmux",""
"","0","TestThemedDialogsDegradeCleanlyUnderNoColorAndASCII/archive_confirm/with_a_failure_note","","Fri Sep 25 21:38:41 BST 2026","passed","Fri Sep 25 21:38:41 BST 2026","","github.com/n-orlov/deck/internal/tui","github.com/n-orlov/deck/internal/tui",""
"","1000","TestFeatures/create_dialog_--_width_saturates_at_80_well_past_the_upper_clamp","","Fri Sep 25 21:39:00 BST 2026","passed","Fri Sep 25 21:39:01 BST 2026","","github.com/n-orlov/deck/features","github.com/n-orlov/deck/features",""
"","2227","SIGKILL captures and sanitizes the agent pane without relaunching","","","passed","","","Clean exits and crashed agent panes","",""
"","0","TestNoLiveCapturePreviewInteriorCarriesDeckBackgroundStacked/empire","","Fri Sep 25 21:38:41 BST 2026","passed","Fri Sep 25 21:38:41 BST 2026","","github.com/n-orlov/deck/internal/tui","github.com/n-orlov/deck/internal/tui",""
"","0","TestLifecycleRejectsUnsafeInput","","Fri Sep 25 21:38:11 BST 2026","passed","Fri Sep 25 21:38:11 BST 2026","","github.com/n-orlov/deck/internal/tmux","github.com/n-orlov/deck/internal/tmux",""
"","0","TestConfigFileAllowYoloTrue","","Fri Sep 25 21:37:05 BST 2026","passed","Fri Sep 25 21:37:05 BST 2026","","github.com/n-orlov/deck/internal/config","github.com/n-orlov/deck/internal/config",""
"","0","TestAttachFinishedRelicensesOneFitForTheAttachedRow","","Fri Sep 25 21:38:41 BST 2026","passed","Fri Sep 25 21:38:41 BST 2026","","github.com/n-orlov/deck/internal/tui","github.com/n-orlov/deck/internal/tui",""
"","0","TestFieldFullKey","","Fri Sep 25 21:37:05 BST 2026","passed","Fri Sep 25 21:37:05 BST 2026","","github.com/n-orlov/deck/internal/config","github.com/n-orlov/deck/internal/config",""
"","1180","TestFeatures/U_inside_the_filter's_results_returns_the_archived_row_to_the_default_list","","Fri Sep 25 21:39:00 BST 2026","passed","Fri Sep 25 21:39:01 BST 2026","","github.com/n-orlov/deck/features","github.com/n-orlov/deck/features",""
"","527","missing tmux is actionable","","","passed","","","Private tmux contract","",""
"","1560","TestFeatures/esc_clears_the_mark_set_without_acting_on_it","","Fri Sep 25 21:39:00 BST 2026","passed","Fri Sep 25 21:39:01 BST 2026","","github.com/n-orlov/deck/features","github.com/n-orlov/deck/features",""
"","60","TestReceiveHookAppliesOverAnyStaleSourceExceptStopped/StopFailure/from_error/via_hook","","Fri Sep 25 21:37:06 BST 2026","passed","Fri Sep 25 21:37:06 BST 2026","","github.com/n-orlov/deck/internal/hookrecv","github.com/n-orlov/deck/internal/hookrecv",""
"","0","TestThemedDialogsDegradeCleanlyUnderNoColorAndASCII/rename","","Fri Sep 25 21:38:41 BST 2026","passed","Fri Sep 25 21:38:41 BST 2026","","github.com/n-orlov/deck/internal/tui","github.com/n-orlov/deck/internal/tui",""
"","0","TestSortSessionsByAttentionStablePrefersPreviousOrderOverIDCoinFlip","","Fri Sep 25 21:38:41 BST 2026","passed","Fri Sep 25 21:38:41 BST 2026","","github.com/n-orlov/deck/internal/tui","github.com/n-orlov/deck/internal/tui",""
"","0","TestThemeFallbackNoticeShownOnFirstPaint","","Fri Sep 25 21:38:41 BST 2026","passed","Fri Sep 25 21:38:41 BST 2026","","github.com/n-orlov/deck/internal/tui","github.com/n-orlov/deck/internal/tui",""
"","0","TestGodogJUnitFormatterWritesOneTestcasePerScenario","","Fri Sep 25 21:36:35 BST 2026","passed","Fri Sep 25 21:36:35 BST 2026","","github.com/n-orlov/deck/features","github.com/n-orlov/deck/features",""
"","0","TestCropDecorationsCarryDeckBackground/SideBySide/parchment","","Fri Sep 25 21:38:41 BST 2026","passed","Fri Sep 25 21:38:41 BST 2026","","github.com/n-orlov/deck/internal/tui","github.com/n-orlov/deck/internal/tui",""
"","0","TestProbeEligibilityIncludesOnlySignalStatesAtWallClockBoundary/waiting","","Fri Sep 25 21:37:44 BST 2026","passed","Fri Sep 25 21:37:44 BST 2026","","github.com/n-orlov/deck/internal/service","github.com/n-orlov/deck/internal/service",""
"","0","TestPaneFixtureCommandRendersNamedFileByteForByte","","Fri Sep 25 21:36:32 BST 2026","passed","Fri Sep 25 21:36:32 BST 2026","","github.com/n-orlov/deck/cmd/fake-claude","github.com/n-orlov/deck/cmd/fake-claude",""
"","0","TestRenameStyledBodyMatchesPlainBodyOnceStripped","","Fri Sep 25 21:38:41 BST 2026","passed","Fri Sep 25 21:38:41 BST 2026","","github.com/n-orlov/deck/internal/tui","github.com/n-orlov/deck/internal/tui",""
"","2540","TestFeatures/dd_without_purge_leaves_the_agent's_transcript_intact_through_delete_and_reap","","Fri Sep 25 21:39:00 BST 2026","passed","Fri Sep 25 21:39:02 BST 2026","","github.com/n-orlov/deck/features","github.com/n-orlov/deck/features",""
"","0","TestUndoToastBudgetHoldsAcrossSizes/100x30","","Fri Sep 25 21:38:41 BST 2026","passed","Fri Sep 25 21:38:41 BST 2026","","github.com/n-orlov/deck/internal/tui","github.com/n-orlov/deck/internal/tui",""
"","1534","a session env entry for DECK_SESSION_NAME loses to the real name","","","passed","","","Every pane carries its own session's DECK_SESSION_* context (R104, SPEC §6.1)","",""
"","0","TestCreateModalLoginShellHelpStatesCapturedPathIsAdvisory","","Fri Sep 25 21:38:41 BST 2026","passed","Fri Sep 25 21:38:41 BST 2026","","github.com/n-orlov/deck/internal/tui","github.com/n-orlov/deck/internal/tui",""
"","110","TestResumeUsesTheServicesGlobalPreLaunch","","Fri Sep 25 21:37:44 BST 2026","passed","Fri Sep 25 21:37:44 BST 2026","","github.com/n-orlov/deck/internal/service","github.com/n-orlov/deck/internal/service",""
"","0","TestSessionsLoadedRendersInAttentionOrder","","Fri Sep 25 21:38:41 BST 2026","passed","Fri Sep 25 21:38:41 BST 2026","","github.com/n-orlov/deck/internal/tui","github.com/n-orlov/deck/internal/tui",""
"","1456","A on a running session opens a confirm that names the kill and writes nothing until it is confirmed","","","passed","","","Undo toast after x, and the dd delete/tombstone chord","",""
"","0","TestForeignPaintLeavesTheForegroundAloneOverAnAgentBackground","","Fri Sep 25 21:38:41 BST 2026","passed","Fri Sep 25 21:38:41 BST 2026","","github.com/n-orlov/deck/internal/tui","github.com/n-orlov/deck/internal/tui",""
"","0","TestApplyDialogContractCoreKeys/left_and_right_change_the_selection","","Fri Sep 25 21:38:41 BST 2026","passed","Fri Sep 25 21:38:41 BST 2026","","github.com/n-orlov/deck/internal/tui","github.com/n-orlov/deck/internal/tui",""
"","0","TestSettingsNavUpDownMovesFocusedListAndWraps","","Fri Sep 25 21:38:41 BST 2026","passed","Fri Sep 25 21:38:41 BST 2026","","github.com/n-orlov/deck/internal/tui","github.com/n-orlov/deck/internal/tui",""
"","0","TestSettingsGroupsListLongerThanViewportKeepsSelectionAndEditorVisible/100x40/delete","","Fri Sep 25 21:38:41 BST 2026","passed","Fri Sep 25 21:38:41 BST 2026","","github.com/n-orlov/deck/internal/tui","github.com/n-orlov/deck/internal/tui",""
"","0","TestClaude_LaunchAndResumeArgv/edits/resume","","Fri Sep 25 21:37:05 BST 2026","passed","Fri Sep 25 21:37:05 BST 2026","","github.com/n-orlov/deck/internal/agent","github.com/n-orlov/deck/internal/agent",""
"","0","TestSessionScopedKeysAreInertOnAHeader/z","","Fri Sep 25 21:38:41 BST 2026","passed","Fri Sep 25 21:38:41 BST 2026","","github.com/n-orlov/deck/internal/tui","github.com/n-orlov/deck/internal/tui",""
"","0","TestCodexTranscriptPathFindsRealFileUnderDefaultHome","","Fri Sep 25 21:37:05 BST 2026","passed","Fri Sep 25 21:37:05 BST 2026","","github.com/n-orlov/deck/internal/agent","github.com/n-orlov/deck/internal/agent",""
"","990","TestFeatures/typing_in_the_cwd_field_replaces_the_prefill_wholesale_rather_than_appending_to_it","","Fri Sep 25 21:39:00 BST 2026","passed","Fri Sep 25 21:39:00 BST 2026","","github.com/n-orlov/deck/features","github.com/n-orlov/deck/features",""
"","0","TestDeckOwnedCellsCarryExplicitForegroundOnEveryBuiltin/cobalt/help_overlay","","Fri Sep 25 21:38:41 BST 2026","passed","Fri Sep 25 21:38:41 BST 2026","","github.com/n-orlov/deck/internal/tui","github.com/n-orlov/deck/internal/tui",""
"","440","TestFourFieldVerifyStillDeliversIntoTheReplacementProgramAfterRespawn","","Fri Sep 25 21:38:11 BST 2026","passed","Fri Sep 25 21:38:11 BST 2026","","github.com/n-orlov/deck/internal/tmux","github.com/n-orlov/deck/internal/tmux",""
"","100","TestReceiveHookAppliesOverAnyStaleSourceExceptStopped/Notification/from_running/via_user","","Fri Sep 25 21:37:06 BST 2026","passed","Fri Sep 25 21:37:06 BST 2026","","github.com/n-orlov/deck/internal/hookrecv","github.com/n-orlov/deck/internal/hookrecv",""
"","0","TestSGRMouseEncodesColumnsPastX10Ceiling/release_at_column_224","","Fri Sep 25 21:36:35 BST 2026","passed","Fri Sep 25 21:36:35 BST 2026","","github.com/n-orlov/deck/features","github.com/n-orlov/deck/features",""
"","0","TestDialogWidthClampedToViewport/lands_exactly_on_the_upper_clamp","","Fri Sep 25 21:38:41 BST 2026","passed","Fri Sep 25 21:38:41 BST 2026","","github.com/n-orlov/deck/internal/tui","github.com/n-orlov/deck/internal/tui",""
"","150","TestDialogSelectionCellsRenderOnlyFloorTokens/matrix","","Fri Sep 25 21:38:41 BST 2026","passed","Fri Sep 25 21:38:41 BST 2026","","github.com/n-orlov/deck/internal/tui","github.com/n-orlov/deck/internal/tui",""
"","0","TestFooterHandlerAgreementAcrossEveryRowClass/stopped/dd","","Fri Sep 25 21:38:41 BST 2026","passed","Fri Sep 25 21:38:41 BST 2026","","github.com/n-orlov/deck/internal/tui","github.com/n-orlov/deck/internal/tui",""
"","330","TestPaneSeedStateReadsEachNonDefaultFieldFromARealPane/cursor_x_and_cursor_y","","Fri Sep 25 21:38:11 BST 2026","passed","Fri Sep 25 21:38:11 BST 2026","","github.com/n-orlov/deck/internal/tmux","github.com/n-orlov/deck/internal/tmux",""
"","0","TestTruncateToWidthLeavesPlainTextAlone","","Fri Sep 25 21:38:41 BST 2026","passed","Fri Sep 25 21:38:41 BST 2026","","github.com/n-orlov/deck/internal/tui","github.com/n-orlov/deck/internal/tui",""
"","878","a built-in theme colours border_focus/border, selection/selection_idle, title, group and key/hint chrome, read per cell from a real client","","","passed","","","theme rendering end-to-end (requirement 49)","",""
"","40","TestSendNamedKeyDeliversAltModifiedNavigationKeysByTmuxsOwnTranslation/C-M-S-Down","","Fri Sep 25 21:38:11 BST 2026","passed","Fri Sep 25 21:38:11 BST 2026","","github.com/n-orlov/deck/internal/tmux","github.com/n-orlov/deck/internal/tmux",""
"","1870","TestFeatures/an_unsupported_profile_degrades_visibly_rather_than_lying","","Fri Sep 25 21:39:00 BST 2026","passed","Fri Sep 25 21:39:01 BST 2026","","github.com/n-orlov/deck/features","github.com/n-orlov/deck/features",""
"","550","TestSessionContextEnvAcrossAdaptersAndLaunchPaths","","Fri Sep 25 21:37:44 BST 2026","passed","Fri Sep 25 21:37:44 BST 2026","","github.com/n-orlov/deck/internal/service","github.com/n-orlov/deck/internal/service",""
"","0","TestProbeEligibilityIncludesOnlySignalStatesAtWallClockBoundary","","Fri Sep 25 21:37:44 BST 2026","passed","Fri Sep 25 21:37:44 BST 2026","","github.com/n-orlov/deck/internal/service","github.com/n-orlov/deck/internal/service",""
"","70","TestSupersededLaunchGenerationDropsTheWholeHookClass/SessionStart/row_carries_no_token,_hook_does","","Fri Sep 25 21:37:06 BST 2026","passed","Fri Sep 25 21:37:06 BST 2026","","github.com/n-orlov/deck/internal/hookrecv","github.com/n-orlov/deck/internal/hookrecv",""
"","2160","TestFeatures/pin_dialog_--_the_mouse_can_neither_cancel_nor_confirm_it,_at_its_border,_its_body_or_outside_it","","Fri Sep 25 21:39:00 BST 2026","passed","Fri Sep 25 21:39:02 BST 2026","","github.com/n-orlov/deck/features","github.com/n-orlov/deck/features",""
"","90","TestReceiveMappingTable/session_end","","Fri Sep 25 21:37:06 BST 2026","passed","Fri Sep 25 21:37:06 BST 2026","","github.com/n-orlov/deck/internal/hookrecv","github.com/n-orlov/deck/internal/hookrecv",""
"","20","TestClaimWindowOwnershipRespectsALiveCompetingOwner","","Fri Sep 25 21:38:11 BST 2026","passed","Fri Sep 25 21:38:11 BST 2026","","github.com/n-orlov/deck/internal/tmux","github.com/n-orlov/deck/internal/tmux",""
"","0","TestCreateViewFocusedFieldGetsSelectionBackground","","Fri Sep 25 21:38:41 BST 2026","passed","Fri Sep 25 21:38:41 BST 2026","","github.com/n-orlov/deck/internal/tui","github.com/n-orlov/deck/internal/tui",""
"","110","TestClearRecentCwdsIsObservableAndNeverLeaksAPathIntoTheAuditLog","","Fri Sep 25 21:37:44 BST 2026","passed","Fri Sep 25 21:37:44 BST 2026","","github.com/n-orlov/deck/internal/service","github.com/n-orlov/deck/internal/service",""
"","120","TestProbeReconcileNeverProbesShell","","Fri Sep 25 21:37:44 BST 2026","passed","Fri Sep 25 21:37:44 BST 2026","","github.com/n-orlov/deck/internal/service","github.com/n-orlov/deck/internal/service",""
"","90","TestThemedDialogsDegradeCleanlyUnderNoColorAndASCII/event_log/read_error","","Fri Sep 25 21:38:41 BST 2026","passed","Fri Sep 25 21:38:41 BST 2026","","github.com/n-orlov/deck/internal/tui","github.com/n-orlov/deck/internal/tui",""
"","0","TestPreviewCellAtSideBySideMapsContentBox","","Fri Sep 25 21:38:41 BST 2026","passed","Fri Sep 25 21:38:41 BST 2026","","github.com/n-orlov/deck/internal/tui","github.com/n-orlov/deck/internal/tui",""
"","2538","dd without purge leaves the agent's transcript intact through delete and reap","","","passed","","","Undo toast after x, and the dd delete/tombstone chord","",""
"","0","TestArchivePurgeAndRefusalMessagesStayWithinFrameBudgetAtEveryLayoutMode/Cannot_kill:_session_is_already_stopped/collapsed","","Fri Sep 25 21:38:41 BST 2026","passed","Fri Sep 25 21:38:41 BST 2026","","github.com/n-orlov/deck/internal/tui","github.com/n-orlov/deck/internal/tui",""
"","10","TestSidebarGutterMarkedAndSelectedRowStaysAccent","","Fri Sep 25 21:38:41 BST 2026","passed","Fri Sep 25 21:38:41 BST 2026","","github.com/n-orlov/deck/internal/tui","github.com/n-orlov/deck/internal/tui",""
"","1354","create dialog -- every field is reachable by keyboard alone, editable, and each edit is visible","","","passed","","","The §11.4 dialog contract, asserted per dialog (requirements 7, 8, 9, 10, 11, 50)","",""
"","0","TestAcceptsOnlyDocumentedApprovalValues/accepts_never","","Fri Sep 25 21:36:33 BST 2026","passed","Fri Sep 25 21:36:33 BST 2026","","github.com/n-orlov/deck/cmd/fake-codex","github.com/n-orlov/deck/cmd/fake-codex",""
"","60","TestCtrlBReachesTheTargetProgramBypassingTmuxPrefixTable","","Fri Sep 25 21:37:23 BST 2026","passed","Fri Sep 25 21:37:23 BST 2026","","github.com/n-orlov/deck/internal/interactive","github.com/n-orlov/deck/internal/interactive",""
"","0","TestSortComparatorsThreeWayTieIsTransitive/attention","","Fri Sep 25 21:38:41 BST 2026","passed","Fri Sep 25 21:38:41 BST 2026","","github.com/n-orlov/deck/internal/tui","github.com/n-orlov/deck/internal/tui",""
"","10","TestSettingsScopeParityMatchesSaveBehaviour/interactive_transport","","Fri Sep 25 21:38:41 BST 2026","passed","Fri Sep 25 21:38:41 BST 2026","","github.com/n-orlov/deck/internal/tui","github.com/n-orlov/deck/internal/tui",""
"","0","TestSortComparatorsPreservePreviousRelativeOrderOnTie/created","","Fri Sep 25 21:38:41 BST 2026","passed","Fri Sep 25 21:38:41 BST 2026","","github.com/n-orlov/deck/internal/tui","github.com/n-orlov/deck/internal/tui",""
"","1781","the just-created row's auto-selection is one-shot -- moving away with k survives a later reconcile tick","","","passed","","","A newly created session is selected as soon as it appears (requirement 52)","",""
"","0","TestSessionRestartedThatCreatedAPaneClearsTheLatch","","Fri Sep 25 21:38:41 BST 2026","passed","Fri Sep 25 21:38:41 BST 2026","","github.com/n-orlov/deck/internal/tui","github.com/n-orlov/deck/internal/tui",""
"","0","TestForceStillRefusesAStoppedRow","","Fri Sep 25 21:38:41 BST 2026","passed","Fri Sep 25 21:38:41 BST 2026","","github.com/n-orlov/deck/internal/tui","github.com/n-orlov/deck/internal/tui",""
"","320","TestPaneSeedStateReadsEachNonDefaultFieldFromARealPane/origin_flag","","Fri Sep 25 21:38:11 BST 2026","passed","Fri Sep 25 21:38:11 BST 2026","","github.com/n-orlov/deck/internal/tmux","github.com/n-orlov/deck/internal/tmux",""
"","70","TestReceiveHookAppliesOverAnyStaleSourceExceptStopped/SessionEnd/from_running/via_tmux","","Fri Sep 25 21:37:06 BST 2026","passed","Fri Sep 25 21:37:06 BST 2026","","github.com/n-orlov/deck/internal/hookrecv","github.com/n-orlov/deck/internal/hookrecv",""
"","1950","TestFeatures/attach_acknowledges_a_live_error_without_replacing_its_verdict","","Fri Sep 25 21:39:00 BST 2026","passed","Fri Sep 25 21:39:01 BST 2026","","github.com/n-orlov/deck/features","github.com/n-orlov/deck/features",""
"","1955","statuses never borrow each other's colour","","","passed","","","the seven §7 status tokens colour the sidebar's status word (task 014)","",""
"","100","TestReceiveHookAppliesOverAnyStaleSourceExceptStopped/StopFailure/from_running/via_probe","","Fri Sep 25 21:37:06 BST 2026","passed","Fri Sep 25 21:37:06 BST 2026","","github.com/n-orlov/deck/internal/hookrecv","github.com/n-orlov/deck/internal/hookrecv",""
"","80","TestScrollableOverlaysScrollOneLineWithArrows","","Fri Sep 25 21:38:41 BST 2026","passed","Fri Sep 25 21:38:41 BST 2026","","github.com/n-orlov/deck/internal/tui","github.com/n-orlov/deck/internal/tui",""
"","0","TestPi_LaunchAndResumeUseSessionID","","Fri Sep 25 21:37:05 BST 2026","passed","Fri Sep 25 21:37:05 BST 2026","","github.com/n-orlov/deck/internal/agent","github.com/n-orlov/deck/internal/agent",""
"","1210","TestMouseReportingDisabledOnNormalQuit","","Fri Sep 25 21:36:35 BST 2026","passed","Fri Sep 25 21:36:36 BST 2026","","github.com/n-orlov/deck/features","github.com/n-orlov/deck/features",""
"","150","TestCreateAgentAssignsConversationIDAndLaunchesClaudeArgv","","Fri Sep 25 21:37:44 BST 2026","passed","Fri Sep 25 21:37:44 BST 2026","","github.com/n-orlov/deck/internal/service","github.com/n-orlov/deck/internal/service",""
"","0","TestExitCodeIsControlledOnlyByFixtureEnvironment","","Fri Sep 25 21:36:32 BST 2026","passed","Fri Sep 25 21:36:32 BST 2026","","github.com/n-orlov/deck/cmd/fake-claude","github.com/n-orlov/deck/cmd/fake-claude",""
"","0","TestWheelInOverlayAgreesWithArrowKeys/detail_view","","Fri Sep 25 21:38:41 BST 2026","passed","Fri Sep 25 21:38:41 BST 2026","","github.com/n-orlov/deck/internal/tui","github.com/n-orlov/deck/internal/tui",""
"","0","TestSettingsFieldValueDisplayPerKind/list-of-strings_env","","Fri Sep 25 21:38:41 BST 2026","passed","Fri Sep 25 21:38:41 BST 2026","","github.com/n-orlov/deck/internal/tui","github.com/n-orlov/deck/internal/tui",""
"","0","TestPaneResumeCommandFiresSessionEndThenSessionStartWithNewConversation","","Fri Sep 25 21:36:32 BST 2026","passed","Fri Sep 25 21:36:32 BST 2026","","github.com/n-orlov/deck/cmd/fake-claude","github.com/n-orlov/deck/cmd/fake-claude",""
"","50","TestReceiveHookAppliesOverAnyStaleSourceExceptStopped/SessionEnd/from_starting/via_user","","Fri Sep 25 21:37:06 BST 2026","passed","Fri Sep 25 21:37:06 BST 2026","","github.com/n-orlov/deck/internal/hookrecv","github.com/n-orlov/deck/internal/hookrecv",""
"","817","a scenario discovers a user theme it writes into its own themes directory","","","passed","","","Godog harness wiring","",""
"","10","TestSettingsBorderFocusCueSwapsWithTabAndReverts","","Fri Sep 25 21:38:41 BST 2026","passed","Fri Sep 25 21:38:41 BST 2026","","github.com/n-orlov/deck/internal/tui","github.com/n-orlov/deck/internal/tui",""
"","930","TestFeatures/a_stopped_session's_preview_names_its_own_state_instead_of_showing_stale_bytes","","Fri Sep 25 21:39:00 BST 2026","passed","Fri Sep 25 21:39:00 BST 2026","","github.com/n-orlov/deck/features","github.com/n-orlov/deck/features",""
"","0","TestExactlyOneGridConstructorCallSite","","Fri Sep 25 21:37:23 BST 2026","passed","Fri Sep 25 21:37:23 BST 2026","","github.com/n-orlov/deck/internal/interactive","github.com/n-orlov/deck/internal/interactive",""
"","0","TestStepRequiresFrozenClockAndIncrement/wall_only","","Fri Sep 25 21:37:05 BST 2026","passed","Fri Sep 25 21:37:05 BST 2026","","github.com/n-orlov/deck/internal/config","github.com/n-orlov/deck/internal/config",""
"","0","TestSidebarNameRendersInTitleToken","","Fri Sep 25 21:38:41 BST 2026","passed","Fri Sep 25 21:38:41 BST 2026","","github.com/n-orlov/deck/internal/tui","github.com/n-orlov/deck/internal/tui",""
"","60","TestReceiveHookAppliesOverAnyStaleSourceExceptStopped/Notification/from_running/via_probe","","Fri Sep 25 21:37:06 BST 2026","passed","Fri Sep 25 21:37:06 BST 2026","","github.com/n-orlov/deck/internal/hookrecv","github.com/n-orlov/deck/internal/hookrecv",""
"","60","TestReceiveHookAppliesOverAnyStaleSourceExceptStopped/SessionStart/from_starting/via_tmux","","Fri Sep 25 21:37:06 BST 2026","passed","Fri Sep 25 21:37:06 BST 2026","","github.com/n-orlov/deck/internal/hookrecv","github.com/n-orlov/deck/internal/hookrecv",""
"","1197","tab lists the candidates when it cannot advance the text further, and selecting one fills the field","","","passed","","","The create modal's cwd field follows bash's tab-completion contract (requirement 16)","",""
"","130","TestProbeMissRecordsSampleAgeWithoutTouchingStatus","","Fri Sep 25 21:37:44 BST 2026","passed","Fri Sep 25 21:37:44 BST 2026","","github.com/n-orlov/deck/internal/service","github.com/n-orlov/deck/internal/service",""
"","0","TestEscOnTheHelpOverlayClosesItWithoutTouchingAHeldFilter","","Fri Sep 25 21:38:41 BST 2026","passed","Fri Sep 25 21:38:41 BST 2026","","github.com/n-orlov/deck/internal/tui","github.com/n-orlov/deck/internal/tui",""
"","0","TestApplyDialogContractCoreKeys/tab_and_shift+tab_are_not_contract_keys_(§11.4:_reserved_for_completion)","","Fri Sep 25 21:38:41 BST 2026","passed","Fri Sep 25 21:38:41 BST 2026","","github.com/n-orlov/deck/internal/tui","github.com/n-orlov/deck/internal/tui",""
"","0","TestSettingsGroupsListLongerThanViewportKeepsSelectionAndEditorVisible/100x40/create","","Fri Sep 25 21:38:41 BST 2026","passed","Fri Sep 25 21:38:41 BST 2026","","github.com/n-orlov/deck/internal/tui","github.com/n-orlov/deck/internal/tui",""
"","0","TestSessionIDMissingValueIsRejected","","Fri Sep 25 21:36:33 BST 2026","passed","Fri Sep 25 21:36:33 BST 2026","","github.com/n-orlov/deck/cmd/fake-pi","github.com/n-orlov/deck/cmd/fake-pi",""
"","800","TestFeatures/the_screen_emulator_places_an_East-Asian-Wide_cell_without_splitting_it","","Fri Sep 25 21:39:00 BST 2026","passed","Fri Sep 25 21:39:00 BST 2026","","github.com/n-orlov/deck/features","github.com/n-orlov/deck/features",""
"","60","TestSoftDeleteAndRestoreRejectMissingSession","","Fri Sep 25 21:38:00 BST 2026","passed","Fri Sep 25 21:38:00 BST 2026","","github.com/n-orlov/deck/internal/store","github.com/n-orlov/deck/internal/store",""
"","10","TestSessionLifecycleFiresAllFiveEventsWithRealFieldNames","","Fri Sep 25 21:36:33 BST 2026","passed","Fri Sep 25 21:36:33 BST 2026","","github.com/n-orlov/deck/cmd/fake-codex","github.com/n-orlov/deck/cmd/fake-codex",""
"","0","TestDriftPreservingKeysLeaveTheDriftInPlace/key="">""","","Fri Sep 25 21:38:41 BST 2026","passed","Fri Sep 25 21:38:41 BST 2026","","github.com/n-orlov/deck/internal/tui","github.com/n-orlov/deck/internal/tui",""
"","2051","a built-in theme colours each of the seven §7 status tokens, read per cell from a real client #3","","","passed","","","theme rendering end-to-end (requirement 49)","",""
"","1570","TestFeatures/entering_interactive_mode_is_refused_while_another_client_is_attached_to_the_session","","Fri Sep 25 21:39:00 BST 2026","passed","Fri Sep 25 21:39:01 BST 2026","","github.com/n-orlov/deck/features","github.com/n-orlov/deck/features",""
"","1193","a fake agent renders a preview fixture once and then falls silent #1","","","passed","","","Godog harness wiring","",""
"","821","a real deck client's own coloured chrome is readable per cell, by name and by matched text","","","passed","","","Godog harness wiring","",""
"","0","TestDiscoverUserThemesUnrecoverableNameOnEarlyFailure","","Fri Sep 25 21:38:10 BST 2026","passed","Fri Sep 25 21:38:10 BST 2026","","github.com/n-orlov/deck/internal/theme","github.com/n-orlov/deck/internal/theme",""
"","90","TestSetSessionEnvOnANewKeyAddsItRatherThanRefusing","","Fri Sep 25 21:37:44 BST 2026","passed","Fri Sep 25 21:37:44 BST 2026","","github.com/n-orlov/deck/internal/service","github.com/n-orlov/deck/internal/service",""
"","650","TestCaptureSeedWithHistoryFillsScrollbackWithoutMovingTheLiveScreen","","Fri Sep 25 21:37:23 BST 2026","passed","Fri Sep 25 21:37:23 BST 2026","","github.com/n-orlov/deck/internal/interactive","github.com/n-orlov/deck/internal/interactive",""
"","1213","settings offers clearing the recent-directory history, and clearing it costs only the prefill, never a session","","","passed","","","The `,` settings takeover (requirement 48)","",""
"","0","TestCreateModalEscapeCreatesNothing","","Fri Sep 25 21:38:41 BST 2026","passed","Fri Sep 25 21:38:41 BST 2026","","github.com/n-orlov/deck/internal/tui","github.com/n-orlov/deck/internal/tui",""
"","0","TestFooterHandlerAgreementAcrossEveryRowClass/non-empty_mark_set:_selected_row_differs_from_the_marked_row/A","","Fri Sep 25 21:38:41 BST 2026","passed","Fri Sep 25 21:38:41 BST 2026","","github.com/n-orlov/deck/internal/tui","github.com/n-orlov/deck/internal/tui",""
"","0","TestDeckOwnedCellsCarryExplicitForegroundOnEveryBuiltin/parchment/settings_takeover","","Fri Sep 25 21:38:41 BST 2026","passed","Fri Sep 25 21:38:41 BST 2026","","github.com/n-orlov/deck/internal/tui","github.com/n-orlov/deck/internal/tui",""
"","1220","TestFeatures/malformed_launch_args_JSON_names_the_problem_and_keeps_the_modal_open","","Fri Sep 25 21:39:00 BST 2026","passed","Fri Sep 25 21:39:01 BST 2026","","github.com/n-orlov/deck/features","github.com/n-orlov/deck/features",""
"","60","TestReceiveHookAppliesOverAnyStaleSourceExceptStopped/UserPromptSubmit/from_starting/via_probe","","Fri Sep 25 21:37:06 BST 2026","passed","Fri Sep 25 21:37:06 BST 2026","","github.com/n-orlov/deck/internal/hookrecv","github.com/n-orlov/deck/internal/hookrecv",""
"","330","TestHomeAndEndEscapesMatchARealAttachedClientTypingTheSameKeys/Home","","Fri Sep 25 21:38:11 BST 2026","passed","Fri Sep 25 21:38:11 BST 2026","","github.com/n-orlov/deck/internal/tmux","github.com/n-orlov/deck/internal/tmux",""
"","0","TestDeckAsciiOverridesUIConfig","","Fri Sep 25 21:37:05 BST 2026","passed","Fri Sep 25 21:37:05 BST 2026","","github.com/n-orlov/deck/internal/config","github.com/n-orlov/deck/internal/config",""
"","0","TestFooterHandlerAgreementAcrossEveryRowClass/live/running/dd","","Fri Sep 25 21:38:41 BST 2026","passed","Fri Sep 25 21:38:41 BST 2026","","github.com/n-orlov/deck/internal/tui","github.com/n-orlov/deck/internal/tui",""
"","60","TestPromoteRecentCwdRejectsRelativePath","","Fri Sep 25 21:38:00 BST 2026","passed","Fri Sep 25 21:38:00 BST 2026","","github.com/n-orlov/deck/internal/store","github.com/n-orlov/deck/internal/store",""
"","0","TestBelowMinimumFrameStaysWithinBudget/100x30/attachError/wraps-at-w","","Fri Sep 25 21:38:41 BST 2026","passed","Fri Sep 25 21:38:41 BST 2026","","github.com/n-orlov/deck/internal/tui","github.com/n-orlov/deck/internal/tui",""
"","80","TestSpaceMovesSelectionAndWrapsWithoutTouchingSessionStatus","","Fri Sep 25 21:38:41 BST 2026","passed","Fri Sep 25 21:38:41 BST 2026","","github.com/n-orlov/deck/internal/tui","github.com/n-orlov/deck/internal/tui",""
"","0","TestGodogFormatBuildsJUnitOnlyWhenTheEnvVarIsSet/unset_stays_exactly_pretty","","Fri Sep 25 21:36:35 BST 2026","passed","Fri Sep 25 21:36:35 BST 2026","","github.com/n-orlov/deck/features","github.com/n-orlov/deck/features",""
"","60","TestSweepTombstonesHonoursFrozenClock/clock_frozen_in_the_future_reaps_a_row_the_real_clock_would_keep","","Fri Sep 25 21:38:00 BST 2026","passed","Fri Sep 25 21:38:00 BST 2026","","github.com/n-orlov/deck/internal/store","github.com/n-orlov/deck/internal/store",""
"","0","TestCropDecorationsCarryDeckBackground/SideBySide/daylight","","Fri Sep 25 21:38:41 BST 2026","passed","Fri Sep 25 21:38:41 BST 2026","","github.com/n-orlov/deck/internal/tui","github.com/n-orlov/deck/internal/tui",""
"","0","TestStoreDurabilityCrashHelper","","Fri Sep 25 21:38:00 BST 2026","passed","Fri Sep 25 21:38:00 BST 2026","","github.com/n-orlov/deck/internal/store","github.com/n-orlov/deck/internal/store",""
"","0","TestBuildSeedFieldOrderAndPerFieldEscapes/allOff","","Fri Sep 25 21:37:23 BST 2026","passed","Fri Sep 25 21:37:23 BST 2026","","github.com/n-orlov/deck/internal/interactive","github.com/n-orlov/deck/internal/interactive",""
"","1440","TestFeatures/the_header_cursor_is_reachable_with_the_arrow_keys,_and_c_folds_the_group_under_it","","Fri Sep 25 21:39:00 BST 2026","passed","Fri Sep 25 21:39:01 BST 2026","","github.com/n-orlov/deck/features","github.com/n-orlov/deck/features",""
"","10","TestSettingsScopeParityMatchesSaveBehaviour/post_destroy","","Fri Sep 25 21:38:41 BST 2026","passed","Fri Sep 25 21:38:41 BST 2026","","github.com/n-orlov/deck/internal/tui","github.com/n-orlov/deck/internal/tui",""
"","0","TestAngleBracketsAdjustAndClampSidebarWidth","","Fri Sep 25 21:38:41 BST 2026","passed","Fri Sep 25 21:38:41 BST 2026","","github.com/n-orlov/deck/internal/tui","github.com/n-orlov/deck/internal/tui",""
"","130","TestStoredScrollOffsetHealedAcrossViewAndNextScroll","","Fri Sep 25 21:38:41 BST 2026","passed","Fri Sep 25 21:38:41 BST 2026","","github.com/n-orlov/deck/internal/tui","github.com/n-orlov/deck/internal/tui",""
"","1620","TestFeatures/A_SessionEnd_hook_wedges_an_agent_row_while_its_pane_survives,_and_Reconcile_repairs_it_with_nobody_at_the_keyboard","","Fri Sep 25 21:39:00 BST 2026","passed","Fri Sep 25 21:39:01 BST 2026","","github.com/n-orlov/deck/features","github.com/n-orlov/deck/features",""
"","990","TestFeatures/A_on_a_non-stopped_session_(kill-and-archive_as_one_action)_leaves_its_adversarially-seeded_cwd_fingerprint_unchanged","","Fri Sep 25 21:39:00 BST 2026","passed","Fri Sep 25 21:39:00 BST 2026","","github.com/n-orlov/deck/features","github.com/n-orlov/deck/features",""
"","2863","three events recorded in one order render newest first, not in insertion or alphabetical order","","","passed","","","The E event log: newest first, kind/reason/bounded payload, masked env (I-9, task 124)","",""
"","1650","TestFeatures/rename_dialog_--_in-dialog_validation_rejects_a_name_collision,_retaining_the_typed_value_and_stating_the_reason","","Fri Sep 25 21:39:00 BST 2026","passed","Fri Sep 25 21:39:01 BST 2026","","github.com/n-orlov/deck/features","github.com/n-orlov/deck/features",""
"","0","TestQuantizedNeverMutatesColors","","Fri Sep 25 21:38:10 BST 2026","passed","Fri Sep 25 21:38:10 BST 2026","","github.com/n-orlov/deck/internal/theme","github.com/n-orlov/deck/internal/theme",""
"","1159","a malformed env entry names the offending entry and keeps the modal open","","","passed","","","The create modal's §11.7 cwd prefill (requirement 12)","",""
"","929","the ""empire"" built-in theme's background token fills every deck-owned cell of the frame, pad columns past a short row's own text included","","","passed","","","every built-in theme paints its own `background` token across the whole canvas, not just the row highlight (requirement 118, task 007)","",""
"","10","TestSettingsScopeParityMatchesSaveBehaviour/pre_launch","","Fri Sep 25 21:38:41 BST 2026","passed","Fri Sep 25 21:38:41 BST 2026","","github.com/n-orlov/deck/internal/tui","github.com/n-orlov/deck/internal/tui",""
"","0","TestVersionFlagAnswersBeforeConfig","","Fri Sep 25 21:36:22 BST 2026","passed","Fri Sep 25 21:36:22 BST 2026","","github.com/n-orlov/deck/cmd/deck","github.com/n-orlov/deck/cmd/deck",""
"","320","TestPaneSeedStateReadsEachNonDefaultFieldFromARealPane/mouse_button_flag","","Fri Sep 25 21:38:11 BST 2026","passed","Fri Sep 25 21:38:11 BST 2026","","github.com/n-orlov/deck/internal/tmux","github.com/n-orlov/deck/internal/tmux",""
"","60","TestSupersededLaunchGenerationDropsTheWholeHookClass/StopFailure/row_carries_no_token","","Fri Sep 25 21:37:06 BST 2026","passed","Fri Sep 25 21:37:06 BST 2026","","github.com/n-orlov/deck/internal/hookrecv","github.com/n-orlov/deck/internal/hookrecv",""
"","0","TestFooterHandlerAgreementAcrossEveryRowClass/empty_list/U","","Fri Sep 25 21:38:41 BST 2026","passed","Fri Sep 25 21:38:41 BST 2026","","github.com/n-orlov/deck/internal/tui","github.com/n-orlov/deck/internal/tui",""
"","0","TestStatusTokensMatchSevenStatuses","","Fri Sep 25 21:38:10 BST 2026","passed","Fri Sep 25 21:38:10 BST 2026","","github.com/n-orlov/deck/internal/theme","github.com/n-orlov/deck/internal/theme",""
"","2055","dd on a marked set deletes every marked session and one u restores the whole batch","","","passed","","","Undo toast after x, and the dd delete/tombstone chord","",""
"","60","TestInProgressSelectionHighlightSurvivesColoredPaneContent","","Fri Sep 25 21:38:41 BST 2026","passed","Fri Sep 25 21:38:41 BST 2026","","github.com/n-orlov/deck/internal/tui","github.com/n-orlov/deck/internal/tui",""
"","1030","TestFeatures/a_same-named_file_never_becomes_a_ghost_candidate","","Fri Sep 25 21:39:00 BST 2026","passed","Fri Sep 25 21:39:01 BST 2026","","github.com/n-orlov/deck/features","github.com/n-orlov/deck/features",""
"","170","TestInteractiveScrollOffsetHealsFromTheRenderAfterVisibleOnlyReseed","","Fri Sep 25 21:38:41 BST 2026","passed","Fri Sep 25 21:38:41 BST 2026","","github.com/n-orlov/deck/internal/tui","github.com/n-orlov/deck/internal/tui",""
"","20","TestCropMarkerAndGeometryLineCarryExplicitForeground","","Fri Sep 25 21:38:41 BST 2026","passed","Fri Sep 25 21:38:41 BST 2026","","github.com/n-orlov/deck/internal/tui","github.com/n-orlov/deck/internal/tui",""
"","0","TestEveryEntryRefusalKindDrawsItsOwnBannerNotTheFooter/attached-elsewhere","","Fri Sep 25 21:38:41 BST 2026","passed","Fri Sep 25 21:38:41 BST 2026","","github.com/n-orlov/deck/internal/tui","github.com/n-orlov/deck/internal/tui",""
"","0","TestAvailPiUnavailableWhenAbsentFromPath","","Fri Sep 25 21:37:44 BST 2026","passed","Fri Sep 25 21:37:44 BST 2026","","github.com/n-orlov/deck/internal/service","github.com/n-orlov/deck/internal/service",""
"","0","TestFingerprintDetectsMutations","","Fri Sep 25 21:36:35 BST 2026","passed","Fri Sep 25 21:36:35 BST 2026","","github.com/n-orlov/deck/features","github.com/n-orlov/deck/features",""
"","0","TestDriftPreservingGlobalKeysLeaveTheDriftInPlace/key=""E""","","Fri Sep 25 21:38:41 BST 2026","passed","Fri Sep 25 21:38:41 BST 2026","","github.com/n-orlov/deck/internal/tui","github.com/n-orlov/deck/internal/tui",""
"","0","TestCreateModalDefaultsToYoloWhenYoloDefaultAndAllowYoloAreBothTrue","","Fri Sep 25 21:38:41 BST 2026","passed","Fri Sep 25 21:38:41 BST 2026","","github.com/n-orlov/deck/internal/tui","github.com/n-orlov/deck/internal/tui",""
"","2485","the window survives entry, a steal, the displaced client's dismissal and the winner's exit unchanged","","","passed","","","Forced entry into interactive mode answers a waiting row","",""
"","100","TestSupersededLaunchGenerationDropsTheWholeHookClass/Notification/hook_carries_no_token","","Fri Sep 25 21:37:06 BST 2026","passed","Fri Sep 25 21:37:06 BST 2026","","github.com/n-orlov/deck/internal/hookrecv","github.com/n-orlov/deck/internal/hookrecv",""
"","0","TestFooterHandlerAgreementAcrossEveryRowClass/archived/a","","Fri Sep 25 21:38:41 BST 2026","passed","Fri Sep 25 21:38:41 BST 2026","","github.com/n-orlov/deck/internal/tui","github.com/n-orlov/deck/internal/tui",""
"","0","TestQuantizeRejectsInvalidHex","","Fri Sep 25 21:38:10 BST 2026","passed","Fri Sep 25 21:38:10 BST 2026","","github.com/n-orlov/deck/internal/theme","github.com/n-orlov/deck/internal/theme",""
"","670","TestRenderCoalescerAtTwoIntervalSettingsGivesDifferentRenderCounts","","Fri Sep 25 21:37:23 BST 2026","passed","Fri Sep 25 21:37:23 BST 2026","","github.com/n-orlov/deck/internal/interactive","github.com/n-orlov/deck/internal/interactive",""
"","10","TestFooterHandlerAgreementAcrossEveryRowClass/live/running/a","","Fri Sep 25 21:38:41 BST 2026","passed","Fri Sep 25 21:38:41 BST 2026","","github.com/n-orlov/deck/internal/tui","github.com/n-orlov/deck/internal/tui",""
"","1720","TestFeatures/deterministic_frames,_shared_clock_stepping,_and_generated_identifiers","","Fri Sep 25 21:39:00 BST 2026","passed","Fri Sep 25 21:39:01 BST 2026","","github.com/n-orlov/deck/features","github.com/n-orlov/deck/features",""
"","0","TestNoColorLiterals","","Fri Sep 25 21:38:41 BST 2026","passed","Fri Sep 25 21:38:41 BST 2026","","github.com/n-orlov/deck/internal/tui","github.com/n-orlov/deck/internal/tui",""
"","110","TestStoreSurvivesProcessCrashMidTransaction/atomic_transaction_killed_before_Commit_leaves_nothing_behind","","Fri Sep 25 21:38:00 BST 2026","passed","Fri Sep 25 21:38:00 BST 2026","","github.com/n-orlov/deck/internal/store","github.com/n-orlov/deck/internal/store",""
"","0","TestCreateModalYoloTakesEffectImmediatelyWithNoConfirm","","Fri Sep 25 21:38:41 BST 2026","passed","Fri Sep 25 21:38:41 BST 2026","","github.com/n-orlov/deck/internal/tui","github.com/n-orlov/deck/internal/tui",""
"","1851","dragging over the interactive preview copies the selected text to deck's own tmux buffer","","","passed","","","Steer 017 item 3 (task 216) -- tmux-like drag-to-copy selection in interactive preview mode","",""
"","60","TestReceiveHookAppliesOverAnyStaleSourceExceptStopped/Notification/from_stopped/via_user","","Fri Sep 25 21:37:06 BST 2026","passed","Fri Sep 25 21:37:06 BST 2026","","github.com/n-orlov/deck/internal/hookrecv","github.com/n-orlov/deck/internal/hookrecv",""
"","40","TestSendNamedKeyDeliversAltModifiedNavigationKeysByTmuxsOwnTranslation/C-M-S-Up","","Fri Sep 25 21:38:11 BST 2026","passed","Fri Sep 25 21:38:11 BST 2026","","github.com/n-orlov/deck/internal/tmux","github.com/n-orlov/deck/internal/tmux",""
"","80","TestReceiveCodexSessionStartAdoptsTheRowsConversationID","","Fri Sep 25 21:37:06 BST 2026","passed","Fri Sep 25 21:37:06 BST 2026","","github.com/n-orlov/deck/internal/hookrecv","github.com/n-orlov/deck/internal/hookrecv",""
"","0","TestSeamIsPlainBorderWhenNeitherPanelFocused/theme_picker_open","","Fri Sep 25 21:38:41 BST 2026","passed","Fri Sep 25 21:38:41 BST 2026","","github.com/n-orlov/deck/internal/tui","github.com/n-orlov/deck/internal/tui",""
"","1470","TestFeatures/dd_found_through_/_tombstones_an_archived_row,_u_returns_it_to_the_archived_pool_intact,_and_the_reap_removes_it","","Fri Sep 25 21:39:00 BST 2026","passed","Fri Sep 25 21:39:01 BST 2026","","github.com/n-orlov/deck/features","github.com/n-orlov/deck/features",""
"","10","TestLiveErrorRowFooterAndHandlersAgree","","Fri Sep 25 21:38:41 BST 2026","passed","Fri Sep 25 21:38:41 BST 2026","","github.com/n-orlov/deck/internal/tui","github.com/n-orlov/deck/internal/tui",""
"","1243","a double click on a sidebar row also enters interactive mode, and its second press lands harmlessly on the now-interactive preview","","","passed","","","§11.8 mouse bindings and the [ui] mouse / DECK_MOUSE opt-out (requirements 33-37, 41)","",""
"","1995","the collapsed strip's attention count matches the sort's own notion of attention","","","passed","","","The attention sort, workspace grouping/collapse, and `space` (requirement 40)","",""
"","50","TestDispatcherSendLiteralLeavesInteriorSemicolonUntouched","","Fri Sep 25 21:38:11 BST 2026","passed","Fri Sep 25 21:38:11 BST 2026","","github.com/n-orlov/deck/internal/tmux","github.com/n-orlov/deck/internal/tmux",""
"","1780","TestFeatures/a_key_set_in_two_layers_names_the_session_layer_as_the_winner,_and_PATH_names_captured_path","","Fri Sep 25 21:39:00 BST 2026","passed","Fri Sep 25 21:39:01 BST 2026","","github.com/n-orlov/deck/features","github.com/n-orlov/deck/features",""
"","40","TestSendKeysInteriorSemicolonIsUntouched","","Fri Sep 25 21:38:11 BST 2026","passed","Fri Sep 25 21:38:11 BST 2026","","github.com/n-orlov/deck/internal/tmux","github.com/n-orlov/deck/internal/tmux",""
"","0","TestSetEntryRefusalNeverLeavesItFooterOnly/shrank","","Fri Sep 25 21:38:41 BST 2026","passed","Fri Sep 25 21:38:41 BST 2026","","github.com/n-orlov/deck/internal/tui","github.com/n-orlov/deck/internal/tui",""
"","0","TestDeckOwnedCellsCarryExplicitForegroundOnEveryBuiltin/daylight/collapsed_sidebar_strip","","Fri Sep 25 21:38:41 BST 2026","passed","Fri Sep 25 21:38:41 BST 2026","","github.com/n-orlov/deck/internal/tui","github.com/n-orlov/deck/internal/tui",""
"","0","TestStackedListHeightBounds","","Fri Sep 25 21:38:41 BST 2026","passed","Fri Sep 25 21:38:41 BST 2026","","github.com/n-orlov/deck/internal/tui","github.com/n-orlov/deck/internal/tui",""
"","0","TestRestoreRefusesEmptySessionID","","Fri Sep 25 21:37:44 BST 2026","passed","Fri Sep 25 21:37:44 BST 2026","","github.com/n-orlov/deck/internal/service","github.com/n-orlov/deck/internal/service",""
"","1531","A row at error from a stale tmux launch-failure verdict recovers on the next hook","","","passed","","","Status recovery chain (requirements 43-47)","",""
"","0","TestCreateViewGhostRendersHintAtRenderTime","","Fri Sep 25 21:38:41 BST 2026","passed","Fri Sep 25 21:38:41 BST 2026","","github.com/n-orlov/deck/internal/tui","github.com/n-orlov/deck/internal/tui",""
"","0","TestPi_LaunchRequiresConversationID","","Fri Sep 25 21:37:05 BST 2026","passed","Fri Sep 25 21:37:05 BST 2026","","github.com/n-orlov/deck/internal/agent","github.com/n-orlov/deck/internal/agent",""
"","60","TestAcquireLaunchLeaseNonStoppedIsDistinctFromHeldLease","","Fri Sep 25 21:38:00 BST 2026","passed","Fri Sep 25 21:38:00 BST 2026","","github.com/n-orlov/deck/internal/store","github.com/n-orlov/deck/internal/store",""
"","0","TestSchemaFieldsAreComplete","","Fri Sep 25 21:37:05 BST 2026","passed","Fri Sep 25 21:37:05 BST 2026","","github.com/n-orlov/deck/internal/config","github.com/n-orlov/deck/internal/config",""
"","0","TestReview152HeldFilterEscapeKeepsHeaderVisible","","Fri Sep 25 21:38:41 BST 2026","passed","Fri Sep 25 21:38:41 BST 2026","","github.com/n-orlov/deck/internal/tui","github.com/n-orlov/deck/internal/tui",""
"","0","TestStackedSidebarGutterSelectedRowIsAccentWithBackgroundArrow","","Fri Sep 25 21:38:41 BST 2026","passed","Fri Sep 25 21:38:41 BST 2026","","github.com/n-orlov/deck/internal/tui","github.com/n-orlov/deck/internal/tui",""
"","848","deleting an empty group in settings removes it with no confirm prompt (R131 part 2)","","","passed","","","The `,` settings takeover (requirement 48)","",""
"","0","TestAllDialogsRejectMouseAtBorderBodyAndOutside/help/body","","Fri Sep 25 21:38:41 BST 2026","passed","Fri Sep 25 21:38:41 BST 2026","","github.com/n-orlov/deck/internal/tui","github.com/n-orlov/deck/internal/tui",""
"","790","TestFeatures/the_naive_pane-targeting_loop_never_converges_on_the_same_layout","","Fri Sep 25 21:39:00 BST 2026","passed","Fri Sep 25 21:39:00 BST 2026","","github.com/n-orlov/deck/features","github.com/n-orlov/deck/features",""
"","0","TestSettingsGroupsListLongerThanViewportKeepsSelectionAndEditorVisible/100x40/create_rejected_name_keeps_the_validation_visible","","Fri Sep 25 21:38:41 BST 2026","passed","Fri Sep 25 21:38:41 BST 2026","","github.com/n-orlov/deck/internal/tui","github.com/n-orlov/deck/internal/tui",""
"","1657","interactive mode leaves and restores the window when the terminal shrinks below the 7-row floor","","","passed","","","Interactive mode refuses rather than degrades in three named cases (Part II, requirement 47/48)","",""
"","1140","An in-session resume pair leaves the row running and moves conversation_id","","","passed","","","Status recovery chain (requirements 43-47)","",""
"","0","TestNavigationVisitsEveryVisualRow","","Fri Sep 25 21:38:41 BST 2026","passed","Fri Sep 25 21:38:41 BST 2026","","github.com/n-orlov/deck/internal/tui","github.com/n-orlov/deck/internal/tui",""
"","0","TestSettingsFieldRowBackgroundFillsFullPanelWidth","","Fri Sep 25 21:38:41 BST 2026","passed","Fri Sep 25 21:38:41 BST 2026","","github.com/n-orlov/deck/internal/tui","github.com/n-orlov/deck/internal/tui",""
"","0","TestRenameDialogUnavailableWithoutRenamerWired","","Fri Sep 25 21:38:41 BST 2026","passed","Fri Sep 25 21:38:41 BST 2026","","github.com/n-orlov/deck/internal/tui","github.com/n-orlov/deck/internal/tui",""
"","0","TestCropMarkerAndGeometryLineCarryExplicitForeground/matrix","","Fri Sep 25 21:38:41 BST 2026","passed","Fri Sep 25 21:38:41 BST 2026","","github.com/n-orlov/deck/internal/tui","github.com/n-orlov/deck/internal/tui",""
"","1500","TestFeatures/create_and_kill_propagate_and_surviving_clients_tolerate_a_peer_crash","","Fri Sep 25 21:39:00 BST 2026","passed","Fri Sep 25 21:39:01 BST 2026","","github.com/n-orlov/deck/features","github.com/n-orlov/deck/features",""
"","0","TestReview113ArchivedReloadCannotSelectHiddenRow","","Fri Sep 25 21:38:41 BST 2026","passed","Fri Sep 25 21:38:41 BST 2026","","github.com/n-orlov/deck/internal/tui","github.com/n-orlov/deck/internal/tui",""
"","977","create dialog -- ↑/↓ move focus between fields, and tab does not","","","passed","","","The §11.4 dialog contract, asserted per dialog (requirements 7, 8, 9, 10, 11, 50)","",""
"","800","TestFeatures/a_toggle_and_a_bounded_integer_are_edited_in_place_and_ctrl+s_writes_config.toml_to_match_what_the_takeover_showed","","Fri Sep 25 21:39:00 BST 2026","passed","Fri Sep 25 21:39:00 BST 2026","","github.com/n-orlov/deck/features","github.com/n-orlov/deck/features",""
"","30","TestSendKeysLiteralFailsAtTheRealCommandLengthCeiling","","Fri Sep 25 21:38:11 BST 2026","passed","Fri Sep 25 21:38:11 BST 2026","","github.com/n-orlov/deck/internal/tmux","github.com/n-orlov/deck/internal/tmux",""
"","2094","a missing cwd keeps the row as a retained, explained error","","","passed","","","Resume failure causes leave a retained, explained error row","",""
"","0","TestViewportFollowsSpace","","Fri Sep 25 21:38:41 BST 2026","passed","Fri Sep 25 21:38:41 BST 2026","","github.com/n-orlov/deck/internal/tui","github.com/n-orlov/deck/internal/tui",""
"","0","TestCodex_NeverEmitsForbiddenFlags/safe","","Fri Sep 25 21:37:05 BST 2026","passed","Fri Sep 25 21:37:05 BST 2026","","github.com/n-orlov/deck/internal/agent","github.com/n-orlov/deck/internal/agent",""
"","20","TestSettingsSaveDoesNotApplyRestartToApplyFieldsLive","","Fri Sep 25 21:38:41 BST 2026","passed","Fri Sep 25 21:38:41 BST 2026","","github.com/n-orlov/deck/internal/tui","github.com/n-orlov/deck/internal/tui",""
"","0","TestSortSessionsByOrderDispatchesOnConfiguredOrder/attention","","Fri Sep 25 21:38:41 BST 2026","passed","Fri Sep 25 21:38:41 BST 2026","","github.com/n-orlov/deck/internal/tui","github.com/n-orlov/deck/internal/tui",""
"","330","TestSessionDeadChannelNeverClosesWithoutAnyDeathAndAPollTick","","Fri Sep 25 21:37:23 BST 2026","passed","Fri Sep 25 21:37:23 BST 2026","","github.com/n-orlov/deck/internal/interactive","github.com/n-orlov/deck/internal/interactive",""
"","120","TestStoreSurvivesProcessCrashMidTransaction/weakened_autocommit_path_killed_between_the_two_writes_leaves_an_inconsistent_partial_write","","Fri Sep 25 21:38:00 BST 2026","passed","Fri Sep 25 21:38:00 BST 2026","","github.com/n-orlov/deck/internal/store","github.com/n-orlov/deck/internal/store",""
"","70","TestReceiveHookAppliesOverAnyStaleSourceExceptStopped/Notification/from_running/via_tmux","","Fri Sep 25 21:37:06 BST 2026","passed","Fri Sep 25 21:37:06 BST 2026","","github.com/n-orlov/deck/internal/hookrecv","github.com/n-orlov/deck/internal/hookrecv",""
"","0","TestQuantizeNearestNeighbour","","Fri Sep 25 21:38:10 BST 2026","passed","Fri Sep 25 21:38:10 BST 2026","","github.com/n-orlov/deck/internal/theme","github.com/n-orlov/deck/internal/theme",""
"","0","TestFooterHandlerAgreementAcrossEveryRowClass/live/running/R","","Fri Sep 25 21:38:41 BST 2026","passed","Fri Sep 25 21:38:41 BST 2026","","github.com/n-orlov/deck/internal/tui","github.com/n-orlov/deck/internal/tui",""
"","160","TestRepaintModesProduceDistinguishingObservables/sigwinch_mode_repaints_immediately_on_SIGWINCH,_not_on_a_keystroke","","Fri Sep 25 21:36:33 BST 2026","passed","Fri Sep 25 21:36:33 BST 2026","","github.com/n-orlov/deck/cmd/fake-pi","github.com/n-orlov/deck/cmd/fake-pi",""
"","10","TestSeamBodyRowIsPlainBorderWhenNeitherPanelFocused","","Fri Sep 25 21:38:41 BST 2026","passed","Fri Sep 25 21:38:41 BST 2026","","github.com/n-orlov/deck/internal/tui","github.com/n-orlov/deck/internal/tui",""
"","2083","rename dialog -- a top-level r does not open it; it still means resume","","","passed","","","The §11.4 dialog contract, asserted per dialog (requirements 7, 8, 9, 10, 11, 50)","",""
"","0","TestSelectedTextReachesIntoScrollback","","Fri Sep 25 21:37:23 BST 2026","passed","Fri Sep 25 21:37:23 BST 2026","","github.com/n-orlov/deck/internal/interactive","github.com/n-orlov/deck/internal/interactive",""
"","0","TestBuildSeedKeepsTrailingBlankRowsBottomAnchored","","Fri Sep 25 21:37:23 BST 2026","passed","Fri Sep 25 21:37:23 BST 2026","","github.com/n-orlov/deck/internal/interactive","github.com/n-orlov/deck/internal/interactive",""
"","0","TestThemedDialogsDegradeCleanlyUnderNoColorAndASCII/env_editor","","Fri Sep 25 21:38:41 BST 2026","passed","Fri Sep 25 21:38:41 BST 2026","","github.com/n-orlov/deck/internal/tui","github.com/n-orlov/deck/internal/tui",""
"","0","TestClaudeTranscriptPathMissingHomeDegrades","","Fri Sep 25 21:37:05 BST 2026","passed","Fri Sep 25 21:37:05 BST 2026","","github.com/n-orlov/deck/internal/agent","github.com/n-orlov/deck/internal/agent",""
"","1740","TestFeatures/login_shell_marks_captured_path_advisory_in_the_row_and_its_detail","","Fri Sep 25 21:39:00 BST 2026","passed","Fri Sep 25 21:39:01 BST 2026","","github.com/n-orlov/deck/features","github.com/n-orlov/deck/features",""
"","20","TestFooterLegendStaysClosedAgainstSpecForHeaderCursorKeys","","Fri Sep 25 21:38:41 BST 2026","passed","Fri Sep 25 21:38:41 BST 2026","","github.com/n-orlov/deck/internal/tui","github.com/n-orlov/deck/internal/tui",""
"","60","TestReceiveMappingTable/session_start_compacted","","Fri Sep 25 21:37:06 BST 2026","passed","Fri Sep 25 21:37:06 BST 2026","","github.com/n-orlov/deck/internal/hookrecv","github.com/n-orlov/deck/internal/hookrecv",""
"","1517","codex degrades an unsupported plan profile to safe, visibly, through ResolveProfile","","","passed","","","Permission profile mapping, degradation and the yolo gate","",""
"","0","TestDeckOwnedCellsCarryExplicitForegroundOnEveryBuiltin/daylight/theme_picker_over_the_live_list","","Fri Sep 25 21:38:41 BST 2026","passed","Fri Sep 25 21:38:41 BST 2026","","github.com/n-orlov/deck/internal/tui","github.com/n-orlov/deck/internal/tui",""
"","90","TestReceiveHookAppliesOverAnyStaleSourceExceptStopped/UserPromptSubmit/from_stopped/via_tmux","","Fri Sep 25 21:37:06 BST 2026","passed","Fri Sep 25 21:37:06 BST 2026","","github.com/n-orlov/deck/internal/hookrecv","github.com/n-orlov/deck/internal/hookrecv",""
"","0","TestInvalidControlsAreRejected/DECK_TMUX_SOCKET","","Fri Sep 25 21:37:05 BST 2026","passed","Fri Sep 25 21:37:05 BST 2026","","github.com/n-orlov/deck/internal/config","github.com/n-orlov/deck/internal/config",""
"","905","An uncontended hook store write stays below twenty milliseconds","","","passed","","","Hook receiver write contract","",""
"","0","TestAvailConfigEnvPathWinsOverProcessPath","","Fri Sep 25 21:37:44 BST 2026","passed","Fri Sep 25 21:37:44 BST 2026","","github.com/n-orlov/deck/internal/service","github.com/n-orlov/deck/internal/service",""
"","0","TestForeignPaintDoesNotMisreadASubParameterAsADefault","","Fri Sep 25 21:38:41 BST 2026","passed","Fri Sep 25 21:38:41 BST 2026","","github.com/n-orlov/deck/internal/tui","github.com/n-orlov/deck/internal/tui",""
"","0","TestLookPathInErrorsWhenNameIsADirectory","","Fri Sep 25 21:37:44 BST 2026","passed","Fri Sep 25 21:37:44 BST 2026","","github.com/n-orlov/deck/internal/service","github.com/n-orlov/deck/internal/service",""
"","0","TestCodexTranscriptPathHonoursSessionCodexHomeOverride","","Fri Sep 25 21:37:05 BST 2026","passed","Fri Sep 25 21:37:05 BST 2026","","github.com/n-orlov/deck/internal/agent","github.com/n-orlov/deck/internal/agent",""
"","90","TestEventLogDisplaysTheDroppedHookKindAndReasonAfterPressingE","","Fri Sep 25 21:38:41 BST 2026","passed","Fri Sep 25 21:38:41 BST 2026","","github.com/n-orlov/deck/internal/tui","github.com/n-orlov/deck/internal/tui",""
"","2410","TestFeatures/the_sidebar_viewport_follows_the_cursor_on_every_keyboard_move,_not_only_the_mouse_wheel","","Fri Sep 25 21:39:00 BST 2026","passed","Fri Sep 25 21:39:02 BST 2026","","github.com/n-orlov/deck/features","github.com/n-orlov/deck/features",""
"","0","TestSettingsFooterCarriesDeckBackground/empire/discard","","Fri Sep 25 21:38:41 BST 2026","passed","Fri Sep 25 21:38:41 BST 2026","","github.com/n-orlov/deck/internal/tui","github.com/n-orlov/deck/internal/tui",""
"","300","TestDialogSelectionCellsRenderOnlyFloorTokens/cobalt","","Fri Sep 25 21:38:41 BST 2026","passed","Fri Sep 25 21:38:41 BST 2026","","github.com/n-orlov/deck/internal/tui","github.com/n-orlov/deck/internal/tui",""
"","1190","TestFeatures/a_fake_agent_renders_a_preview_fixture_once_and_then_falls_silent","","Fri Sep 25 21:39:00 BST 2026","passed","Fri Sep 25 21:39:01 BST 2026","","github.com/n-orlov/deck/features","github.com/n-orlov/deck/features",""
"","0","TestThemedDialogsDegradeCleanlyUnderNoColorAndASCII/pin_conversation/initial_candidate","","Fri Sep 25 21:38:41 BST 2026","passed","Fri Sep 25 21:38:41 BST 2026","","github.com/n-orlov/deck/internal/tui","github.com/n-orlov/deck/internal/tui",""
"","90","TestResumeFailsOnMissingCWD","","Fri Sep 25 21:37:44 BST 2026","passed","Fri Sep 25 21:37:44 BST 2026","","github.com/n-orlov/deck/internal/service","github.com/n-orlov/deck/internal/service",""
"","1670","TestFeatures/the_alternating_surface_stripe_fills_every_content_column_on_both_lines_of_a_non-selected_row","","Fri Sep 25 21:39:00 BST 2026","passed","Fri Sep 25 21:39:01 BST 2026","","github.com/n-orlov/deck/features","github.com/n-orlov/deck/features",""
"","100","TestReceiveRejectsShellTarget","","Fri Sep 25 21:37:06 BST 2026","passed","Fri Sep 25 21:37:06 BST 2026","","github.com/n-orlov/deck/internal/hookrecv","github.com/n-orlov/deck/internal/hookrecv",""
"","1140","TestFeatures/SIGKILL_targets_the_agent_process_and_retains_its_failed_pane","","Fri Sep 25 21:39:00 BST 2026","passed","Fri Sep 25 21:39:01 BST 2026","","github.com/n-orlov/deck/features","github.com/n-orlov/deck/features",""
"","110","TestSupersededLaunchGenerationDropsTheWholeHookClass/Notification/current_token","","Fri Sep 25 21:37:06 BST 2026","passed","Fri Sep 25 21:37:06 BST 2026","","github.com/n-orlov/deck/internal/hookrecv","github.com/n-orlov/deck/internal/hookrecv",""
"","90","TestSessionContextEnvExportsNamedGroupThroughRealPaneLaunch/shell","","Fri Sep 25 21:37:44 BST 2026","passed","Fri Sep 25 21:37:44 BST 2026","","github.com/n-orlov/deck/internal/service","github.com/n-orlov/deck/internal/service",""
"","843","DECK_MOUSE=0 disables mouse reporting","","","passed","","","Godog harness wiring","",""
"","0","TestSettingsEditsFromSettingsCoversEveryFlatKey","","Fri Sep 25 21:38:41 BST 2026","passed","Fri Sep 25 21:38:41 BST 2026","","github.com/n-orlov/deck/internal/tui","github.com/n-orlov/deck/internal/tui",""
"","100","TestReceiveHookAppliesOverAnyStaleSourceExceptStopped/Stop/from_stopped/via_hook","","Fri Sep 25 21:37:06 BST 2026","passed","Fri Sep 25 21:37:06 BST 2026","","github.com/n-orlov/deck/internal/hookrecv","github.com/n-orlov/deck/internal/hookrecv",""
"","50","TestReceiveHookAppliesOverAnyStaleSourceExceptStopped/SessionEnd/from_waiting/via_hook","","Fri Sep 25 21:37:06 BST 2026","passed","Fri Sep 25 21:37:06 BST 2026","","github.com/n-orlov/deck/internal/hookrecv","github.com/n-orlov/deck/internal/hookrecv",""
"","0","TestForeignPaintZeroSettingsFallsBackToTheDefault","","Fri Sep 25 21:38:41 BST 2026","passed","Fri Sep 25 21:38:41 BST 2026","","github.com/n-orlov/deck/internal/tui","github.com/n-orlov/deck/internal/tui",""
"","50","TestPreviewPaneAndCapturePreviewRealTmux","","Fri Sep 25 21:38:11 BST 2026","passed","Fri Sep 25 21:38:11 BST 2026","","github.com/n-orlov/deck/internal/tmux","github.com/n-orlov/deck/internal/tmux",""
"","100","TestReceiveHookAppliesOverAnyStaleSourceExceptStopped/UserPromptSubmit/from_stopped/via_user","","Fri Sep 25 21:37:06 BST 2026","passed","Fri Sep 25 21:37:06 BST 2026","","github.com/n-orlov/deck/internal/hookrecv","github.com/n-orlov/deck/internal/hookrecv",""
"","0","TestClaude_UnsupportedProfileErrors","","Fri Sep 25 21:37:05 BST 2026","passed","Fri Sep 25 21:37:05 BST 2026","","github.com/n-orlov/deck/internal/agent","github.com/n-orlov/deck/internal/agent",""
"","250","TestPreviewTickStolenFalloutRecordsNothingDurable","","Fri Sep 25 21:38:41 BST 2026","passed","Fri Sep 25 21:38:41 BST 2026","","github.com/n-orlov/deck/internal/tui","github.com/n-orlov/deck/internal/tui",""
"","0","TestDriftEndingKeysBringSelectionBackIntoView/key=""pgdown""","","Fri Sep 25 21:38:41 BST 2026","passed","Fri Sep 25 21:38:41 BST 2026","","github.com/n-orlov/deck/internal/tui","github.com/n-orlov/deck/internal/tui",""
"","130","TestTUIProbeReconcileUsesWallClockStalenessAndHookPrecedence","","Fri Sep 25 21:37:44 BST 2026","passed","Fri Sep 25 21:37:44 BST 2026","","github.com/n-orlov/deck/internal/service","github.com/n-orlov/deck/internal/service",""
"","0","TestApplyDialogContractCoreKeys/space_changes_the_selection_when_there_is_no_text_field_to_type_into","","Fri Sep 25 21:38:41 BST 2026","passed","Fri Sep 25 21:38:41 BST 2026","","github.com/n-orlov/deck/internal/tui","github.com/n-orlov/deck/internal/tui",""
"","0","TestSeamRuleAppliesWhenCollapsed","","Fri Sep 25 21:38:41 BST 2026","passed","Fri Sep 25 21:38:41 BST 2026","","github.com/n-orlov/deck/internal/tui","github.com/n-orlov/deck/internal/tui",""
"","0","TestFgSGRForHexRespectsColourDepth","","Fri Sep 25 21:38:41 BST 2026","passed","Fri Sep 25 21:38:41 BST 2026","","github.com/n-orlov/deck/internal/tui","github.com/n-orlov/deck/internal/tui",""
"","0","TestSessionGroupIDDefaultsAndDanglingBothResolveToZero/dangling_GroupID,_resolved_GroupName_empty","","Fri Sep 25 21:38:41 BST 2026","passed","Fri Sep 25 21:38:41 BST 2026","","github.com/n-orlov/deck/internal/tui","github.com/n-orlov/deck/internal/tui",""
"","0","TestSeamBodyRowIsPlainBorderWhenNeitherPanelFocused/filter_input_focused","","Fri Sep 25 21:38:41 BST 2026","passed","Fri Sep 25 21:38:41 BST 2026","","github.com/n-orlov/deck/internal/tui","github.com/n-orlov/deck/internal/tui",""
"","60","TestPromoteRecentCwdRepromotingExistingPathMovesToFrontWithoutDuplicating","","Fri Sep 25 21:38:00 BST 2026","passed","Fri Sep 25 21:38:00 BST 2026","","github.com/n-orlov/deck/internal/store","github.com/n-orlov/deck/internal/store",""
"","0","TestDeckOwnedCellsCarryExplicitForegroundOnEveryBuiltin/cobalt/settings_takeover","","Fri Sep 25 21:38:41 BST 2026","passed","Fri Sep 25 21:38:41 BST 2026","","github.com/n-orlov/deck/internal/tui","github.com/n-orlov/deck/internal/tui",""
"","0","TestFooterHandlerAgreementAcrossEveryRowClass/stopped/r","","Fri Sep 25 21:38:41 BST 2026","passed","Fri Sep 25 21:38:41 BST 2026","","github.com/n-orlov/deck/internal/tui","github.com/n-orlov/deck/internal/tui",""
"","1472","a global pre_launch and a session's own pre_launch compose, global first, in the same shell","","","passed","","","Every pane carries its own session's DECK_SESSION_* context (R104, SPEC §6.1)","",""
"","10","TestDriftPreservingKeysLeaveTheDriftInPlace","","Fri Sep 25 21:38:41 BST 2026","passed","Fri Sep 25 21:38:41 BST 2026","","github.com/n-orlov/deck/internal/tui","github.com/n-orlov/deck/internal/tui",""
"","0","TestParsePaneSeedStateRejectsWrongFieldCount","","Fri Sep 25 21:38:11 BST 2026","passed","Fri Sep 25 21:38:11 BST 2026","","github.com/n-orlov/deck/internal/tmux","github.com/n-orlov/deck/internal/tmux",""
"","953","submitting a working directory that does not exist names it and keeps the modal open","","","passed","","","The create modal's §11.7 cwd prefill (requirement 12)","",""
"","1981","preview_fit does not resize on a mode switch, sidebar-width change or outer-terminal resize -- only on a settled selection change","","","passed","","","The preview capture engine and its visible behaviour","",""
"","0","TestComputeLayoutSideBySideAndCollapsedAlwaysShowPreview","","Fri Sep 25 21:38:41 BST 2026","passed","Fri Sep 25 21:38:41 BST 2026","","github.com/n-orlov/deck/internal/tui","github.com/n-orlov/deck/internal/tui",""
"","60","TestRenameSessionChangesNameOnlyEnforcesUniquenessAndRecordsEvent","","Fri Sep 25 21:38:00 BST 2026","passed","Fri Sep 25 21:38:00 BST 2026","","github.com/n-orlov/deck/internal/store","github.com/n-orlov/deck/internal/store",""
"","0","TestNoColorWinsToMonochromeIndependentlyOfColorDepth","","Fri Sep 25 21:37:05 BST 2026","passed","Fri Sep 25 21:37:05 BST 2026","","github.com/n-orlov/deck/internal/config","github.com/n-orlov/deck/internal/config",""
"","320","TestPaneSeedStateReadsEachNonDefaultFieldFromARealPane/mouse_any_flag","","Fri Sep 25 21:38:11 BST 2026","passed","Fri Sep 25 21:38:11 BST 2026","","github.com/n-orlov/deck/internal/tmux","github.com/n-orlov/deck/internal/tmux",""
"","60","TestReceiveHookAppliesOverAnyStaleSourceExceptStopped/UserPromptSubmit/from_starting/via_user","","Fri Sep 25 21:37:06 BST 2026","passed","Fri Sep 25 21:37:06 BST 2026","","github.com/n-orlov/deck/internal/hookrecv","github.com/n-orlov/deck/internal/hookrecv",""
"","30","TestCreateRacesConcurrentReconcilerKill","","Fri Sep 25 21:38:11 BST 2026","passed","Fri Sep 25 21:38:11 BST 2026","","github.com/n-orlov/deck/internal/tmux","github.com/n-orlov/deck/internal/tmux",""
"","0","TestProbeGoldenPaneCorpus/codex/retrying.txt","","Fri Sep 25 21:37:05 BST 2026","passed","Fri Sep 25 21:37:05 BST 2026","","github.com/n-orlov/deck/internal/agent","github.com/n-orlov/deck/internal/agent",""
"","0","TestInteractiveCollapsedStripPressRestoresLayout","","Fri Sep 25 21:38:41 BST 2026","passed","Fri Sep 25 21:38:41 BST 2026","","github.com/n-orlov/deck/internal/tui","github.com/n-orlov/deck/internal/tui",""
"","180","TestResumeExportsCurrentLaunchGenerationToThePane","","Fri Sep 25 21:37:44 BST 2026","passed","Fri Sep 25 21:37:44 BST 2026","","github.com/n-orlov/deck/internal/service","github.com/n-orlov/deck/internal/service",""
"","150","TestReconcileLosesInterleavedStatusWriteDuringShellPromotion","","Fri Sep 25 21:37:44 BST 2026","passed","Fri Sep 25 21:37:44 BST 2026","","github.com/n-orlov/deck/internal/service","github.com/n-orlov/deck/internal/service",""
"","1350","TestFeatures/create_dialog_--_every_field_is_reachable_by_keyboard_alone,_editable,_and_each_edit_is_visible","","Fri Sep 25 21:39:00 BST 2026","passed","Fri Sep 25 21:39:01 BST 2026","","github.com/n-orlov/deck/features","github.com/n-orlov/deck/features",""
"","2370","TestMouseReportingStaysOffAfterAttachDetachWithMouseDisabled","","Fri Sep 25 21:36:35 BST 2026","passed","Fri Sep 25 21:36:37 BST 2026","","github.com/n-orlov/deck/features","github.com/n-orlov/deck/features",""
"","0","TestLookPathInErrorsWhenDirectPathIsModeNonExecutable","","Fri Sep 25 21:37:44 BST 2026","passed","Fri Sep 25 21:37:44 BST 2026","","github.com/n-orlov/deck/internal/service","github.com/n-orlov/deck/internal/service",""
"","40","TestSendNamedKeyDeliversHomeAndEndByTmuxsOwnTranslationNotHandEncoded/End","","Fri Sep 25 21:38:11 BST 2026","passed","Fri Sep 25 21:38:11 BST 2026","","github.com/n-orlov/deck/internal/tmux","github.com/n-orlov/deck/internal/tmux",""
"","788","a colour assertion fails when pointed at a cell of a different colour","","","passed","","","Godog harness wiring","",""
"","1270","TestFeatures//_filters_the_list_down_to_the_one_row_whose_cwd_matches","","Fri Sep 25 21:39:00 BST 2026","passed","Fri Sep 25 21:39:01 BST 2026","","github.com/n-orlov/deck/features","github.com/n-orlov/deck/features",""
"","698","the [env] table states its restart-to-apply scope on screen","","","passed","","","The `,` settings takeover (requirement 48)","",""
"","2340","TestFeatures/two_claude_sessions_in_one_cwd_keep_separate_conversation_ids","","Fri Sep 25 21:39:00 BST 2026","passed","Fri Sep 25 21:39:02 BST 2026","","github.com/n-orlov/deck/features","github.com/n-orlov/deck/features",""
"","100","TestGroupNameRejectsControlCharactersAnywhere","","Fri Sep 25 21:38:00 BST 2026","passed","Fri Sep 25 21:38:00 BST 2026","","github.com/n-orlov/deck/internal/store","github.com/n-orlov/deck/internal/store",""
"","0","TestFooterHandlerAgreementAcrossEveryRowClass/live/running/i","","Fri Sep 25 21:38:41 BST 2026","passed","Fri Sep 25 21:38:41 BST 2026","","github.com/n-orlov/deck/internal/tui","github.com/n-orlov/deck/internal/tui",""
"","0","TestCaps_SupportsProfile","","Fri Sep 25 21:37:05 BST 2026","passed","Fri Sep 25 21:37:05 BST 2026","","github.com/n-orlov/deck/internal/agent","github.com/n-orlov/deck/internal/agent",""
"","0","TestDeleteUndoNoteStaysWithinFrameBudgetAtEveryLayoutMode","","Fri Sep 25 21:38:41 BST 2026","passed","Fri Sep 25 21:38:41 BST 2026","","github.com/n-orlov/deck/internal/tui","github.com/n-orlov/deck/internal/tui",""
"","540","TestFeatures/refuse_a_newer_database_without_corruption","","Fri Sep 25 21:39:00 BST 2026","passed","Fri Sep 25 21:39:00 BST 2026","","github.com/n-orlov/deck/features","github.com/n-orlov/deck/features",""
"","0","TestBulkDeleteConfirmNoteIsError","","Fri Sep 25 21:38:41 BST 2026","passed","Fri Sep 25 21:38:41 BST 2026","","github.com/n-orlov/deck/internal/tui","github.com/n-orlov/deck/internal/tui",""
"","0","TestThemedDialogsDegradeCleanlyUnderNoColorAndASCII/delete/purge_confirm/purge_chosen,_path_resolved","","Fri Sep 25 21:38:41 BST 2026","passed","Fri Sep 25 21:38:41 BST 2026","","github.com/n-orlov/deck/internal/tui","github.com/n-orlov/deck/internal/tui",""
"","780","TestFeatures/the_preview_is_suppressed_below_its_floor_and_the_sidebar_takes_the_space","","Fri Sep 25 21:39:00 BST 2026","passed","Fri Sep 25 21:39:00 BST 2026","","github.com/n-orlov/deck/features","github.com/n-orlov/deck/features",""
"","960","TestFeatures/tab_does_nothing,_and_does_not_move_focus,_when_the_segment_already_names_the_one_candidate_in_full","","Fri Sep 25 21:39:00 BST 2026","passed","Fri Sep 25 21:39:00 BST 2026","","github.com/n-orlov/deck/features","github.com/n-orlov/deck/features",""
"","0","TestNoProductionCodeBuildsADangerousCommandWithItsOwnExplicitTargetIsNonVacuous","","Fri Sep 25 21:38:11 BST 2026","passed","Fri Sep 25 21:38:11 BST 2026","","github.com/n-orlov/deck/internal/tmux","github.com/n-orlov/deck/internal/tmux",""
"","0","TestBelowMinimumFrameStaysWithinBudget/60x12/none/none","","Fri Sep 25 21:38:41 BST 2026","passed","Fri Sep 25 21:38:41 BST 2026","","github.com/n-orlov/deck/internal/tui","github.com/n-orlov/deck/internal/tui",""
"","1230","TestFeatures/driving_every_key_the_takeover_binds_leaves_the_session_set_untouched","","Fri Sep 25 21:39:00 BST 2026","passed","Fri Sep 25 21:39:01 BST 2026","","github.com/n-orlov/deck/features","github.com/n-orlov/deck/features",""
"","60","TestPassiveFitLeavesNoWindowSizePinBehindIt","","Fri Sep 25 21:38:41 BST 2026","passed","Fri Sep 25 21:38:41 BST 2026","","github.com/n-orlov/deck/internal/tui","github.com/n-orlov/deck/internal/tui",""
"","770","TestRepaintModesProduceDistinguishingObservables","","Fri Sep 25 21:36:32 BST 2026","passed","Fri Sep 25 21:36:32 BST 2026","","github.com/n-orlov/deck/cmd/fake-claude","github.com/n-orlov/deck/cmd/fake-claude",""
"","0","TestSidebarGutterSelectedRowIsAccentWithBackgroundArrow","","Fri Sep 25 21:38:41 BST 2026","passed","Fri Sep 25 21:38:41 BST 2026","","github.com/n-orlov/deck/internal/tui","github.com/n-orlov/deck/internal/tui",""
"","0","TestFKeyRoutesToForceEnterInteractiveBody","","Fri Sep 25 21:38:41 BST 2026","passed","Fri Sep 25 21:38:41 BST 2026","","github.com/n-orlov/deck/internal/tui","github.com/n-orlov/deck/internal/tui",""
"","1320","TestFeatures/archiving_an_already-stopped_session_leaves_its_adversarially-seeded_cwd_fingerprint_unchanged","","Fri Sep 25 21:39:00 BST 2026","passed","Fri Sep 25 21:39:01 BST 2026","","github.com/n-orlov/deck/features","github.com/n-orlov/deck/features",""
"","0","TestSessionScopedKeysAreInertOnAHeader/dd_(marked)","","Fri Sep 25 21:38:41 BST 2026","passed","Fri Sep 25 21:38:41 BST 2026","","github.com/n-orlov/deck/internal/tui","github.com/n-orlov/deck/internal/tui",""
"","0","TestProbeGoldenPaneCorpus/pi/idle.txt","","Fri Sep 25 21:37:05 BST 2026","passed","Fri Sep 25 21:37:05 BST 2026","","github.com/n-orlov/deck/internal/agent","github.com/n-orlov/deck/internal/agent",""
"","1040","scrolling over the passive preview panel does nothing","","","passed","","","The preview capture engine and its visible behaviour","",""
"","80","TestCreateAgentResolvesPATHInSPECOrder","","Fri Sep 25 21:37:44 BST 2026","passed","Fri Sep 25 21:37:44 BST 2026","","github.com/n-orlov/deck/internal/service","github.com/n-orlov/deck/internal/service",""
"","0","TestEnvViewStaysWithinFrameBudgetAt80x24","","Fri Sep 25 21:38:41 BST 2026","passed","Fri Sep 25 21:38:41 BST 2026","","github.com/n-orlov/deck/internal/tui","github.com/n-orlov/deck/internal/tui",""
"","1374","deleting a non-empty group in settings offers moving members to default or the same dd confirm (R131 part 2)","","","passed","","","The `,` settings takeover (requirement 48)","",""
"","0","TestDeckOwnedCellsCarryExplicitForegroundOnEveryBuiltin/empire/startup_banner","","Fri Sep 25 21:38:41 BST 2026","passed","Fri Sep 25 21:38:41 BST 2026","","github.com/n-orlov/deck/internal/tui","github.com/n-orlov/deck/internal/tui",""
"","10","TestSettingsFooterCarriesDeckBackground/empire","","Fri Sep 25 21:38:41 BST 2026","passed","Fri Sep 25 21:38:41 BST 2026","","github.com/n-orlov/deck/internal/tui","github.com/n-orlov/deck/internal/tui",""
"","0","TestFooterHandlerAgreementAcrossEveryRowClass/attention-pending/↵","","Fri Sep 25 21:38:41 BST 2026","passed","Fri Sep 25 21:38:41 BST 2026","","github.com/n-orlov/deck/internal/tui","github.com/n-orlov/deck/internal/tui",""
"","0","TestFooterHandlerAgreementAcrossEveryRowClass/attention-pending/Y","","Fri Sep 25 21:38:41 BST 2026","passed","Fri Sep 25 21:38:41 BST 2026","","github.com/n-orlov/deck/internal/tui","github.com/n-orlov/deck/internal/tui",""
"","90","TestDispatcherSendLiteralStreamsOversizedPayloadViaLoadBufferAndArrivesIntact","","Fri Sep 25 21:38:11 BST 2026","passed","Fri Sep 25 21:38:11 BST 2026","","github.com/n-orlov/deck/internal/tmux","github.com/n-orlov/deck/internal/tmux",""
"","0","TestThemedDialogsDegradeCleanlyUnderNoColorAndASCII/delete/purge_confirm","","Fri Sep 25 21:38:41 BST 2026","passed","Fri Sep 25 21:38:41 BST 2026","","github.com/n-orlov/deck/internal/tui","github.com/n-orlov/deck/internal/tui",""
"","400","TestWaitForFrameAppliesADefaultDeadlineWhenTheCallersContextHasNone","","Fri Sep 25 21:36:35 BST 2026","passed","Fri Sep 25 21:36:35 BST 2026","","github.com/n-orlov/deck/features","github.com/n-orlov/deck/features",""
"","0","TestSettingsStringBackspaceDeletesOneRune","","Fri Sep 25 21:38:41 BST 2026","passed","Fri Sep 25 21:38:41 BST 2026","","github.com/n-orlov/deck/internal/tui","github.com/n-orlov/deck/internal/tui",""
"","100","TestReceiveSessionEndReasonTaxonomy/clear_is_not_an_end","","Fri Sep 25 21:37:06 BST 2026","passed","Fri Sep 25 21:37:06 BST 2026","","github.com/n-orlov/deck/internal/hookrecv","github.com/n-orlov/deck/internal/hookrecv",""
"","0","TestSortSessionsByAttentionTiesBrokenByID","","Fri Sep 25 21:38:41 BST 2026","passed","Fri Sep 25 21:38:41 BST 2026","","github.com/n-orlov/deck/internal/tui","github.com/n-orlov/deck/internal/tui",""
"","50","TestForceClaimWindowOwnershipLoserReleaseLeavesWinnerIntact","","Fri Sep 25 21:38:11 BST 2026","passed","Fri Sep 25 21:38:11 BST 2026","","github.com/n-orlov/deck/internal/tmux","github.com/n-orlov/deck/internal/tmux",""
"","0","TestThemedDialogsDegradeCleanlyUnderNoColorAndASCII/restart-or-inject/with_a_failure_note","","Fri Sep 25 21:38:41 BST 2026","passed","Fri Sep 25 21:38:41 BST 2026","","github.com/n-orlov/deck/internal/tui","github.com/n-orlov/deck/internal/tui",""
"","1240","TestFeatures/default_group_first_renders_the_implicit_default_group_first_instead_of_last,_without_disturbing_alphabetical_order_among_the_rest","","Fri Sep 25 21:39:00 BST 2026","passed","Fri Sep 25 21:39:01 BST 2026","","github.com/n-orlov/deck/features","github.com/n-orlov/deck/features",""
"","0","TestNextAttentionSelectionNoopWhenNothingNeedsAttention","","Fri Sep 25 21:38:41 BST 2026","passed","Fri Sep 25 21:38:41 BST 2026","","github.com/n-orlov/deck/internal/tui","github.com/n-orlov/deck/internal/tui",""
"","680","TestFeatures/auto_selects_side-by-side_at_and_above_80_columns,_stacked_below_it#01","","Fri Sep 25 21:39:00 BST 2026","passed","Fri Sep 25 21:39:00 BST 2026","","github.com/n-orlov/deck/features","github.com/n-orlov/deck/features",""
"","0","TestNoLiveCapturePreviewInteriorCarriesDeckBackgroundStacked/daylight","","Fri Sep 25 21:38:41 BST 2026","passed","Fri Sep 25 21:38:41 BST 2026","","github.com/n-orlov/deck/internal/tui","github.com/n-orlov/deck/internal/tui",""
"","0","TestFooterHandlerAgreementAcrossEveryRowClass/non-empty_mark_set:_selected_row_differs_from_the_marked_row/x","","Fri Sep 25 21:38:41 BST 2026","passed","Fri Sep 25 21:38:41 BST 2026","","github.com/n-orlov/deck/internal/tui","github.com/n-orlov/deck/internal/tui",""
"","2238","one hook-driven status change propagates to every client","","","passed","","","Multi-client session refresh","",""
"","130","TestStolenFromTeardownIssuesNoPipePaneDisarm","","Fri Sep 25 21:38:41 BST 2026","passed","Fri Sep 25 21:38:41 BST 2026","","github.com/n-orlov/deck/internal/tui","github.com/n-orlov/deck/internal/tui",""
"","0","TestSettingsEnvEditExistingValue","","Fri Sep 25 21:38:41 BST 2026","passed","Fri Sep 25 21:38:41 BST 2026","","github.com/n-orlov/deck/internal/tui","github.com/n-orlov/deck/internal/tui",""
"","2170","TestFeatures/a_built-in_theme_colours_each_of_the_seven_§7_status_tokens,_read_per_cell_from_a_real_client#04","","Fri Sep 25 21:39:00 BST 2026","passed","Fri Sep 25 21:39:02 BST 2026","","github.com/n-orlov/deck/features","github.com/n-orlov/deck/features",""
"","0","TestInvalidControlsAreRejected/DECK_DELETE_GRACE_MS","","Fri Sep 25 21:37:05 BST 2026","passed","Fri Sep 25 21:37:05 BST 2026","","github.com/n-orlov/deck/internal/config","github.com/n-orlov/deck/internal/config",""
"","0","TestSettingsFooterCarriesDeckBackground/parchment/env-edit","","Fri Sep 25 21:38:41 BST 2026","passed","Fri Sep 25 21:38:41 BST 2026","","github.com/n-orlov/deck/internal/tui","github.com/n-orlov/deck/internal/tui",""
"","0","TestMouseIgnoredWhileOverlayOpen","","Fri Sep 25 21:38:41 BST 2026","passed","Fri Sep 25 21:38:41 BST 2026","","github.com/n-orlov/deck/internal/tui","github.com/n-orlov/deck/internal/tui",""
"","0","TestFingerprintDetectsMutations/removed_file","","Fri Sep 25 21:36:35 BST 2026","passed","Fri Sep 25 21:36:35 BST 2026","","github.com/n-orlov/deck/features","github.com/n-orlov/deck/features",""
"","70","TestScrollableOverlaysStillPageWithPgDn","","Fri Sep 25 21:38:41 BST 2026","passed","Fri Sep 25 21:38:41 BST 2026","","github.com/n-orlov/deck/internal/tui","github.com/n-orlov/deck/internal/tui",""
"","0","TestResolveEmptyNameIsDefaultWithNoReason","","Fri Sep 25 21:38:10 BST 2026","passed","Fri Sep 25 21:38:10 BST 2026","","github.com/n-orlov/deck/internal/theme","github.com/n-orlov/deck/internal/theme",""
"","70","TestReleaseLaunchLeaseDoesNotEndADifferentLiveOwnersLease","","Fri Sep 25 21:38:00 BST 2026","passed","Fri Sep 25 21:38:00 BST 2026","","github.com/n-orlov/deck/internal/store","github.com/n-orlov/deck/internal/store",""
"","881","in passive preview, a live pane larger than the panel is cropped with its real geometry stated","","","passed","","","The preview capture engine and its visible behaviour","",""
"","1060","TestFeatures/a_real_deck_client's_frame_fits_its_own_terminal_at_several_sizes","","Fri Sep 25 21:39:00 BST 2026","passed","Fri Sep 25 21:39:01 BST 2026","","github.com/n-orlov/deck/features","github.com/n-orlov/deck/features",""
"","0","TestInvalidControlsAreRejected","","Fri Sep 25 21:37:05 BST 2026","passed","Fri Sep 25 21:37:05 BST 2026","","github.com/n-orlov/deck/internal/config","github.com/n-orlov/deck/internal/config",""
"","90","TestReceiveMappingTable/session_start_resumed","","Fri Sep 25 21:37:06 BST 2026","passed","Fri Sep 25 21:37:06 BST 2026","","github.com/n-orlov/deck/internal/hookrecv","github.com/n-orlov/deck/internal/hookrecv",""
"","2027","racing clients collect one corpse idempotently","","","passed","","","Clean exits and crashed agent panes","",""
"","100","TestReceiveHookAppliesOverAnyStaleSourceExceptStopped/Stop/from_idle/via_tmux","","Fri Sep 25 21:37:06 BST 2026","passed","Fri Sep 25 21:37:06 BST 2026","","github.com/n-orlov/deck/internal/hookrecv","github.com/n-orlov/deck/internal/hookrecv",""
"","140","TestResumeRefusesAnArchivedRowBeforeAnythingIsCreated","","Fri Sep 25 21:37:44 BST 2026","passed","Fri Sep 25 21:37:44 BST 2026","","github.com/n-orlov/deck/internal/service","github.com/n-orlov/deck/internal/service",""
"","130","TestRenameChangesNameLeavesSlugAndTmuxSessionUntouched","","Fri Sep 25 21:37:44 BST 2026","passed","Fri Sep 25 21:37:44 BST 2026","","github.com/n-orlov/deck/internal/service","github.com/n-orlov/deck/internal/service",""
"","0","TestInteractiveScrollHealAtUpdateTopLeavesNonInteractiveModelsUntouched","","Fri Sep 25 21:38:41 BST 2026","passed","Fri Sep 25 21:38:41 BST 2026","","github.com/n-orlov/deck/internal/tui","github.com/n-orlov/deck/internal/tui",""
"","706","the settings takeover's search footer paints deck background across its whole row","","","passed","","","The settings takeover's own footer carries deck's background token in every mode (requirement 118, task cure-03-01)","",""
"","0","TestArchiveRefusesEmptySessionID","","Fri Sep 25 21:37:44 BST 2026","passed","Fri Sep 25 21:37:44 BST 2026","","github.com/n-orlov/deck/internal/service","github.com/n-orlov/deck/internal/service",""
"","0","TestThemeFallbackNoticeStaysWithinFrameBudget/70x24","","Fri Sep 25 21:38:41 BST 2026","passed","Fri Sep 25 21:38:41 BST 2026","","github.com/n-orlov/deck/internal/tui","github.com/n-orlov/deck/internal/tui",""
"","0","TestSettingsFieldLabelIsHumanReadable","","Fri Sep 25 21:38:41 BST 2026","passed","Fri Sep 25 21:38:41 BST 2026","","github.com/n-orlov/deck/internal/tui","github.com/n-orlov/deck/internal/tui",""
"","1960","TestFeatures/Shift+PgUp_reaches_output_the_pane_printed_before_deck_entered_interactive_mode","","Fri Sep 25 21:39:00 BST 2026","passed","Fri Sep 25 21:39:01 BST 2026","","github.com/n-orlov/deck/features","github.com/n-orlov/deck/features",""
"","2100","TestFeatures/choosing_purge_in_the_delete_confirm_removes_only_the_agent's_declared_transcript_file","","Fri Sep 25 21:39:00 BST 2026","passed","Fri Sep 25 21:39:02 BST 2026","","github.com/n-orlov/deck/features","github.com/n-orlov/deck/features",""
"","740","TestFeatures/an_unknown_theme_name_falls_back_to_the_default_rather_than_to_the_user_theme's_colours","","Fri Sep 25 21:39:00 BST 2026","passed","Fri Sep 25 21:39:00 BST 2026","","github.com/n-orlov/deck/features","github.com/n-orlov/deck/features",""
"","0","TestInteractiveFooterAdvertisesTheExitChordAndForwarding","","Fri Sep 25 21:38:41 BST 2026","passed","Fri Sep 25 21:38:41 BST 2026","","github.com/n-orlov/deck/internal/tui","github.com/n-orlov/deck/internal/tui",""
"","1017","a second blank-name create in the same directory and minute gets a -2 collision suffix","","","passed","","","The create modal's §11.7 cwd prefill (requirement 12)","",""
"","0","TestCodex_LaunchArgv/safe","","Fri Sep 25 21:37:05 BST 2026","passed","Fri Sep 25 21:37:05 BST 2026","","github.com/n-orlov/deck/internal/agent","github.com/n-orlov/deck/internal/agent",""
"","0","TestDeleteUndoNoteStaysWithinFrameBudgetAtEveryLayoutMode/batch-delete-undo/auto","","Fri Sep 25 21:38:41 BST 2026","passed","Fri Sep 25 21:38:41 BST 2026","","github.com/n-orlov/deck/internal/tui","github.com/n-orlov/deck/internal/tui",""
"","10","TestSidebarGutterMarkedUnselectedRowIsBadgeWithCheck","","Fri Sep 25 21:38:41 BST 2026","passed","Fri Sep 25 21:38:41 BST 2026","","github.com/n-orlov/deck/internal/tui","github.com/n-orlov/deck/internal/tui",""
"","720","TestFeatures/migrate_a_v1_database_in_place_without_recreating_a_session_row","","Fri Sep 25 21:39:00 BST 2026","passed","Fri Sep 25 21:39:00 BST 2026","","github.com/n-orlov/deck/features","github.com/n-orlov/deck/features",""
"","1290","a selected row's background fills every content column on both lines, even with a truncating name, and the seam stays clear","","","passed","","","A selected/striped sidebar row's background fills a real rectangle, and the seam stays clear (requirement 58, task 323)","",""
"","100","TestCreateShellFailingOwnPreLaunchIsFailClosed","","Fri Sep 25 21:37:44 BST 2026","passed","Fri Sep 25 21:37:44 BST 2026","","github.com/n-orlov/deck/internal/service","github.com/n-orlov/deck/internal/service",""
"","50","TestClaimStateProbeForeignLiveOnAContestedWindow","","Fri Sep 25 21:38:11 BST 2026","passed","Fri Sep 25 21:38:11 BST 2026","","github.com/n-orlov/deck/internal/tmux","github.com/n-orlov/deck/internal/tmux",""
"","4104","two Codex rows in one directory adopt their own ids and report a real approval","","","passed","","","Codex hook-driven identity and status","",""
"","0","TestBuiltinContrastFloor/daylight","","Fri Sep 25 21:38:10 BST 2026","passed","Fri Sep 25 21:38:10 BST 2026","","github.com/n-orlov/deck/internal/theme","github.com/n-orlov/deck/internal/theme",""
"","20","TestClickInsideOverlayStillDoesNothing","","Fri Sep 25 21:38:41 BST 2026","passed","Fri Sep 25 21:38:41 BST 2026","","github.com/n-orlov/deck/internal/tui","github.com/n-orlov/deck/internal/tui",""
"","0","TestWheelScrollsSidebarWithoutChangingSelectionOrFocus","","Fri Sep 25 21:38:41 BST 2026","passed","Fri Sep 25 21:38:41 BST 2026","","github.com/n-orlov/deck/internal/tui","github.com/n-orlov/deck/internal/tui",""
"","0","TestFooterHandlerAgreementAcrossEveryRowClass/archived/↵","","Fri Sep 25 21:38:41 BST 2026","passed","Fri Sep 25 21:38:41 BST 2026","","github.com/n-orlov/deck/internal/tui","github.com/n-orlov/deck/internal/tui",""
"","40","TestSendNamedKeyDeliversAltModifiedNavigationKeysByTmuxsOwnTranslation/M-PageUp","","Fri Sep 25 21:38:11 BST 2026","passed","Fri Sep 25 21:38:11 BST 2026","","github.com/n-orlov/deck/internal/tmux","github.com/n-orlov/deck/internal/tmux",""
"","80","TestSupersededLaunchGenerationDropsTheWholeHookClass/StopFailure/current_token","","Fri Sep 25 21:37:06 BST 2026","passed","Fri Sep 25 21:37:06 BST 2026","","github.com/n-orlov/deck/internal/hookrecv","github.com/n-orlov/deck/internal/hookrecv",""
"","440","TestPaneIDPlusSessionNameStillDeliversIntoTheReplacementProgramAfterRespawn","","Fri Sep 25 21:38:11 BST 2026","passed","Fri Sep 25 21:38:11 BST 2026","","github.com/n-orlov/deck/internal/tmux","github.com/n-orlov/deck/internal/tmux",""
"","80","TestWheelInOverlayAgreesWithArrowKeys","","Fri Sep 25 21:38:41 BST 2026","passed","Fri Sep 25 21:38:41 BST 2026","","github.com/n-orlov/deck/internal/tui","github.com/n-orlov/deck/internal/tui",""
"","60","TestRememberedCreateGroupDoesNotRebindAcrossRestartAfterDeleteAndReplacement","","Fri Sep 25 21:38:41 BST 2026","passed","Fri Sep 25 21:38:41 BST 2026","","github.com/n-orlov/deck/internal/tui","github.com/n-orlov/deck/internal/tui",""
"","10","TestSettingsScopeParityMatchesSaveBehaviour/ui.sort_order","","Fri Sep 25 21:38:41 BST 2026","passed","Fri Sep 25 21:38:41 BST 2026","","github.com/n-orlov/deck/internal/tui","github.com/n-orlov/deck/internal/tui",""
"","2170","TestFeatures/settings'_group-delete_d_branch_routes_through_the_same_dd_batch_confirm_and_one_u_restores_the_whole_batch_(R131_part_2)","","Fri Sep 25 21:39:00 BST 2026","passed","Fri Sep 25 21:39:02 BST 2026","","github.com/n-orlov/deck/features","github.com/n-orlov/deck/features",""
"","1995","dd without purge leaves the codex agent's transcript intact through delete and reap","","","passed","","","Undo toast after x, and the dd delete/tombstone chord","",""
"","0","TestComputeLayoutBelowMinimum","","Fri Sep 25 21:38:41 BST 2026","passed","Fri Sep 25 21:38:41 BST 2026","","github.com/n-orlov/deck/internal/tui","github.com/n-orlov/deck/internal/tui",""
"","2367","the lost-attach dialog swallows j, dd and x","","","passed","","","Forced entry into interactive mode answers a waiting row","",""
"","0","TestSidebarQualityBadgeRendersDimmed","","Fri Sep 25 21:38:41 BST 2026","passed","Fri Sep 25 21:38:41 BST 2026","","github.com/n-orlov/deck/internal/tui","github.com/n-orlov/deck/internal/tui",""
"","950","TestFeatures/esc_abandons_the_create_modal,_creating_nothing","","Fri Sep 25 21:39:00 BST 2026","passed","Fri Sep 25 21:39:00 BST 2026","","github.com/n-orlov/deck/features","github.com/n-orlov/deck/features",""
"","1874","an unsupported profile degrades visibly rather than lying","","","passed","","","Permission profile mapping, degradation and the yolo gate","",""
"","780","TestScenarioHarnessTeardownReportsLeaks/surviving_root","","Fri Sep 25 21:36:35 BST 2026","passed","Fri Sep 25 21:36:35 BST 2026","","github.com/n-orlov/deck/features","github.com/n-orlov/deck/features",""
"","80","TestInteractiveFoldOwnGroupKeepsPreviewTargetName","","Fri Sep 25 21:38:41 BST 2026","passed","Fri Sep 25 21:38:41 BST 2026","","github.com/n-orlov/deck/internal/tui","github.com/n-orlov/deck/internal/tui",""
"","0","TestViewportFollowsPgUp","","Fri Sep 25 21:38:41 BST 2026","passed","Fri Sep 25 21:38:41 BST 2026","","github.com/n-orlov/deck/internal/tui","github.com/n-orlov/deck/internal/tui",""
"","2111","an agent binary not on PATH keeps the row as a retained, explained error","","","passed","","","Resume failure causes leave a retained, explained error row","",""
"","3280","TestFeatures/alpha,_beta_and_gamma_in_one_directory_keep_their_own_conversations","","Fri Sep 25 21:39:00 BST 2026","passed","Fri Sep 25 21:39:03 BST 2026","","github.com/n-orlov/deck/features","github.com/n-orlov/deck/features",""
"","0","TestFingerprintDetectsMutations/root_directory_mode_change","","Fri Sep 25 21:36:35 BST 2026","passed","Fri Sep 25 21:36:35 BST 2026","","github.com/n-orlov/deck/features","github.com/n-orlov/deck/features",""
"","2252","the launch audit records environment key names but never a value, across create and resume","","","passed","","","Real agent session creation and resume through the TUI","",""
"","130","TestLastCreateGroupDanglingIDDegradesToDefaultNotEmptyValue","","Fri Sep 25 21:38:00 BST 2026","passed","Fri Sep 25 21:38:00 BST 2026","","github.com/n-orlov/deck/internal/store","github.com/n-orlov/deck/internal/store",""
"","40","TestSendNamedKeyDeliversAltModifiedNavigationKeysByTmuxsOwnTranslation/M-F8","","Fri Sep 25 21:38:11 BST 2026","passed","Fri Sep 25 21:38:11 BST 2026","","github.com/n-orlov/deck/internal/tmux","github.com/n-orlov/deck/internal/tmux",""
"","70","TestSupersededLaunchGenerationDropsTheWholeHookClass/UserPromptSubmit/superseded_token","","Fri Sep 25 21:37:06 BST 2026","passed","Fri Sep 25 21:37:06 BST 2026","","github.com/n-orlov/deck/internal/hookrecv","github.com/n-orlov/deck/internal/hookrecv",""
"","2258","the panel announces a target that never repaints, even after typing","","","passed","","","Interactive mode announces a target that has not repainted since the resize (Part II, requirement 49)","",""
"","1056","submitting a name that collides with an existing slug names the collision and keeps the modal open","","","passed","","","The create modal's §11.7 cwd prefill (requirement 12)","",""
"","0","TestArchivePurgeAndRefusalMessagesStayWithinFrameBudgetAtEveryLayoutMode","","Fri Sep 25 21:38:41 BST 2026","passed","Fri Sep 25 21:38:41 BST 2026","","github.com/n-orlov/deck/internal/tui","github.com/n-orlov/deck/internal/tui",""
"","0","TestDeckOwnedCellsCarryExplicitForegroundOnEveryBuiltin/cobalt/startup_banner","","Fri Sep 25 21:38:41 BST 2026","passed","Fri Sep 25 21:38:41 BST 2026","","github.com/n-orlov/deck/internal/tui","github.com/n-orlov/deck/internal/tui",""
"","0","TestPeelTrailingSemicolonsIsAFixedPointLoop","","Fri Sep 25 21:38:11 BST 2026","passed","Fri Sep 25 21:38:11 BST 2026","","github.com/n-orlov/deck/internal/tmux","github.com/n-orlov/deck/internal/tmux",""
"","30","TestDispatcherSendLiteralDeliversDoubleDashHelpCorrectly","","Fri Sep 25 21:38:11 BST 2026","passed","Fri Sep 25 21:38:11 BST 2026","","github.com/n-orlov/deck/internal/tmux","github.com/n-orlov/deck/internal/tmux",""
"","0","TestSortComparatorsThreeWayTieIsTransitive","","Fri Sep 25 21:38:41 BST 2026","passed","Fri Sep 25 21:38:41 BST 2026","","github.com/n-orlov/deck/internal/tui","github.com/n-orlov/deck/internal/tui",""
"","0","TestHelpNamesTheHeaderCursorFoldKeys","","Fri Sep 25 21:38:41 BST 2026","passed","Fri Sep 25 21:38:41 BST 2026","","github.com/n-orlov/deck/internal/tui","github.com/n-orlov/deck/internal/tui",""
"","1016","submitting a name that already exists names the collision and keeps the modal open","","","passed","","","The create modal's §11.7 cwd prefill (requirement 12)","",""
"","0","TestSettingsStringEscCancelsLeavingStagedValueUntouched","","Fri Sep 25 21:38:41 BST 2026","passed","Fri Sep 25 21:38:41 BST 2026","","github.com/n-orlov/deck/internal/tui","github.com/n-orlov/deck/internal/tui",""
"","130","TestRestartClearsBothEnvDirtyAndLaunchDirty","","Fri Sep 25 21:37:44 BST 2026","passed","Fri Sep 25 21:37:44 BST 2026","","github.com/n-orlov/deck/internal/service","github.com/n-orlov/deck/internal/service",""
"","0","TestSessionsBulkResumedClearsTheLatchOnlyForItsOwnPaneCreatingEntry","","Fri Sep 25 21:38:41 BST 2026","passed","Fri Sep 25 21:38:41 BST 2026","","github.com/n-orlov/deck/internal/tui","github.com/n-orlov/deck/internal/tui",""
"","40","TestDeckOwnedCellContrastTable/daylight","","Fri Sep 25 21:38:41 BST 2026","passed","Fri Sep 25 21:38:41 BST 2026","","github.com/n-orlov/deck/internal/tui","github.com/n-orlov/deck/internal/tui",""
"","1880","TestFeatures/R's_restart_path_is_still_available_and_separately_provable_for_a_shell_session","","Fri Sep 25 21:39:00 BST 2026","passed","Fri Sep 25 21:39:01 BST 2026","","github.com/n-orlov/deck/features","github.com/n-orlov/deck/features",""
"","70","TestSupersededLaunchGenerationDropsTheWholeHookClass/UserPromptSubmit/current_token","","Fri Sep 25 21:37:06 BST 2026","passed","Fri Sep 25 21:37:06 BST 2026","","github.com/n-orlov/deck/internal/hookrecv","github.com/n-orlov/deck/internal/hookrecv",""
"","60","TestReceiveHookAppliesOverAnyStaleSourceExceptStopped/StopFailure/from_stopped/via_user","","Fri Sep 25 21:37:06 BST 2026","passed","Fri Sep 25 21:37:06 BST 2026","","github.com/n-orlov/deck/internal/hookrecv","github.com/n-orlov/deck/internal/hookrecv",""
"","100","TestLastCreateGroupOverwritesInPlace","","Fri Sep 25 21:38:00 BST 2026","passed","Fri Sep 25 21:38:00 BST 2026","","github.com/n-orlov/deck/internal/store","github.com/n-orlov/deck/internal/store",""
"","0","TestParseRejectsUnparseableHex","","Fri Sep 25 21:38:10 BST 2026","passed","Fri Sep 25 21:38:10 BST 2026","","github.com/n-orlov/deck/internal/theme","github.com/n-orlov/deck/internal/theme",""
"","0","TestStyledCreateBodyMatchesPlainBodyLineForLine","","Fri Sep 25 21:38:41 BST 2026","passed","Fri Sep 25 21:38:41 BST 2026","","github.com/n-orlov/deck/internal/tui","github.com/n-orlov/deck/internal/tui",""
"","0","TestDriftEndingKeysBringSelectionBackIntoView/key=""j""","","Fri Sep 25 21:38:41 BST 2026","passed","Fri Sep 25 21:38:41 BST 2026","","github.com/n-orlov/deck/internal/tui","github.com/n-orlov/deck/internal/tui",""
"","1650","TestFeatures/profile_switch_dialog_--_esc_after_altering_its_field_leaves_the_persisted_profile_untouched","","Fri Sep 25 21:39:00 BST 2026","passed","Fri Sep 25 21:39:01 BST 2026","","github.com/n-orlov/deck/features","github.com/n-orlov/deck/features",""
"","0","TestSessionScopedKeysAreInertOnAHeader/s","","Fri Sep 25 21:38:41 BST 2026","passed","Fri Sep 25 21:38:41 BST 2026","","github.com/n-orlov/deck/internal/tui","github.com/n-orlov/deck/internal/tui",""
"","0","TestPreviewCellAtStackedMapsContentBox","","Fri Sep 25 21:38:41 BST 2026","passed","Fri Sep 25 21:38:41 BST 2026","","github.com/n-orlov/deck/internal/tui","github.com/n-orlov/deck/internal/tui",""
"","80","TestSupersededLaunchGenerationDropsTheWholeHookClass/Stop/row_carries_no_token","","Fri Sep 25 21:37:06 BST 2026","passed","Fri Sep 25 21:37:06 BST 2026","","github.com/n-orlov/deck/internal/hookrecv","github.com/n-orlov/deck/internal/hookrecv",""
"","90","TestGlobalWindowSizeWriteDoesNotRestoreWindowLocalPin","","Fri Sep 25 21:38:11 BST 2026","passed","Fri Sep 25 21:38:11 BST 2026","","github.com/n-orlov/deck/internal/tmux","github.com/n-orlov/deck/internal/tmux",""
"","80","TestReceiveHookAppliesOverAnyStaleSourceExceptStopped/SessionEnd/from_stopped/via_hook","","Fri Sep 25 21:37:06 BST 2026","passed","Fri Sep 25 21:37:06 BST 2026","","github.com/n-orlov/deck/internal/hookrecv","github.com/n-orlov/deck/internal/hookrecv",""
"","0","TestSettingsCategoryRowBackgroundFillsFullPanelWidth","","Fri Sep 25 21:38:41 BST 2026","passed","Fri Sep 25 21:38:41 BST 2026","","github.com/n-orlov/deck/internal/tui","github.com/n-orlov/deck/internal/tui",""
"","80","TestCreateAgentHelpNamesUnavailableKinds","","Fri Sep 25 21:38:41 BST 2026","passed","Fri Sep 25 21:38:41 BST 2026","","github.com/n-orlov/deck/internal/tui","github.com/n-orlov/deck/internal/tui",""
"","0","TestProbeRuleTableHasOneRulePerGolden","","Fri Sep 25 21:37:05 BST 2026","passed","Fri Sep 25 21:37:05 BST 2026","","github.com/n-orlov/deck/internal/agent","github.com/n-orlov/deck/internal/agent",""
"","230","TestPanePipeWasClosedIsTrueBeforeAnyBlockedReadCanObserveOurOwnCloseAsEOF","","Fri Sep 25 21:38:11 BST 2026","passed","Fri Sep 25 21:38:11 BST 2026","","github.com/n-orlov/deck/internal/tmux","github.com/n-orlov/deck/internal/tmux",""
"","1540","TestFeatures/a_click_on_the_sidebar's_empty_padding_below_the_last_row_selects_nothing_and_enters_nothing","","Fri Sep 25 21:39:00 BST 2026","passed","Fri Sep 25 21:39:01 BST 2026","","github.com/n-orlov/deck/features","github.com/n-orlov/deck/features",""
"","1260","TestCaptureSeedWithHistoryOnAlternateScreenPaneHasNoHistoryAtAll","","Fri Sep 25 21:37:23 BST 2026","passed","Fri Sep 25 21:37:24 BST 2026","","github.com/n-orlov/deck/internal/interactive","github.com/n-orlov/deck/internal/interactive",""
"","1210","TestFeatures/creating_a_session_into_a_named_group_persists_its_group_id","","Fri Sep 25 21:39:00 BST 2026","passed","Fri Sep 25 21:39:01 BST 2026","","github.com/n-orlov/deck/features","github.com/n-orlov/deck/features",""
"","0","TestWheelScrollsScrollableOverlaysByOneLine/event_log","","Fri Sep 25 21:38:41 BST 2026","passed","Fri Sep 25 21:38:41 BST 2026","","github.com/n-orlov/deck/internal/tui","github.com/n-orlov/deck/internal/tui",""
"","0","TestParseRoundTrips","","Fri Sep 25 21:38:10 BST 2026","passed","Fri Sep 25 21:38:10 BST 2026","","github.com/n-orlov/deck/internal/theme","github.com/n-orlov/deck/internal/theme",""
"","2860","TestFeatures/three_events_recorded_in_one_order_render_newest_first,_not_in_insertion_or_alphabetical_order","","Fri Sep 25 21:39:00 BST 2026","passed","Fri Sep 25 21:39:02 BST 2026","","github.com/n-orlov/deck/features","github.com/n-orlov/deck/features",""
"","0","TestResumeReplaysOnlyItsOwnConversationsLastMessage","","Fri Sep 25 21:36:32 BST 2026","passed","Fri Sep 25 21:36:32 BST 2026","","github.com/n-orlov/deck/cmd/fake-claude","github.com/n-orlov/deck/cmd/fake-claude",""
"","150","TestSettingsGroupsListLongerThanViewportKeepsSelectionAndEditorVisible","","Fri Sep 25 21:38:41 BST 2026","passed","Fri Sep 25 21:38:41 BST 2026","","github.com/n-orlov/deck/internal/tui","github.com/n-orlov/deck/internal/tui",""
"","0","TestFooterHandlerAgreementAcrossEveryRowClass/stopped/R","","Fri Sep 25 21:38:41 BST 2026","passed","Fri Sep 25 21:38:41 BST 2026","","github.com/n-orlov/deck/internal/tui","github.com/n-orlov/deck/internal/tui",""
"","0","TestDeclaredExecutableEqualsLaunchArgv0/pi","","Fri Sep 25 21:37:05 BST 2026","passed","Fri Sep 25 21:37:05 BST 2026","","github.com/n-orlov/deck/internal/agent","github.com/n-orlov/deck/internal/agent",""
"","1705","Ctrl+P/Ctrl+N cycle the cwd field through recent_cwds history, shell-history style, showing ""recent N/M""","","","passed","","","The create modal's §11.7 cwd prefill (requirement 12)","",""
"","0","TestCropPreviewBottomLeftClampsToShortHistory","","Fri Sep 25 21:38:41 BST 2026","passed","Fri Sep 25 21:38:41 BST 2026","","github.com/n-orlov/deck/internal/tui","github.com/n-orlov/deck/internal/tui",""
"","0","TestEveryBareNamedKeyHasAnExplicitAltVerdict","","Fri Sep 25 21:38:41 BST 2026","passed","Fri Sep 25 21:38:41 BST 2026","","github.com/n-orlov/deck/internal/tui","github.com/n-orlov/deck/internal/tui",""
"","330","TestSessionStatusStaysLiveWithoutAnyDisplacementOrDisable","","Fri Sep 25 21:37:23 BST 2026","passed","Fri Sep 25 21:37:23 BST 2026","","github.com/n-orlov/deck/internal/interactive","github.com/n-orlov/deck/internal/interactive",""
"","810","TestFeatures/a_config.toml_written_before_start-up_is_asserted_by_its_parsed_content_after_the_run","","Fri Sep 25 21:39:00 BST 2026","passed","Fri Sep 25 21:39:00 BST 2026","","github.com/n-orlov/deck/features","github.com/n-orlov/deck/features",""
"","1463","an error row's preview shows the durable crash tail, headed by copy stating it is not live","","","passed","","","The preview capture engine and its visible behaviour","",""
"","0","TestBelowMinimumFrameStaysWithinBudget/100x30/resumeNote/short","","Fri Sep 25 21:38:41 BST 2026","passed","Fri Sep 25 21:38:41 BST 2026","","github.com/n-orlov/deck/internal/tui","github.com/n-orlov/deck/internal/tui",""
"","0","TestStyledEnvBodyMatchesPlainBodyLineForLine","","Fri Sep 25 21:38:41 BST 2026","passed","Fri Sep 25 21:38:41 BST 2026","","github.com/n-orlov/deck/internal/tui","github.com/n-orlov/deck/internal/tui",""
"","10","TestCapturedPaneCropMarkerCarriesDeckBackground","","Fri Sep 25 21:38:41 BST 2026","passed","Fri Sep 25 21:38:41 BST 2026","","github.com/n-orlov/deck/internal/tui","github.com/n-orlov/deck/internal/tui",""
"","50","TestPreviewPressRefusesOnStoppedAndAttachedElsewhereSessions","","Fri Sep 25 21:38:41 BST 2026","passed","Fri Sep 25 21:38:41 BST 2026","","github.com/n-orlov/deck/internal/tui","github.com/n-orlov/deck/internal/tui",""
"","330","TestCapturePaneCarriesNoModeState","","Fri Sep 25 21:38:11 BST 2026","passed","Fri Sep 25 21:38:11 BST 2026","","github.com/n-orlov/deck/internal/tmux","github.com/n-orlov/deck/internal/tmux",""
"","0","TestProbeGoldenPaneCorpus/pi/error.txt","","Fri Sep 25 21:37:05 BST 2026","passed","Fri Sep 25 21:37:05 BST 2026","","github.com/n-orlov/deck/internal/agent","github.com/n-orlov/deck/internal/agent",""
"","0","TestBelowMinimumFrameStaysWithinBudget/60x12/attachError/wraps-at-w","","Fri Sep 25 21:38:41 BST 2026","passed","Fri Sep 25 21:38:41 BST 2026","","github.com/n-orlov/deck/internal/tui","github.com/n-orlov/deck/internal/tui",""
"","0","TestFooterKeyLegendReflectsEligibility/the_eligible_one_of_A/U_shows,_never_both:_A_on_an_unarchived_row,_U_on_an_archived_one","","Fri Sep 25 21:38:41 BST 2026","passed","Fri Sep 25 21:38:41 BST 2026","","github.com/n-orlov/deck/internal/tui","github.com/n-orlov/deck/internal/tui",""
"","595","an unknown theme name falls back to the default AND says so on the very first painted frame","","","passed","","","theme rendering end-to-end (requirement 49)","",""
"","1580","TestFeatures/sort_order_=_activity_orders_by_status_at_descending,_most_recently_changed_first","","Fri Sep 25 21:39:00 BST 2026","passed","Fri Sep 25 21:39:01 BST 2026","","github.com/n-orlov/deck/features","github.com/n-orlov/deck/features",""
"","0","TestFilterByGroupNameSurfacesEveryMemberOfThatGroup","","Fri Sep 25 21:38:41 BST 2026","passed","Fri Sep 25 21:38:41 BST 2026","","github.com/n-orlov/deck/internal/tui","github.com/n-orlov/deck/internal/tui",""
"","20","TestWaitForFifoWriterHonoursContextCancellation","","Fri Sep 25 21:38:11 BST 2026","passed","Fri Sep 25 21:38:11 BST 2026","","github.com/n-orlov/deck/internal/tmux","github.com/n-orlov/deck/internal/tmux",""
"","0","TestDeckTmuxMouseUnsetLeavesConfigInPlace","","Fri Sep 25 21:37:05 BST 2026","passed","Fri Sep 25 21:37:05 BST 2026","","github.com/n-orlov/deck/internal/config","github.com/n-orlov/deck/internal/config",""
"","190","TestSessionContextEnvGroupCreateResumeParityAndDanglingMembership","","Fri Sep 25 21:37:44 BST 2026","passed","Fri Sep 25 21:37:44 BST 2026","","github.com/n-orlov/deck/internal/service","github.com/n-orlov/deck/internal/service",""
"","1315","reaping a deleted session removes its store rows and deck's own per-session files, but never the audit log's earlier history","","","passed","","","Undo toast after x, and the dd delete/tombstone chord","",""
"","0","TestEnvEditorEscCancelsEditWithoutClosingThenClosesTheDialog","","Fri Sep 25 21:38:41 BST 2026","passed","Fri Sep 25 21:38:41 BST 2026","","github.com/n-orlov/deck/internal/tui","github.com/n-orlov/deck/internal/tui",""
"","140","TestRefusedRenameKeepsLiveAndArchivedHoldersFiles","","Fri Sep 25 21:37:44 BST 2026","passed","Fri Sep 25 21:37:44 BST 2026","","github.com/n-orlov/deck/internal/service","github.com/n-orlov/deck/internal/service",""
"","60","TestReceiveMappingTable/user_prompt","","Fri Sep 25 21:37:06 BST 2026","passed","Fri Sep 25 21:37:06 BST 2026","","github.com/n-orlov/deck/internal/hookrecv","github.com/n-orlov/deck/internal/hookrecv",""
"","30","TestSendKeysConsumesExactlyOneTrailingSemicolonZeroCase","","Fri Sep 25 21:38:11 BST 2026","passed","Fri Sep 25 21:38:11 BST 2026","","github.com/n-orlov/deck/internal/tmux","github.com/n-orlov/deck/internal/tmux",""
"","0","TestSortComparatorsBreakTiesByIDWhenNoPreviousFrame","","Fri Sep 25 21:38:41 BST 2026","passed","Fri Sep 25 21:38:41 BST 2026","","github.com/n-orlov/deck/internal/tui","github.com/n-orlov/deck/internal/tui",""
"","0","TestNoNonTestFileInThisPackageAsksForTheHistoryRange","","Fri Sep 25 21:37:23 BST 2026","passed","Fri Sep 25 21:37:23 BST 2026","","github.com/n-orlov/deck/internal/interactive","github.com/n-orlov/deck/internal/interactive",""
"","60","TestReceiveHookAppliesOverAnyStaleSourceExceptStopped/Stop/from_starting/via_tmux","","Fri Sep 25 21:37:06 BST 2026","passed","Fri Sep 25 21:37:06 BST 2026","","github.com/n-orlov/deck/internal/hookrecv","github.com/n-orlov/deck/internal/hookrecv",""
"","0","TestCanvasBackgroundOpensBothCanvasAttributesAndReopensAfterResets","","Fri Sep 25 21:38:41 BST 2026","passed","Fri Sep 25 21:38:41 BST 2026","","github.com/n-orlov/deck/internal/tui","github.com/n-orlov/deck/internal/tui",""
"","0","TestSettingsSearchKeyEntersSearchModeAndEnterJumps","","Fri Sep 25 21:38:41 BST 2026","passed","Fri Sep 25 21:38:41 BST 2026","","github.com/n-orlov/deck/internal/tui","github.com/n-orlov/deck/internal/tui",""
"","80","TestUnarchiveSessionRejectsMissingSession","","Fri Sep 25 21:38:00 BST 2026","passed","Fri Sep 25 21:38:00 BST 2026","","github.com/n-orlov/deck/internal/store","github.com/n-orlov/deck/internal/store",""
"","0","TestSelectionHighlightRangeAgreesWithSelectedTextAcrossWrappedRows","","Fri Sep 25 21:37:23 BST 2026","passed","Fri Sep 25 21:37:23 BST 2026","","github.com/n-orlov/deck/internal/interactive","github.com/n-orlov/deck/internal/interactive",""
"","0","TestInteractiveLiteralPayloadCoversEveryFixedByteKey","","Fri Sep 25 21:38:41 BST 2026","passed","Fri Sep 25 21:38:41 BST 2026","","github.com/n-orlov/deck/internal/tui","github.com/n-orlov/deck/internal/tui",""
"","0","TestBuildSeedFieldOrderAndPerFieldEscapes","","Fri Sep 25 21:37:23 BST 2026","passed","Fri Sep 25 21:37:23 BST 2026","","github.com/n-orlov/deck/internal/interactive","github.com/n-orlov/deck/internal/interactive",""
"","0","TestHeaderChevronSitsInSameColumnAsSocketLine/NO_COLOR","","Fri Sep 25 21:38:41 BST 2026","passed","Fri Sep 25 21:38:41 BST 2026","","github.com/n-orlov/deck/internal/tui","github.com/n-orlov/deck/internal/tui",""
"","572","a user theme placed in the scenario's own themes directory (the $XDG_CONFIG_HOME/deck/themes layout) is discovered and applied on a real client","","","passed","","","theme rendering end-to-end (requirement 49)","",""
"","130","TestArchiveRunsSessionThenGlobalPostDestroyExactlyOnce","","Fri Sep 25 21:37:44 BST 2026","passed","Fri Sep 25 21:37:44 BST 2026","","github.com/n-orlov/deck/internal/service","github.com/n-orlov/deck/internal/service",""
"","100","TestReceiveHookAppliesOverAnyStaleSourceExceptStopped/SessionEnd/from_stopped/via_user","","Fri Sep 25 21:37:06 BST 2026","passed","Fri Sep 25 21:37:06 BST 2026","","github.com/n-orlov/deck/internal/hookrecv","github.com/n-orlov/deck/internal/hookrecv",""
"","0","TestAvailabilityProberInjectedOnOpenGatesCycle/shell-and-claude","","Fri Sep 25 21:38:41 BST 2026","passed","Fri Sep 25 21:38:41 BST 2026","","github.com/n-orlov/deck/internal/tui","github.com/n-orlov/deck/internal/tui",""
"","0","TestDeckOwnedCellsCarryExplicitForegroundOnEveryBuiltin/daylight/filter_in_force","","Fri Sep 25 21:38:41 BST 2026","passed","Fri Sep 25 21:38:41 BST 2026","","github.com/n-orlov/deck/internal/tui","github.com/n-orlov/deck/internal/tui",""
"","2050","TestFeatures/a_built-in_theme_colours_each_of_the_seven_§7_status_tokens,_read_per_cell_from_a_real_client#02","","Fri Sep 25 21:39:00 BST 2026","passed","Fri Sep 25 21:39:02 BST 2026","","github.com/n-orlov/deck/features","github.com/n-orlov/deck/features",""
"","1170","TestCreateModalWarnsBeforeReusingADeletedSessionsName","","Fri Sep 25 21:36:35 BST 2026","passed","Fri Sep 25 21:36:36 BST 2026","","github.com/n-orlov/deck/features","github.com/n-orlov/deck/features",""
"","1610","TestFeatures/a_global_pre_launch_that_self-selects_on_the_session's_own_name_exports_a_variable_only_for_the_matching_session","","Fri Sep 25 21:39:00 BST 2026","passed","Fri Sep 25 21:39:01 BST 2026","","github.com/n-orlov/deck/features","github.com/n-orlov/deck/features",""
"","0","TestProfileSwitchYoloAbsentWhenNotAllowed","","Fri Sep 25 21:38:41 BST 2026","passed","Fri Sep 25 21:38:41 BST 2026","","github.com/n-orlov/deck/internal/tui","github.com/n-orlov/deck/internal/tui",""
"","2410","the sidebar viewport follows the cursor on every keyboard move, not only the mouse wheel","","","passed","","","SPEC §11's group navigation and order (Phase 4c Tier 1+2 -- GH #31, #32, #33, #34)","",""
"","0","TestSettingsFieldValueDisplayPerKind/link_notify","","Fri Sep 25 21:38:41 BST 2026","passed","Fri Sep 25 21:38:41 BST 2026","","github.com/n-orlov/deck/internal/tui","github.com/n-orlov/deck/internal/tui",""
"","230","TestDialogSelectionCellsRenderOnlyFloorTokens/daylight","","Fri Sep 25 21:38:41 BST 2026","passed","Fri Sep 25 21:38:41 BST 2026","","github.com/n-orlov/deck/internal/tui","github.com/n-orlov/deck/internal/tui",""
"","0","TestSetEntryRefusalNeverLeavesItFooterOnly/owned-elsewhere","","Fri Sep 25 21:38:41 BST 2026","passed","Fri Sep 25 21:38:41 BST 2026","","github.com/n-orlov/deck/internal/tui","github.com/n-orlov/deck/internal/tui",""
"","0","TestFilterHidesTheHeaderOfAGroupWithNoMatch","","Fri Sep 25 21:38:41 BST 2026","passed","Fri Sep 25 21:38:41 BST 2026","","github.com/n-orlov/deck/internal/tui","github.com/n-orlov/deck/internal/tui",""
"","0","TestWheelInOverlayAgreesWithArrowKeys/event_log","","Fri Sep 25 21:38:41 BST 2026","passed","Fri Sep 25 21:38:41 BST 2026","","github.com/n-orlov/deck/internal/tui","github.com/n-orlov/deck/internal/tui",""
"","2185","a bulk dd over two marked rows runs each row's own teardown hook exactly once, under its own DECK_SESSION_ID","","","passed","","","post_destroy teardown hooks fire on A/dd, never on x, exactly once","",""
"","0","TestFooterHandlerAgreementAcrossEveryRowClass/archived/R","","Fri Sep 25 21:38:41 BST 2026","passed","Fri Sep 25 21:38:41 BST 2026","","github.com/n-orlov/deck/internal/tui","github.com/n-orlov/deck/internal/tui",""
"","130","TestTerminalQueryInPaneOutputNeverStallsSession","","Fri Sep 25 21:37:23 BST 2026","passed","Fri Sep 25 21:37:23 BST 2026","","github.com/n-orlov/deck/internal/interactive","github.com/n-orlov/deck/internal/interactive",""
"","0","TestSettingsFieldValueDisplayPerKind/toggle_off","","Fri Sep 25 21:38:41 BST 2026","passed","Fri Sep 25 21:38:41 BST 2026","","github.com/n-orlov/deck/internal/tui","github.com/n-orlov/deck/internal/tui",""
"","0","TestSortSessionsByOrderDispatchesOnConfiguredOrder/name","","Fri Sep 25 21:38:41 BST 2026","passed","Fri Sep 25 21:38:41 BST 2026","","github.com/n-orlov/deck/internal/tui","github.com/n-orlov/deck/internal/tui",""
"","0","TestHelpTextFEntryMatchesForcePathSemantics","","Fri Sep 25 21:38:41 BST 2026","passed","Fri Sep 25 21:38:41 BST 2026","","github.com/n-orlov/deck/internal/tui","github.com/n-orlov/deck/internal/tui",""
"","0","TestAcceptsOnlyDocumentedSandboxValues/rejects_danger-full-access-plus","","Fri Sep 25 21:36:33 BST 2026","passed","Fri Sep 25 21:36:33 BST 2026","","github.com/n-orlov/deck/cmd/fake-codex","github.com/n-orlov/deck/cmd/fake-codex",""
"","0","TestPreviewFitResumesAfterItsDoneLands","","Fri Sep 25 21:38:41 BST 2026","passed","Fri Sep 25 21:38:41 BST 2026","","github.com/n-orlov/deck/internal/tui","github.com/n-orlov/deck/internal/tui",""
"","100","TestReceiveHookAppliesOverAnyStaleSourceExceptStopped/Stop/from_waiting/via_tmux","","Fri Sep 25 21:37:06 BST 2026","passed","Fri Sep 25 21:37:06 BST 2026","","github.com/n-orlov/deck/internal/hookrecv","github.com/n-orlov/deck/internal/hookrecv",""
"","0","TestCodex_InstrumentCommandExecutesFromAHostileExecutablePath","","Fri Sep 25 21:37:05 BST 2026","passed","Fri Sep 25 21:37:05 BST 2026","","github.com/n-orlov/deck/internal/agent","github.com/n-orlov/deck/internal/agent",""
"","70","TestSendNamedKeyDeliversModifiedNavigationKeysByTmuxsOwnTranslation/C-S-Up","","Fri Sep 25 21:38:11 BST 2026","passed","Fri Sep 25 21:38:11 BST 2026","","github.com/n-orlov/deck/internal/tmux","github.com/n-orlov/deck/internal/tmux",""
"","90","TestHasLivePaneSeparatesALiveSessionFromARetainedCorpse","","Fri Sep 25 21:38:11 BST 2026","passed","Fri Sep 25 21:38:11 BST 2026","","github.com/n-orlov/deck/internal/tmux","github.com/n-orlov/deck/internal/tmux",""
"","40","TestSendNamedKeyDeliversModifiedNavigationKeysByTmuxsOwnTranslation/C-Up","","Fri Sep 25 21:38:11 BST 2026","passed","Fri Sep 25 21:38:11 BST 2026","","github.com/n-orlov/deck/internal/tmux","github.com/n-orlov/deck/internal/tmux",""
"","270","TestCapturePreviewNeverAttachesOrResizes","","Fri Sep 25 21:38:11 BST 2026","passed","Fri Sep 25 21:38:11 BST 2026","","github.com/n-orlov/deck/internal/tmux","github.com/n-orlov/deck/internal/tmux",""
"","0","TestProbeGoldenPaneCorpus/codex/waiting-patch.txt","","Fri Sep 25 21:37:05 BST 2026","passed","Fri Sep 25 21:37:05 BST 2026","","github.com/n-orlov/deck/internal/agent","github.com/n-orlov/deck/internal/agent",""
"","0","TestFoldUnfoldHeaderWithZeroTotalSessions/named/c","","Fri Sep 25 21:38:41 BST 2026","passed","Fri Sep 25 21:38:41 BST 2026","","github.com/n-orlov/deck/internal/tui","github.com/n-orlov/deck/internal/tui",""
"","0","TestGroupOrderZzzSortsBeforeDefaultDespiteName","","Fri Sep 25 21:38:41 BST 2026","passed","Fri Sep 25 21:38:41 BST 2026","","github.com/n-orlov/deck/internal/tui","github.com/n-orlov/deck/internal/tui",""
"","180","TestKilledLaunchsSessionEndAfterTheLeaseNeverStopsTheRow","","Fri Sep 25 21:37:44 BST 2026","passed","Fri Sep 25 21:37:44 BST 2026","","github.com/n-orlov/deck/internal/service","github.com/n-orlov/deck/internal/service",""
"","1318","NO_COLOR renders every theme monochrome, with a session's status carried by its glyph alone","","","passed","","","theme rendering end-to-end (requirement 49)","",""
"","775","the preview is suppressed below its floor and the sidebar takes the space","","","passed","","","The preview capture engine and its visible behaviour","",""
"","0","TestClickSidebarPaddingBelowLastRowIsANoOp","","Fri Sep 25 21:38:41 BST 2026","passed","Fri Sep 25 21:38:41 BST 2026","","github.com/n-orlov/deck/internal/tui","github.com/n-orlov/deck/internal/tui",""
"","0","TestCapturePreviewNoSessionsReturnsNilCommand","","Fri Sep 25 21:38:41 BST 2026","passed","Fri Sep 25 21:38:41 BST 2026","","github.com/n-orlov/deck/internal/tui","github.com/n-orlov/deck/internal/tui",""
"","850","TestFeatures/deleting_an_empty_group_in_settings_removes_it_with_no_confirm_prompt_(R131_part_2)","","Fri Sep 25 21:39:00 BST 2026","passed","Fri Sep 25 21:39:00 BST 2026","","github.com/n-orlov/deck/features","github.com/n-orlov/deck/features",""
"","100","TestReceiveHookAppliesOverAnyStaleSourceExceptStopped/Stop/from_error/via_user","","Fri Sep 25 21:37:06 BST 2026","passed","Fri Sep 25 21:37:06 BST 2026","","github.com/n-orlov/deck/internal/hookrecv","github.com/n-orlov/deck/internal/hookrecv",""
"","0","TestBelowMinimumFrameStaysWithinBudget/80x24/attachError/short","","Fri Sep 25 21:38:41 BST 2026","passed","Fri Sep 25 21:38:41 BST 2026","","github.com/n-orlov/deck/internal/tui","github.com/n-orlov/deck/internal/tui",""
"","0","TestDialogWidthClampedToViewport/well_past_the_upper_clamp_saturates_at_80","","Fri Sep 25 21:38:41 BST 2026","passed","Fri Sep 25 21:38:41 BST 2026","","github.com/n-orlov/deck/internal/tui","github.com/n-orlov/deck/internal/tui",""
"","100","TestReceiveHookAppliesOverAnyStaleSourceExceptStopped/Notification/from_idle/via_tmux","","Fri Sep 25 21:37:06 BST 2026","passed","Fri Sep 25 21:37:06 BST 2026","","github.com/n-orlov/deck/internal/hookrecv","github.com/n-orlov/deck/internal/hookrecv",""
"","0","TestGKeyTogglesOnlySelectedRowsGroup","","Fri Sep 25 21:38:41 BST 2026","passed","Fri Sep 25 21:38:41 BST 2026","","github.com/n-orlov/deck/internal/tui","github.com/n-orlov/deck/internal/tui",""
"","2034","a built-in theme colours each of the seven §7 status tokens, read per cell from a real client #1","","","passed","","","theme rendering end-to-end (requirement 49)","",""
"","60","TestAcquireLaunchLeaseNeverWedgesTheRow","","Fri Sep 25 21:38:00 BST 2026","passed","Fri Sep 25 21:38:00 BST 2026","","github.com/n-orlov/deck/internal/store","github.com/n-orlov/deck/internal/store",""
"","1752","A session the user killed is not resurrected by a late hook","","","passed","","","Status recovery chain (requirements 43-47)","",""
"","0","TestCapturedPaneFillPastCaptureCarriesDeckBackground/SideBySide","","Fri Sep 25 21:38:41 BST 2026","passed","Fri Sep 25 21:38:41 BST 2026","","github.com/n-orlov/deck/internal/tui","github.com/n-orlov/deck/internal/tui",""
"","0","TestRegistry_RegisterAndLookup","","Fri Sep 25 21:37:05 BST 2026","passed","Fri Sep 25 21:37:05 BST 2026","","github.com/n-orlov/deck/internal/agent","github.com/n-orlov/deck/internal/agent",""
"","10","TestSettingsScopeParityMatchesSaveBehaviour/tmux_mouse","","Fri Sep 25 21:38:41 BST 2026","passed","Fri Sep 25 21:38:41 BST 2026","","github.com/n-orlov/deck/internal/tui","github.com/n-orlov/deck/internal/tui",""
"","0","TestCreateModalAgentSubmitPassesPostDestroyThrough","","Fri Sep 25 21:38:41 BST 2026","passed","Fri Sep 25 21:38:41 BST 2026","","github.com/n-orlov/deck/internal/tui","github.com/n-orlov/deck/internal/tui",""
"","10","TestWriteConfigFileParsedContentMatchesWrite","","Fri Sep 25 21:37:05 BST 2026","passed","Fri Sep 25 21:37:05 BST 2026","","github.com/n-orlov/deck/internal/config","github.com/n-orlov/deck/internal/config",""
"","0","TestDriftEndingKeysBringSelectionBackIntoView/key=""right""","","Fri Sep 25 21:38:41 BST 2026","passed","Fri Sep 25 21:38:41 BST 2026","","github.com/n-orlov/deck/internal/tui","github.com/n-orlov/deck/internal/tui",""
"","0","TestConfigFileUIMouseTrue","","Fri Sep 25 21:37:05 BST 2026","passed","Fri Sep 25 21:37:05 BST 2026","","github.com/n-orlov/deck/internal/config","github.com/n-orlov/deck/internal/config",""
"","0","TestEnterInteractiveRefusalDoesNotRecordAttachment","","Fri Sep 25 21:38:41 BST 2026","passed","Fri Sep 25 21:38:41 BST 2026","","github.com/n-orlov/deck/internal/tui","github.com/n-orlov/deck/internal/tui",""
"","0","TestContentionRefusalsNameFFloorAndNoWidthRefusalsDoNot/7-row_floor","","Fri Sep 25 21:38:41 BST 2026","passed","Fri Sep 25 21:38:41 BST 2026","","github.com/n-orlov/deck/internal/tui","github.com/n-orlov/deck/internal/tui",""
"","1260","TestFeatures/installing_an_agent_after_a_client_starts_does_not_change_that_client,_but_a_new_client_sees_it","","Fri Sep 25 21:39:00 BST 2026","passed","Fri Sep 25 21:39:01 BST 2026","","github.com/n-orlov/deck/features","github.com/n-orlov/deck/features",""
"","2170","settings' group-delete d branch routes through the same dd batch confirm and one u restores the whole batch (R131 part 2)","","","passed","","","Undo toast after x, and the dd delete/tombstone chord","",""
"","0","TestCodex_InstrumentEncoderHandlesQuoteBackslashSpace","","Fri Sep 25 21:37:05 BST 2026","passed","Fri Sep 25 21:37:05 BST 2026","","github.com/n-orlov/deck/internal/agent","github.com/n-orlov/deck/internal/agent",""
"","100","TestReceiveHookAppliesOverAnyStaleSourceExceptStopped/SessionStart/from_waiting/via_hook","","Fri Sep 25 21:37:06 BST 2026","passed","Fri Sep 25 21:37:06 BST 2026","","github.com/n-orlov/deck/internal/hookrecv","github.com/n-orlov/deck/internal/hookrecv",""
"","1020","TestFeatures/submitting_a_name_that_already_exists_names_the_collision_and_keeps_the_modal_open","","Fri Sep 25 21:39:00 BST 2026","passed","Fri Sep 25 21:39:01 BST 2026","","github.com/n-orlov/deck/features","github.com/n-orlov/deck/features",""
"","1240","TestFeatures/clicking_a_workspace_group's_header_collapses_only_that_group","","Fri Sep 25 21:39:00 BST 2026","passed","Fri Sep 25 21:39:01 BST 2026","","github.com/n-orlov/deck/features","github.com/n-orlov/deck/features",""
"","0","TestFooterHandlerAgreementAcrossEveryRowClass/stopped/a","","Fri Sep 25 21:38:41 BST 2026","passed","Fri Sep 25 21:38:41 BST 2026","","github.com/n-orlov/deck/internal/tui","github.com/n-orlov/deck/internal/tui",""
"","0","TestHookTrustGateFiresOnlyWhenBypassFlagIsPresent/untrusted:_silent_no-op","","Fri Sep 25 21:36:33 BST 2026","passed","Fri Sep 25 21:36:33 BST 2026","","github.com/n-orlov/deck/cmd/fake-codex","github.com/n-orlov/deck/cmd/fake-codex",""
"","0","TestAllDialogsRejectMouseAtBorderBodyAndOutside/rename/border","","Fri Sep 25 21:38:41 BST 2026","passed","Fri Sep 25 21:38:41 BST 2026","","github.com/n-orlov/deck/internal/tui","github.com/n-orlov/deck/internal/tui",""
"","60","TestSetSessionGroupMovesOneRowAndDegradesToDefault","","Fri Sep 25 21:38:00 BST 2026","passed","Fri Sep 25 21:38:00 BST 2026","","github.com/n-orlov/deck/internal/store","github.com/n-orlov/deck/internal/store",""
"","2105","DECK_MOUSE=0 disables every mouse gesture, and only the shortcut is lost","","","passed","","","§11.8 mouse bindings and the [ui] mouse / DECK_MOUSE opt-out (requirements 33-37, 41)","",""
"","40","TestContentionRefusalsNameFFloorAndNoWidthRefusalsDoNot/live_ownership","","Fri Sep 25 21:38:41 BST 2026","passed","Fri Sep 25 21:38:41 BST 2026","","github.com/n-orlov/deck/internal/tui","github.com/n-orlov/deck/internal/tui",""
"","0","TestPi_LaunchAndResumeUseSessionID/yolo/resume","","Fri Sep 25 21:37:05 BST 2026","passed","Fri Sep 25 21:37:05 BST 2026","","github.com/n-orlov/deck/internal/agent","github.com/n-orlov/deck/internal/agent",""
"","60","TestReceiveMappingTable/session_start_fresh","","Fri Sep 25 21:37:06 BST 2026","passed","Fri Sep 25 21:37:06 BST 2026","","github.com/n-orlov/deck/internal/hookrecv","github.com/n-orlov/deck/internal/hookrecv",""
"","841","a live shell is promoted within one reconcile interval","","","passed","","","Shell liveness does not fabricate agent status","",""
"","0","TestWriteConfigFileFailureLeavesPreviousFileIntact","","Fri Sep 25 21:37:05 BST 2026","passed","Fri Sep 25 21:37:05 BST 2026","","github.com/n-orlov/deck/internal/config","github.com/n-orlov/deck/internal/config",""
"","100","TestReceivePreservesUnresolvedPayloadAsOrphan","","Fri Sep 25 21:37:06 BST 2026","passed","Fri Sep 25 21:37:06 BST 2026","","github.com/n-orlov/deck/internal/hookrecv","github.com/n-orlov/deck/internal/hookrecv",""
"","0","TestClickInsideOverlayStillDoesNothing/delete_confirm_(not_scrollable)","","Fri Sep 25 21:38:41 BST 2026","passed","Fri Sep 25 21:38:41 BST 2026","","github.com/n-orlov/deck/internal/tui","github.com/n-orlov/deck/internal/tui",""
"","0","TestSidebarSelectionIdleBackgroundFillsFullPanelWidth","","Fri Sep 25 21:38:41 BST 2026","passed","Fri Sep 25 21:38:41 BST 2026","","github.com/n-orlov/deck/internal/tui","github.com/n-orlov/deck/internal/tui",""
"","2300","TestFeatures/choosing_purge_in_the_delete_confirm_leaves_its_adversarially-seeded_cwd_fingerprint_unchanged","","Fri Sep 25 21:39:00 BST 2026","passed","Fri Sep 25 21:39:02 BST 2026","","github.com/n-orlov/deck/features","github.com/n-orlov/deck/features",""
"","0","TestCure0105HeaderOnlyLoadReachableByArrows","","Fri Sep 25 21:38:41 BST 2026","passed","Fri Sep 25 21:38:41 BST 2026","","github.com/n-orlov/deck/internal/tui","github.com/n-orlov/deck/internal/tui",""
"","0","TestThemedDialogsDegradeCleanlyUnderNoColorAndASCII/restart-or-inject","","Fri Sep 25 21:38:41 BST 2026","passed","Fri Sep 25 21:38:41 BST 2026","","github.com/n-orlov/deck/internal/tui","github.com/n-orlov/deck/internal/tui",""
"","50","TestEntryRefusalHolderCheckClearsWhenOwnershipReleased","","Fri Sep 25 21:38:41 BST 2026","passed","Fri Sep 25 21:38:41 BST 2026","","github.com/n-orlov/deck/internal/tui","github.com/n-orlov/deck/internal/tui",""
"","2000","TestFeatures/the_waiting_status_token_colours_the_waiting_status_word","","Fri Sep 25 21:39:00 BST 2026","passed","Fri Sep 25 21:39:02 BST 2026","","github.com/n-orlov/deck/features","github.com/n-orlov/deck/features",""
"","1860","TestFeatures/a_wheel_notch_scrolls_an_attached_pane's_scrollback_and_leaves_the_shell's_input_line_untouched","","Fri Sep 25 21:39:00 BST 2026","passed","Fri Sep 25 21:39:01 BST 2026","","github.com/n-orlov/deck/features","github.com/n-orlov/deck/features",""
"","0","TestFingerprintDetectsMutations/added_file","","Fri Sep 25 21:36:35 BST 2026","passed","Fri Sep 25 21:36:35 BST 2026","","github.com/n-orlov/deck/features","github.com/n-orlov/deck/features",""
"","0","TestUndoToastStaysWithinFrameBudgetAtEveryLayoutMode/auto","","Fri Sep 25 21:38:41 BST 2026","passed","Fri Sep 25 21:38:41 BST 2026","","github.com/n-orlov/deck/internal/tui","github.com/n-orlov/deck/internal/tui",""
"","0","TestAcceptsOnlyDocumentedApprovalValues/rejects_untrusted","","Fri Sep 25 21:36:33 BST 2026","passed","Fri Sep 25 21:36:33 BST 2026","","github.com/n-orlov/deck/cmd/fake-codex","github.com/n-orlov/deck/cmd/fake-codex",""
"","0","TestHeaderSelectionCueOnAllFoldedAndEmptyGroupsSidebar/all_folded","","Fri Sep 25 21:38:41 BST 2026","passed","Fri Sep 25 21:38:41 BST 2026","","github.com/n-orlov/deck/internal/tui","github.com/n-orlov/deck/internal/tui",""
"","90","TestSettingsGroupDeleteDBranchOneUndoRestoresTheWholeBatch","","Fri Sep 25 21:38:41 BST 2026","passed","Fri Sep 25 21:38:41 BST 2026","","github.com/n-orlov/deck/internal/tui","github.com/n-orlov/deck/internal/tui",""
"","0","TestSessionResumedThatCreatedAPaneClearsTheLatch","","Fri Sep 25 21:38:41 BST 2026","passed","Fri Sep 25 21:38:41 BST 2026","","github.com/n-orlov/deck/internal/tui","github.com/n-orlov/deck/internal/tui",""
"","1010","TestFeatures/a_unique_directory_match_ghosts_in_the_hint_token_and_right_accepts_it_with_a_trailing_slash","","Fri Sep 25 21:39:00 BST 2026","passed","Fri Sep 25 21:39:01 BST 2026","","github.com/n-orlov/deck/features","github.com/n-orlov/deck/features",""
"","0","TestEscClearsMarkSet","","Fri Sep 25 21:38:41 BST 2026","passed","Fri Sep 25 21:38:41 BST 2026","","github.com/n-orlov/deck/internal/tui","github.com/n-orlov/deck/internal/tui",""
"","0","TestSpaceNoopWhenSelectionAlreadyOnSoleAttentionRow","","Fri Sep 25 21:38:41 BST 2026","passed","Fri Sep 25 21:38:41 BST 2026","","github.com/n-orlov/deck/internal/tui","github.com/n-orlov/deck/internal/tui",""
"","0","TestFooterHandlerAgreementAcrossEveryRowClass/attention-pending/U","","Fri Sep 25 21:38:41 BST 2026","passed","Fri Sep 25 21:38:41 BST 2026","","github.com/n-orlov/deck/internal/tui","github.com/n-orlov/deck/internal/tui",""
"","100","TestSettingsGroupDeleteDBranchIncludesFilteredOutMembers","","Fri Sep 25 21:38:41 BST 2026","passed","Fri Sep 25 21:38:41 BST 2026","","github.com/n-orlov/deck/internal/tui","github.com/n-orlov/deck/internal/tui",""
"","20","TestCropDecorationsCarryDeckBackground","","Fri Sep 25 21:38:41 BST 2026","passed","Fri Sep 25 21:38:41 BST 2026","","github.com/n-orlov/deck/internal/tui","github.com/n-orlov/deck/internal/tui",""
"","330","TestPaneSeedStateReadsEachNonDefaultFieldFromARealPane/cursor_flag","","Fri Sep 25 21:38:11 BST 2026","passed","Fri Sep 25 21:38:11 BST 2026","","github.com/n-orlov/deck/internal/tmux","github.com/n-orlov/deck/internal/tmux",""
"","804","the screen emulator places an East-Asian-Wide cell without splitting it","","","passed","","","Godog harness wiring","",""
"","0","TestProfileSwitchNotOfferedForShell","","Fri Sep 25 21:38:41 BST 2026","passed","Fri Sep 25 21:38:41 BST 2026","","github.com/n-orlov/deck/internal/tui","github.com/n-orlov/deck/internal/tui",""
"","80","TestSkippingRestoreLeavesFreshClientPinnedAtPreviewSize","","Fri Sep 25 21:38:11 BST 2026","passed","Fri Sep 25 21:38:11 BST 2026","","github.com/n-orlov/deck/internal/tmux","github.com/n-orlov/deck/internal/tmux",""
"","0","TestScrollableOverlaysScrollOneLineWithArrows/detail_view","","Fri Sep 25 21:38:41 BST 2026","passed","Fri Sep 25 21:38:41 BST 2026","","github.com/n-orlov/deck/internal/tui","github.com/n-orlov/deck/internal/tui",""
"","0","TestShellLaunchArgvIsTheEmptyExecutableAndArgs","","Fri Sep 25 21:37:05 BST 2026","passed","Fri Sep 25 21:37:05 BST 2026","","github.com/n-orlov/deck/internal/agent","github.com/n-orlov/deck/internal/agent",""
"","1060","TestHistoryInclusiveCaptureRowsNeverExceedTheCurrentPaneWidth","","Fri Sep 25 21:38:11 BST 2026","passed","Fri Sep 25 21:38:12 BST 2026","","github.com/n-orlov/deck/internal/tmux","github.com/n-orlov/deck/internal/tmux",""
"","0","TestFrozenClockDoesNotClaimSidebarWidthKey","","Fri Sep 25 21:38:41 BST 2026","passed","Fri Sep 25 21:38:41 BST 2026","","github.com/n-orlov/deck/internal/tui","github.com/n-orlov/deck/internal/tui",""
"","120","TestHelpOverlayScrollReachesEveryLine","","Fri Sep 25 21:38:41 BST 2026","passed","Fri Sep 25 21:38:41 BST 2026","","github.com/n-orlov/deck/internal/tui","github.com/n-orlov/deck/internal/tui",""
"","0","TestUnarchiveKeyRefusesARowThatIsNotArchived","","Fri Sep 25 21:38:41 BST 2026","passed","Fri Sep 25 21:38:41 BST 2026","","github.com/n-orlov/deck/internal/tui","github.com/n-orlov/deck/internal/tui",""
"","0","TestExitCodeIsControlledOnlyByFixtureEnvironment","","Fri Sep 25 21:36:33 BST 2026","passed","Fri Sep 25 21:36:33 BST 2026","","github.com/n-orlov/deck/cmd/fake-codex","github.com/n-orlov/deck/cmd/fake-codex",""
"","730","TestInteractiveNotRepaintedNoticeCarriesDeckBackground/SideBySide","","Fri Sep 25 21:38:41 BST 2026","passed","Fri Sep 25 21:38:41 BST 2026","","github.com/n-orlov/deck/internal/tui","github.com/n-orlov/deck/internal/tui",""
"","0","TestLeftRightNoopUnderOverlaysAndWithNoSessions","","Fri Sep 25 21:38:41 BST 2026","passed","Fri Sep 25 21:38:41 BST 2026","","github.com/n-orlov/deck/internal/tui","github.com/n-orlov/deck/internal/tui",""
"","1635","a full enter/exit cycle costs exactly two SIGWINCH with nobody attached","","","passed","","","Interactive mode's SIGWINCH budget (Part II, requirement 11)","",""
"","0","TestBelowMinimumFrameStaysWithinBudget/70x24/attachError/wraps-at-w","","Fri Sep 25 21:38:41 BST 2026","passed","Fri Sep 25 21:38:41 BST 2026","","github.com/n-orlov/deck/internal/tui","github.com/n-orlov/deck/internal/tui",""
"","60","TestReceiveHookAppliesOverAnyStaleSourceExceptStopped/UserPromptSubmit/from_error/via_tmux","","Fri Sep 25 21:37:06 BST 2026","passed","Fri Sep 25 21:37:06 BST 2026","","github.com/n-orlov/deck/internal/hookrecv","github.com/n-orlov/deck/internal/hookrecv",""
"","0","TestUndoToastStaysWithinFrameBudgetAtEveryLayoutMode/stacked","","Fri Sep 25 21:38:41 BST 2026","passed","Fri Sep 25 21:38:41 BST 2026","","github.com/n-orlov/deck/internal/tui","github.com/n-orlov/deck/internal/tui",""
"","0","TestSelectedTextClampsOutOfRangeCoordinates","","Fri Sep 25 21:37:23 BST 2026","passed","Fri Sep 25 21:37:23 BST 2026","","github.com/n-orlov/deck/internal/interactive","github.com/n-orlov/deck/internal/interactive",""
"","30","TestPanePipeCloseDisarmsAndPanePipeReturnsToZero","","Fri Sep 25 21:38:11 BST 2026","passed","Fri Sep 25 21:38:11 BST 2026","","github.com/n-orlov/deck/internal/tmux","github.com/n-orlov/deck/internal/tmux",""
"","1490","TestFeatures/rename_dialog_--_enter_submits_a_new_display_name_and_returns_to_detail,_without_ever_touching_the_tmux_session","","Fri Sep 25 21:39:00 BST 2026","passed","Fri Sep 25 21:39:01 BST 2026","","github.com/n-orlov/deck/features","github.com/n-orlov/deck/features",""
"","760","TestFeatures/with_no_recent_cwds_history_the_cwd_field_pre-fills_with_the_directory_deck_started_in","","Fri Sep 25 21:39:00 BST 2026","passed","Fri Sep 25 21:39:00 BST 2026","","github.com/n-orlov/deck/features","github.com/n-orlov/deck/features",""
"","180","TestResumeMakesACrashedRowReconcilableAgain","","Fri Sep 25 21:37:44 BST 2026","passed","Fri Sep 25 21:37:44 BST 2026","","github.com/n-orlov/deck/internal/service","github.com/n-orlov/deck/internal/service",""
"","0","TestNavigationPrimitivesRespectGroupIDKeyedCollapse/visibleSessionIndices","","Fri Sep 25 21:38:41 BST 2026","passed","Fri Sep 25 21:38:41 BST 2026","","github.com/n-orlov/deck/internal/tui","github.com/n-orlov/deck/internal/tui",""
"","0","TestLookPathInErrorsWhenNameIsModeNonExecutable","","Fri Sep 25 21:37:44 BST 2026","passed","Fri Sep 25 21:37:44 BST 2026","","github.com/n-orlov/deck/internal/service","github.com/n-orlov/deck/internal/service",""
"","0","TestBelowMinimumFrameStaysWithinBudget/79x40/attachError/wraps-at-w","","Fri Sep 25 21:38:41 BST 2026","passed","Fri Sep 25 21:38:41 BST 2026","","github.com/n-orlov/deck/internal/tui","github.com/n-orlov/deck/internal/tui",""
"","0","TestBulkDeleteConfirmTokensMatchSpec","","Fri Sep 25 21:38:41 BST 2026","passed","Fri Sep 25 21:38:41 BST 2026","","github.com/n-orlov/deck/internal/tui","github.com/n-orlov/deck/internal/tui",""
"","1114","esc clears a filter held in force at the plain list, with the text field never reopened","","","passed","","","The / list filter: by name, group and cwd, and the route back to an archived row (I-10, task 123; re-aimed off workspace by task 015/R129 part 4)","",""
"","0","TestHelpStyleDegradesToPlainTextWithColorOff","","Fri Sep 25 21:38:41 BST 2026","passed","Fri Sep 25 21:38:41 BST 2026","","github.com/n-orlov/deck/internal/tui","github.com/n-orlov/deck/internal/tui",""
"","60","TestSupersededLaunchGenerationDropsTheWholeHookClass/SessionEnd/current_token","","Fri Sep 25 21:37:06 BST 2026","passed","Fri Sep 25 21:37:06 BST 2026","","github.com/n-orlov/deck/internal/hookrecv","github.com/n-orlov/deck/internal/hookrecv",""
"","10","TestWriteConfigFileEnvDropsRemovedKeyAddsNewKey","","Fri Sep 25 21:37:05 BST 2026","passed","Fri Sep 25 21:37:05 BST 2026","","github.com/n-orlov/deck/internal/config","github.com/n-orlov/deck/internal/config",""
"","0","TestPreviewClampToContentClampsOffPanelCoordinates","","Fri Sep 25 21:38:41 BST 2026","passed","Fri Sep 25 21:38:41 BST 2026","","github.com/n-orlov/deck/internal/tui","github.com/n-orlov/deck/internal/tui",""
"","0","TestListFooterNamesTheHeaderCursorFoldKeys/ascii","","Fri Sep 25 21:38:41 BST 2026","passed","Fri Sep 25 21:38:41 BST 2026","","github.com/n-orlov/deck/internal/tui","github.com/n-orlov/deck/internal/tui",""
"","0","TestHitTestResolvesRowsHeadersSeamAndPreviewSideBySide","","Fri Sep 25 21:38:41 BST 2026","passed","Fri Sep 25 21:38:41 BST 2026","","github.com/n-orlov/deck/internal/tui","github.com/n-orlov/deck/internal/tui",""
"","60","TestFoldUnfoldHeaderWithZeroTotalSessions","","Fri Sep 25 21:38:41 BST 2026","passed","Fri Sep 25 21:38:41 BST 2026","","github.com/n-orlov/deck/internal/tui","github.com/n-orlov/deck/internal/tui",""
"","0","TestAllDialogsRejectMouseAtBorderBodyAndOutside/pin/outside","","Fri Sep 25 21:38:41 BST 2026","passed","Fri Sep 25 21:38:41 BST 2026","","github.com/n-orlov/deck/internal/tui","github.com/n-orlov/deck/internal/tui",""
"","60","TestAttachThroughPTY","","Fri Sep 25 21:38:11 BST 2026","passed","Fri Sep 25 21:38:11 BST 2026","","github.com/n-orlov/deck/internal/tmux","github.com/n-orlov/deck/internal/tmux",""
"","0","TestCapturedPaneSideBySideKeepsOwnColourFrameCarriesDeckBackground","","Fri Sep 25 21:38:41 BST 2026","passed","Fri Sep 25 21:38:41 BST 2026","","github.com/n-orlov/deck/internal/tui","github.com/n-orlov/deck/internal/tui",""
"","0","TestAllTokensMatchesSPEC","","Fri Sep 25 21:38:10 BST 2026","passed","Fri Sep 25 21:38:10 BST 2026","","github.com/n-orlov/deck/internal/theme","github.com/n-orlov/deck/internal/theme",""
"","0","TestSessionGroupIDDefaultsAndDanglingBothResolveToZero/nil_GroupID,_empty_GroupName","","Fri Sep 25 21:38:41 BST 2026","passed","Fri Sep 25 21:38:41 BST 2026","","github.com/n-orlov/deck/internal/tui","github.com/n-orlov/deck/internal/tui",""
"","10","TestCropDecorationsCarryDeckBackground/Stacked","","Fri Sep 25 21:38:41 BST 2026","passed","Fri Sep 25 21:38:41 BST 2026","","github.com/n-orlov/deck/internal/tui","github.com/n-orlov/deck/internal/tui",""
"","0","TestForceStillRefusesBelowTheFloor","","Fri Sep 25 21:38:41 BST 2026","passed","Fri Sep 25 21:38:41 BST 2026","","github.com/n-orlov/deck/internal/tui","github.com/n-orlov/deck/internal/tui",""
"","60","TestSetLaunchInputsRoundTripsAllFourColumnsAndMarksLaunchDirty","","Fri Sep 25 21:38:00 BST 2026","passed","Fri Sep 25 21:38:00 BST 2026","","github.com/n-orlov/deck/internal/store","github.com/n-orlov/deck/internal/store",""
"","10","TestSettingsScopeParityMatchesSaveBehaviour/allow_yolo","","Fri Sep 25 21:38:41 BST 2026","passed","Fri Sep 25 21:38:41 BST 2026","","github.com/n-orlov/deck/internal/tui","github.com/n-orlov/deck/internal/tui",""
"","0","TestLeftRightFoldUnfoldPopulatedGroupFromHeader","","Fri Sep 25 21:38:41 BST 2026","passed","Fri Sep 25 21:38:41 BST 2026","","github.com/n-orlov/deck/internal/tui","github.com/n-orlov/deck/internal/tui",""
"","0","TestGodogRejectsUndefinedAndFailedSteps/undefined","","Fri Sep 25 21:36:35 BST 2026","passed","Fri Sep 25 21:36:35 BST 2026","","github.com/n-orlov/deck/features","github.com/n-orlov/deck/features",""
"","2029","TestFeatures/racing_clients_collect_one_corpse_idempotently","","Fri Sep 25 21:39:00 BST 2026","passed","Fri Sep 25 21:39:02 BST 2026","","github.com/n-orlov/deck/features","github.com/n-orlov/deck/features",""
"","0","TestDeleteUndoNoteStaysWithinFrameBudgetAtEveryLayoutMode/single-delete-undo/auto","","Fri Sep 25 21:38:41 BST 2026","passed","Fri Sep 25 21:38:41 BST 2026","","github.com/n-orlov/deck/internal/tui","github.com/n-orlov/deck/internal/tui",""
"","2256","R restarts a running codex session with the resume argv, never composing --last","","","passed","","","Real agent session creation and resume through the TUI","",""
"","0","TestArchivePurgeAndRefusalMessagesStayWithinFrameBudgetAtEveryLayoutMode/Cannot_archive:_session_is_already_archived/side-by-side","","Fri Sep 25 21:38:41 BST 2026","passed","Fri Sep 25 21:38:41 BST 2026","","github.com/n-orlov/deck/internal/tui","github.com/n-orlov/deck/internal/tui",""
"","0","TestDriftEndingKeysBringSelectionBackIntoView/key=""F""","","Fri Sep 25 21:38:41 BST 2026","passed","Fri Sep 25 21:38:41 BST 2026","","github.com/n-orlov/deck/internal/tui","github.com/n-orlov/deck/internal/tui",""
"","1470","TestFeatures/detail_dialog_--_the_mouse_can_neither_cancel_nor_confirm_it,_at_its_border,_its_body_or_outside_it","","Fri Sep 25 21:39:00 BST 2026","passed","Fri Sep 25 21:39:01 BST 2026","","github.com/n-orlov/deck/features","github.com/n-orlov/deck/features",""
"","790","TestFeatures/the_config-file-content_assertion_fails_on_a_mismatch","","Fri Sep 25 21:39:00 BST 2026","passed","Fri Sep 25 21:39:00 BST 2026","","github.com/n-orlov/deck/features","github.com/n-orlov/deck/features",""
"","0","TestCollapsedStripRendersMarkerAndAttentionCount","","Fri Sep 25 21:38:41 BST 2026","passed","Fri Sep 25 21:38:41 BST 2026","","github.com/n-orlov/deck/internal/tui","github.com/n-orlov/deck/internal/tui",""
"","60","TestSessionNoticesAndClosesDownOnADeadPaneUnderRemainOnExitFailed","","Fri Sep 25 21:37:23 BST 2026","passed","Fri Sep 25 21:37:23 BST 2026","","github.com/n-orlov/deck/internal/interactive","github.com/n-orlov/deck/internal/interactive",""
"","0","TestConfigFileStaleAfter","","Fri Sep 25 21:37:05 BST 2026","passed","Fri Sep 25 21:37:05 BST 2026","","github.com/n-orlov/deck/internal/config","github.com/n-orlov/deck/internal/config",""
"","100","TestReceiveHookAppliesOverAnyStaleSourceExceptStopped/Stop/from_idle/via_user","","Fri Sep 25 21:37:06 BST 2026","passed","Fri Sep 25 21:37:06 BST 2026","","github.com/n-orlov/deck/internal/hookrecv","github.com/n-orlov/deck/internal/hookrecv",""
"","0","TestCollapsedGroupsFoldStateByteIdenticalAcrossDefaultFirstFlagFlip","","Fri Sep 25 21:38:41 BST 2026","passed","Fri Sep 25 21:38:41 BST 2026","","github.com/n-orlov/deck/internal/tui","github.com/n-orlov/deck/internal/tui",""
"","970","TestFeatures/the_""matrix""_built-in_theme's_background_token_fills_every_deck-owned_cell_of_the_frame,_pad_columns_past_a_short_row's_own_text_included","","Fri Sep 25 21:39:00 BST 2026","passed","Fri Sep 25 21:39:00 BST 2026","","github.com/n-orlov/deck/features","github.com/n-orlov/deck/features",""
"","1842","the starting status token colours the starting status word","","","passed","","","the seven §7 status tokens colour the sidebar's status word (task 014)","",""
"","0","TestDetailViewOmitsProfileForShell","","Fri Sep 25 21:38:41 BST 2026","passed","Fri Sep 25 21:38:41 BST 2026","","github.com/n-orlov/deck/internal/tui","github.com/n-orlov/deck/internal/tui",""
"","0","TestPinDialogEscCancelsWithoutPersisting","","Fri Sep 25 21:38:41 BST 2026","passed","Fri Sep 25 21:38:41 BST 2026","","github.com/n-orlov/deck/internal/tui","github.com/n-orlov/deck/internal/tui",""
"","0","TestSettingsNotifyEntryIsNavigableAndOpensNothing","","Fri Sep 25 21:38:41 BST 2026","passed","Fri Sep 25 21:38:41 BST 2026","","github.com/n-orlov/deck/internal/tui","github.com/n-orlov/deck/internal/tui",""
"","0","TestUndoToastBudgetHoldsAcrossSizes","","Fri Sep 25 21:38:41 BST 2026","passed","Fri Sep 25 21:38:41 BST 2026","","github.com/n-orlov/deck/internal/tui","github.com/n-orlov/deck/internal/tui",""
"","0","TestGDoesNotDisturbQCtrlCIOrRInsideDetail","","Fri Sep 25 21:38:41 BST 2026","passed","Fri Sep 25 21:38:41 BST 2026","","github.com/n-orlov/deck/internal/tui","github.com/n-orlov/deck/internal/tui",""
"","10","TestPreviewPressIsInertOnHeaderCursorStartsNoDragToCopyAndWheelStaysNoOp","","Fri Sep 25 21:38:41 BST 2026","passed","Fri Sep 25 21:38:41 BST 2026","","github.com/n-orlov/deck/internal/tui","github.com/n-orlov/deck/internal/tui",""
"","0","TestInteractiveNamedKeyMapsOnlyModeDependentKeys","","Fri Sep 25 21:38:41 BST 2026","passed","Fri Sep 25 21:38:41 BST 2026","","github.com/n-orlov/deck/internal/tui","github.com/n-orlov/deck/internal/tui",""
"","60","TestClearRecentCwdsRemovesEveryEntryButNothingElse","","Fri Sep 25 21:38:00 BST 2026","passed","Fri Sep 25 21:38:00 BST 2026","","github.com/n-orlov/deck/internal/store","github.com/n-orlov/deck/internal/store",""
"","0","TestApplyDialogContractCoreKeys/enter_submits_and_does_not_cancel","","Fri Sep 25 21:38:41 BST 2026","passed","Fri Sep 25 21:38:41 BST 2026","","github.com/n-orlov/deck/internal/tui","github.com/n-orlov/deck/internal/tui",""
"","0","TestArchiveConfirmStyledBodyMatchesPlainBodyOnceStripped","","Fri Sep 25 21:38:41 BST 2026","passed","Fri Sep 25 21:38:41 BST 2026","","github.com/n-orlov/deck/internal/tui","github.com/n-orlov/deck/internal/tui",""
"","0","TestSessionScopedKeysAreInertOnAHeader/Y","","Fri Sep 25 21:38:41 BST 2026","passed","Fri Sep 25 21:38:41 BST 2026","","github.com/n-orlov/deck/internal/tui","github.com/n-orlov/deck/internal/tui",""
"","1741","login_shell marks captured_path advisory in the row and its detail","","","passed","","","Real agent session creation and resume through the TUI","",""
"","0","TestParseHookOverrideRoundTripsAgainstTheRealEncoder/space_in_path","","Fri Sep 25 21:36:33 BST 2026","passed","Fri Sep 25 21:36:33 BST 2026","","github.com/n-orlov/deck/cmd/fake-codex","github.com/n-orlov/deck/cmd/fake-codex",""
"","60","TestUnarchiveSessionClearsArchivedAtAndReturnsToListSessions","","Fri Sep 25 21:38:00 BST 2026","passed","Fri Sep 25 21:38:00 BST 2026","","github.com/n-orlov/deck/internal/store","github.com/n-orlov/deck/internal/store",""
"","1020","TestFeatures/a_fake_agent_renders_a_preview_fixture_once_and_then_falls_silent#06","","Fri Sep 25 21:39:00 BST 2026","passed","Fri Sep 25 21:39:01 BST 2026","","github.com/n-orlov/deck/features","github.com/n-orlov/deck/features",""
"","0","TestEnvBodyMeasurementsCarryNoSGRBytes","","Fri Sep 25 21:38:41 BST 2026","passed","Fri Sep 25 21:38:41 BST 2026","","github.com/n-orlov/deck/internal/tui","github.com/n-orlov/deck/internal/tui",""
"","320","TestPaneSeedStateReadsEachNonDefaultFieldFromARealPane/keypad_flag","","Fri Sep 25 21:38:11 BST 2026","passed","Fri Sep 25 21:38:11 BST 2026","","github.com/n-orlov/deck/internal/tmux","github.com/n-orlov/deck/internal/tmux",""
"","1856","a wheel notch scrolls an attached pane's scrollback and leaves the shell's input line untouched","","","passed","","","§3.2/§11.8 a wheel notch in an attached session scrolls the pane, not the shell (requirement 48)","",""
"","140","TestDeleteRunsSessionThenGlobalPostDestroyExactlyOnce","","Fri Sep 25 21:37:44 BST 2026","passed","Fri Sep 25 21:37:44 BST 2026","","github.com/n-orlov/deck/internal/service","github.com/n-orlov/deck/internal/service",""
"","0","TestNoIgnoredExitStatusForInputDispatch","","Fri Sep 25 21:38:11 BST 2026","passed","Fri Sep 25 21:38:11 BST 2026","","github.com/n-orlov/deck/internal/tmux","github.com/n-orlov/deck/internal/tmux",""
"","1738","NO_COLOR renders a monochrome frame with a session's status carried by its glyphs alone","","","passed","","","Godog harness wiring","",""
"","0","TestSidebarTitleRendersInTitleToken","","Fri Sep 25 21:38:41 BST 2026","passed","Fri Sep 25 21:38:41 BST 2026","","github.com/n-orlov/deck/internal/tui","github.com/n-orlov/deck/internal/tui",""
"","0","TestLiveErrorRowIsNotWedgedByEligibilityPredicates","","Fri Sep 25 21:38:41 BST 2026","passed","Fri Sep 25 21:38:41 BST 2026","","github.com/n-orlov/deck/internal/tui","github.com/n-orlov/deck/internal/tui",""
"","0","TestSettingsKeyOpensAndEscCloses","","Fri Sep 25 21:38:41 BST 2026","passed","Fri Sep 25 21:38:41 BST 2026","","github.com/n-orlov/deck/internal/tui","github.com/n-orlov/deck/internal/tui",""
"","770","TestFeatures/wide_glyphs_in_a_cropped_pane_never_shear_the_preview's_border","","Fri Sep 25 21:39:00 BST 2026","passed","Fri Sep 25 21:39:00 BST 2026","","github.com/n-orlov/deck/features","github.com/n-orlov/deck/features",""
"","0","TestCreateModalDegradesRequestedProfileThroughResolveProfile","","Fri Sep 25 21:38:41 BST 2026","passed","Fri Sep 25 21:38:41 BST 2026","","github.com/n-orlov/deck/internal/tui","github.com/n-orlov/deck/internal/tui",""
"","110","TestSupersededLaunchGenerationDropsTheWholeHookClass/Stop/row_carries_no_token,_hook_does","","Fri Sep 25 21:37:06 BST 2026","passed","Fri Sep 25 21:37:06 BST 2026","","github.com/n-orlov/deck/internal/hookrecv","github.com/n-orlov/deck/internal/hookrecv",""
"","2147","a built-in theme colours the stopped status token, read per cell from a real client","","","passed","","","theme rendering end-to-end (requirement 49)","",""
"","20","TestSendKeysDashPayloadWithoutSeparatorIsSilentlyDiscarded","","Fri Sep 25 21:38:11 BST 2026","passed","Fri Sep 25 21:38:11 BST 2026","","github.com/n-orlov/deck/internal/tmux","github.com/n-orlov/deck/internal/tmux",""
"","0","TestGroupHeaderRendersInGroupToken","","Fri Sep 25 21:38:41 BST 2026","passed","Fri Sep 25 21:38:41 BST 2026","","github.com/n-orlov/deck/internal/tui","github.com/n-orlov/deck/internal/tui",""
"","0","TestDriftEndingKeysBringSelectionBackIntoView/key=""_""","","Fri Sep 25 21:38:41 BST 2026","passed","Fri Sep 25 21:38:41 BST 2026","","github.com/n-orlov/deck/internal/tui","github.com/n-orlov/deck/internal/tui",""
"","0","TestDefaultCreateAgentPrefersShellRegardlessOfSortOrder","","Fri Sep 25 21:38:41 BST 2026","passed","Fri Sep 25 21:38:41 BST 2026","","github.com/n-orlov/deck/internal/tui","github.com/n-orlov/deck/internal/tui",""
"","10","TestSidebarGutterMarkedUnselectedRowIsBadgeWithCheck/unicode","","Fri Sep 25 21:38:41 BST 2026","passed","Fri Sep 25 21:38:41 BST 2026","","github.com/n-orlov/deck/internal/tui","github.com/n-orlov/deck/internal/tui",""
"","0","TestEveryEntryRefusalKindDrawsItsOwnBannerNotTheFooter/stopped","","Fri Sep 25 21:38:41 BST 2026","passed","Fri Sep 25 21:38:41 BST 2026","","github.com/n-orlov/deck/internal/tui","github.com/n-orlov/deck/internal/tui",""
"","0","TestFieldByFullKey","","Fri Sep 25 21:37:05 BST 2026","passed","Fri Sep 25 21:37:05 BST 2026","","github.com/n-orlov/deck/internal/config","github.com/n-orlov/deck/internal/config",""
"","2061","a built-in theme colours the error status token, read per cell from a real client","","","passed","","","theme rendering end-to-end (requirement 49)","",""
"","100","TestRenameGroupUpdatesOneRowAndCarriesItsTwoMembers","","Fri Sep 25 21:38:00 BST 2026","passed","Fri Sep 25 21:38:00 BST 2026","","github.com/n-orlov/deck/internal/store","github.com/n-orlov/deck/internal/store",""
"","1443","right explicitly unfolds a folded group under the header cursor","","","passed","","","SPEC §11's group navigation and order (Phase 4c Tier 1+2 -- GH #31, #32, #33, #34)","",""
"","1550","TestFeatures/entering_interactive_mode_is_refused_while_a_live_process_holds_the_window's_ownership","","Fri Sep 25 21:39:00 BST 2026","passed","Fri Sep 25 21:39:01 BST 2026","","github.com/n-orlov/deck/features","github.com/n-orlov/deck/features",""
"","4300","TestFeatures/a_settled_selection_fits_the_session's_window_to_exactly_the_panel's_own_content_box,_coalesced_across_repeated_revisits","","Fri Sep 25 21:39:00 BST 2026","passed","Fri Sep 25 21:39:04 BST 2026","","github.com/n-orlov/deck/features","github.com/n-orlov/deck/features",""
"","0","TestAllDialogsRejectMouseAtBorderBodyAndOutside/detail","","Fri Sep 25 21:38:41 BST 2026","passed","Fri Sep 25 21:38:41 BST 2026","","github.com/n-orlov/deck/internal/tui","github.com/n-orlov/deck/internal/tui",""
"","0","TestNoLiveCapturePreviewInteriorCarriesDeckBackgroundSideBySide/parchment","","Fri Sep 25 21:38:41 BST 2026","passed","Fri Sep 25 21:38:41 BST 2026","","github.com/n-orlov/deck/internal/tui","github.com/n-orlov/deck/internal/tui",""
"","0","TestSortSessionsByOrderDispatchesOnConfiguredOrder/activity","","Fri Sep 25 21:38:41 BST 2026","passed","Fri Sep 25 21:38:41 BST 2026","","github.com/n-orlov/deck/internal/tui","github.com/n-orlov/deck/internal/tui",""
"","30","TestPanePipeReceivesGenuineEOFOnDisplacementWithPanePipeStillOne","","Fri Sep 25 21:38:11 BST 2026","passed","Fri Sep 25 21:38:11 BST 2026","","github.com/n-orlov/deck/internal/tmux","github.com/n-orlov/deck/internal/tmux",""
"","0","TestSettingsFooterCarriesDeckBackground/cobalt/string-edit","","Fri Sep 25 21:38:41 BST 2026","passed","Fri Sep 25 21:38:41 BST 2026","","github.com/n-orlov/deck/internal/tui","github.com/n-orlov/deck/internal/tui",""
"","80","TestCreateAgentPreLaunchExportNeverAppearsInSessionEnvironmentOrStateDB","","Fri Sep 25 21:37:44 BST 2026","passed","Fri Sep 25 21:37:44 BST 2026","","github.com/n-orlov/deck/internal/service","github.com/n-orlov/deck/internal/service",""
"","0","TestSessionScopedKeysAreInertOnAHeader/a","","Fri Sep 25 21:38:41 BST 2026","passed","Fri Sep 25 21:38:41 BST 2026","","github.com/n-orlov/deck/internal/tui","github.com/n-orlov/deck/internal/tui",""
"","3046","create a claude session, observe its facts, then resume it","","","passed","","","Real agent session creation and resume through the TUI","",""
"","1300","TestFeatures/u_does_nothing_once_the_delete_grace_window_has_expired,_and_the_row_is_reaped","","Fri Sep 25 21:39:00 BST 2026","passed","Fri Sep 25 21:39:01 BST 2026","","github.com/n-orlov/deck/features","github.com/n-orlov/deck/features",""
"","50","TestBootstrapMouseOffLeavesOtherServerOptionsUnchanged","","Fri Sep 25 21:38:11 BST 2026","passed","Fri Sep 25 21:38:11 BST 2026","","github.com/n-orlov/deck/internal/tmux","github.com/n-orlov/deck/internal/tmux",""
"","1380","u does nothing once the undo window has expired","","","passed","","","Undo toast after x, and the dd delete/tombstone chord","",""
"","90","TestReleaseLaunchLeaseLetsTheSameOwnerLaunchAgainInsideTheTTL","","Fri Sep 25 21:38:00 BST 2026","passed","Fri Sep 25 21:38:00 BST 2026","","github.com/n-orlov/deck/internal/store","github.com/n-orlov/deck/internal/store",""
"","40","TestRestoreWindowGeometryUnsetsAPreEntrySetWindowSize","","Fri Sep 25 21:38:11 BST 2026","passed","Fri Sep 25 21:38:11 BST 2026","","github.com/n-orlov/deck/internal/tmux","github.com/n-orlov/deck/internal/tmux",""
"","120","TestSetPermissionProfileRefusesUnsupportedProfile","","Fri Sep 25 21:37:44 BST 2026","passed","Fri Sep 25 21:37:44 BST 2026","","github.com/n-orlov/deck/internal/service","github.com/n-orlov/deck/internal/service",""
"","150","TestInteractiveFooterAtLiveBottomRendersNoCueAndMatchesPreChangeFooter","","Fri Sep 25 21:38:41 BST 2026","passed","Fri Sep 25 21:38:41 BST 2026","","github.com/n-orlov/deck/internal/tui","github.com/n-orlov/deck/internal/tui",""
"","1750","TestFeatures/the_preview's_top_border_names_the_target_session_as_plain_screen_text,_legible_even_under_NO_COLOR","","Fri Sep 25 21:39:00 BST 2026","passed","Fri Sep 25 21:39:01 BST 2026","","github.com/n-orlov/deck/features","github.com/n-orlov/deck/features",""
"","0","TestEscOnTheRenameDialogClosesItWithoutTouchingAHeldFilter","","Fri Sep 25 21:38:41 BST 2026","passed","Fri Sep 25 21:38:41 BST 2026","","github.com/n-orlov/deck/internal/tui","github.com/n-orlov/deck/internal/tui",""
"","0","TestExitStatusIsControlledOnlyByFixtureEnvironment","","Fri Sep 25 21:36:33 BST 2026","passed","Fri Sep 25 21:36:33 BST 2026","","github.com/n-orlov/deck/cmd/fake-pi","github.com/n-orlov/deck/cmd/fake-pi",""
"","20","TestSendKeysInvalidHexByteIsSilentlyDiscarded","","Fri Sep 25 21:38:11 BST 2026","passed","Fri Sep 25 21:38:11 BST 2026","","github.com/n-orlov/deck/internal/tmux","github.com/n-orlov/deck/internal/tmux",""
"","2240","TestFeatures/the_permission_profile_survives_a_resume","","Fri Sep 25 21:39:00 BST 2026","passed","Fri Sep 25 21:39:02 BST 2026","","github.com/n-orlov/deck/features","github.com/n-orlov/deck/features",""
"","0","TestSessionsLoadedTracksSelectionByIDAcrossResort","","Fri Sep 25 21:38:41 BST 2026","passed","Fri Sep 25 21:38:41 BST 2026","","github.com/n-orlov/deck/internal/tui","github.com/n-orlov/deck/internal/tui",""
"","0","TestDeleteRefusesEmptySessionID","","Fri Sep 25 21:37:44 BST 2026","passed","Fri Sep 25 21:37:44 BST 2026","","github.com/n-orlov/deck/internal/service","github.com/n-orlov/deck/internal/service",""
"","110","TestReceiveDoesNotResurrectAUserKilledRow","","Fri Sep 25 21:37:06 BST 2026","passed","Fri Sep 25 21:37:06 BST 2026","","github.com/n-orlov/deck/internal/hookrecv","github.com/n-orlov/deck/internal/hookrecv",""
"","0","TestNavigationPrimitivesRespectGroupIDKeyedCollapse/gG","","Fri Sep 25 21:38:41 BST 2026","passed","Fri Sep 25 21:38:41 BST 2026","","github.com/n-orlov/deck/internal/tui","github.com/n-orlov/deck/internal/tui",""
"","90","TestReceiveHookAppliesOverAnyStaleSourceExceptStopped/SessionEnd/from_waiting/via_user","","Fri Sep 25 21:37:06 BST 2026","passed","Fri Sep 25 21:37:06 BST 2026","","github.com/n-orlov/deck/internal/hookrecv","github.com/n-orlov/deck/internal/hookrecv",""
"","0","TestProbeGoldenPaneCorpus/pi/running.txt","","Fri Sep 25 21:37:05 BST 2026","passed","Fri Sep 25 21:37:05 BST 2026","","github.com/n-orlov/deck/internal/agent","github.com/n-orlov/deck/internal/agent",""
"","80","TestLiveOwnerWithGenerationIsStillNotBreakable","","Fri Sep 25 21:38:00 BST 2026","passed","Fri Sep 25 21:38:00 BST 2026","","github.com/n-orlov/deck/internal/store","github.com/n-orlov/deck/internal/store",""
"","1061","a real deck client's frame fits its own terminal at several sizes #1","","","passed","","","Godog harness wiring","",""
"","1530","TestFeatures/A_row_at_error_from_a_stale_tmux_launch-failure_verdict_recovers_on_the_next_hook","","Fri Sep 25 21:39:00 BST 2026","passed","Fri Sep 25 21:39:01 BST 2026","","github.com/n-orlov/deck/features","github.com/n-orlov/deck/features",""
"","10","TestSettingsSaveAppliesLiveScopeFieldsWithoutRestart/allow_yolo","","Fri Sep 25 21:38:41 BST 2026","passed","Fri Sep 25 21:38:41 BST 2026","","github.com/n-orlov/deck/internal/tui","github.com/n-orlov/deck/internal/tui",""
"","1745","R offers inject-instead for a shell session, exporting the pending edit into the same live pane","","","passed","","","The `e` env editor shows the effective value and winning layer per key, and writes an edit (requirements 20 and task 021, SPEC §6.1/§6.3)","",""
"","870","TestFeatures/sidebar_width_can_be_set_and_read_back_for_a_scenario","","Fri Sep 25 21:39:00 BST 2026","passed","Fri Sep 25 21:39:00 BST 2026","","github.com/n-orlov/deck/features","github.com/n-orlov/deck/features",""
"","0","TestFooterHandlerAgreementAcrossEveryRowClass/empty_list/dd","","Fri Sep 25 21:38:41 BST 2026","passed","Fri Sep 25 21:38:41 BST 2026","","github.com/n-orlov/deck/internal/tui","github.com/n-orlov/deck/internal/tui",""
"","0","TestFooterHandlerAgreementAcrossEveryRowClass/live/running/↵","","Fri Sep 25 21:38:41 BST 2026","passed","Fri Sep 25 21:38:41 BST 2026","","github.com/n-orlov/deck/internal/tui","github.com/n-orlov/deck/internal/tui",""
"","30","TestAssertTmuxOptionUnsetInScope","","Fri Sep 25 21:36:35 BST 2026","passed","Fri Sep 25 21:36:35 BST 2026","","github.com/n-orlov/deck/features","github.com/n-orlov/deck/features",""
"","60","TestSweepTombstonesHonoursFrozenClock/clock_frozen_in_the_past_leaves_a_row_the_real_clock_would_reap","","Fri Sep 25 21:38:00 BST 2026","passed","Fri Sep 25 21:38:00 BST 2026","","github.com/n-orlov/deck/internal/store","github.com/n-orlov/deck/internal/store",""
"","1230","TestFeatures/esc_closes_the_env_editor_changing_nothing","","Fri Sep 25 21:39:00 BST 2026","passed","Fri Sep 25 21:39:01 BST 2026","","github.com/n-orlov/deck/features","github.com/n-orlov/deck/features",""
"","0","TestCreateModalShellSubmitPassesPreLaunchThrough","","Fri Sep 25 21:38:41 BST 2026","passed","Fri Sep 25 21:38:41 BST 2026","","github.com/n-orlov/deck/internal/tui","github.com/n-orlov/deck/internal/tui",""
"","0","TestCropDecorationsCarryDeckBackground/SideBySide/empire","","Fri Sep 25 21:38:41 BST 2026","passed","Fri Sep 25 21:38:41 BST 2026","","github.com/n-orlov/deck/internal/tui","github.com/n-orlov/deck/internal/tui",""
"","0","TestSortComparatorsBreakTiesByIDWhenNoPreviousFrame/name","","Fri Sep 25 21:38:41 BST 2026","passed","Fri Sep 25 21:38:41 BST 2026","","github.com/n-orlov/deck/internal/tui","github.com/n-orlov/deck/internal/tui",""
"","1550","TestPanePipeNeverClosesOnADeadPaneUnderRemainOnExitFailed","","Fri Sep 25 21:38:11 BST 2026","passed","Fri Sep 25 21:38:12 BST 2026","","github.com/n-orlov/deck/internal/tmux","github.com/n-orlov/deck/internal/tmux",""
"","790","TestFeatures/a_colour_assertion_fails_when_pointed_at_a_cell_of_a_different_colour","","Fri Sep 25 21:39:00 BST 2026","passed","Fri Sep 25 21:39:00 BST 2026","","github.com/n-orlov/deck/features","github.com/n-orlov/deck/features",""
"","0","TestFooterLineSharesLineWithLongStatusReason/short_reason:_both_halves_in_full","","Fri Sep 25 21:38:41 BST 2026","passed","Fri Sep 25 21:38:41 BST 2026","","github.com/n-orlov/deck/internal/tui","github.com/n-orlov/deck/internal/tui",""
"","90","TestSendNamedKeyDeliversHomeAndEndByTmuxsOwnTranslationNotHandEncoded","","Fri Sep 25 21:38:11 BST 2026","passed","Fri Sep 25 21:38:11 BST 2026","","github.com/n-orlov/deck/internal/tmux","github.com/n-orlov/deck/internal/tmux",""
"","90","TestReceiveHookAppliesOverAnyStaleSourceExceptStopped/SessionEnd/from_stopped/via_probe","","Fri Sep 25 21:37:06 BST 2026","passed","Fri Sep 25 21:37:06 BST 2026","","github.com/n-orlov/deck/internal/hookrecv","github.com/n-orlov/deck/internal/hookrecv",""
"","120","TestRestartInheritsTheArchivedRefusalFromResume","","Fri Sep 25 21:37:44 BST 2026","passed","Fri Sep 25 21:37:44 BST 2026","","github.com/n-orlov/deck/internal/service","github.com/n-orlov/deck/internal/service",""
"","680","TestDeckBinarySIGTERMMidInteractiveDisarmsPipeAndRestoresWindow","","Fri Sep 25 21:36:22 BST 2026","passed","Fri Sep 25 21:36:22 BST 2026","","github.com/n-orlov/deck/cmd/deck","github.com/n-orlov/deck/cmd/deck",""
"","0","TestFilterEscClearsBackToTheFullList","","Fri Sep 25 21:38:41 BST 2026","passed","Fri Sep 25 21:38:41 BST 2026","","github.com/n-orlov/deck/internal/tui","github.com/n-orlov/deck/internal/tui",""
"","100","TestReceiveHookAppliesOverAnyStaleSourceExceptStopped/StopFailure/from_running/via_hook","","Fri Sep 25 21:37:06 BST 2026","passed","Fri Sep 25 21:37:06 BST 2026","","github.com/n-orlov/deck/internal/hookrecv","github.com/n-orlov/deck/internal/hookrecv",""
"","320","TestPaneSeedStateReadsEachNonDefaultFieldFromARealPane/mouse_sgr_flag","","Fri Sep 25 21:38:11 BST 2026","passed","Fri Sep 25 21:38:11 BST 2026","","github.com/n-orlov/deck/internal/tmux","github.com/n-orlov/deck/internal/tmux",""
"","0","TestDriftEndingKeysBringSelectionBackIntoView/key=""g""","","Fri Sep 25 21:38:41 BST 2026","passed","Fri Sep 25 21:38:41 BST 2026","","github.com/n-orlov/deck/internal/tui","github.com/n-orlov/deck/internal/tui",""
"","0","TestRepaintModeEnvironmentSelectsTheDedicatedFixtureAndRejectsUnknownValues","","Fri Sep 25 21:36:32 BST 2026","passed","Fri Sep 25 21:36:32 BST 2026","","github.com/n-orlov/deck/cmd/fake-claude","github.com/n-orlov/deck/cmd/fake-claude",""
"","0","TestCropDecorationsCarryDeckBackground/Stacked/parchment","","Fri Sep 25 21:38:41 BST 2026","passed","Fri Sep 25 21:38:41 BST 2026","","github.com/n-orlov/deck/internal/tui","github.com/n-orlov/deck/internal/tui",""
"","0","TestPaneHookCommandRequiresInjectedSettingsRatherThanCallingDeckDirectly","","Fri Sep 25 21:36:32 BST 2026","passed","Fri Sep 25 21:36:32 BST 2026","","github.com/n-orlov/deck/cmd/fake-claude","github.com/n-orlov/deck/cmd/fake-claude",""
"","0","TestDetailFooterNamesTheHeaderCursorFoldKeys","","Fri Sep 25 21:38:41 BST 2026","passed","Fri Sep 25 21:38:41 BST 2026","","github.com/n-orlov/deck/internal/tui","github.com/n-orlov/deck/internal/tui",""
"","0","TestViewportFollowsDownAndJ/j","","Fri Sep 25 21:38:41 BST 2026","passed","Fri Sep 25 21:38:41 BST 2026","","github.com/n-orlov/deck/internal/tui","github.com/n-orlov/deck/internal/tui",""
"","2050","TestFeatures/a_sidebar_click_on_the_already-interactive_row_triggers_no_resize","","Fri Sep 25 21:39:00 BST 2026","passed","Fri Sep 25 21:39:02 BST 2026","","github.com/n-orlov/deck/features","github.com/n-orlov/deck/features",""
"","0","TestExpandCreateCWDOtherUserRejected","","Fri Sep 25 21:38:41 BST 2026","passed","Fri Sep 25 21:38:41 BST 2026","","github.com/n-orlov/deck/internal/tui","github.com/n-orlov/deck/internal/tui",""
"","0","TestWheelInOverlayHonoursMouseOptOut/event_log","","Fri Sep 25 21:38:41 BST 2026","passed","Fri Sep 25 21:38:41 BST 2026","","github.com/n-orlov/deck/internal/tui","github.com/n-orlov/deck/internal/tui",""
"","110","TestWheelInOverlayHonoursMouseOptOut","","Fri Sep 25 21:38:41 BST 2026","passed","Fri Sep 25 21:38:41 BST 2026","","github.com/n-orlov/deck/internal/tui","github.com/n-orlov/deck/internal/tui",""
"","0","TestConfigFileCaptureMinIntervalSecondsAndDuration","","Fri Sep 25 21:37:05 BST 2026","passed","Fri Sep 25 21:37:05 BST 2026","","github.com/n-orlov/deck/internal/config","github.com/n-orlov/deck/internal/config",""
"","0","TestBulkDeleteInvokesDeleterOncePerMarkedSessionWithItsOwnRow","","Fri Sep 25 21:38:41 BST 2026","passed","Fri Sep 25 21:38:41 BST 2026","","github.com/n-orlov/deck/internal/tui","github.com/n-orlov/deck/internal/tui",""
"","10","TestSessionResumedNoopOutcomesLeaveTheLatchSetAndIssueNoFit","","Fri Sep 25 21:38:41 BST 2026","passed","Fri Sep 25 21:38:41 BST 2026","","github.com/n-orlov/deck/internal/tui","github.com/n-orlov/deck/internal/tui",""
"","110","TestCollapsedGroupsSurviveModelRebuildFromUIState","","Fri Sep 25 21:38:41 BST 2026","passed","Fri Sep 25 21:38:41 BST 2026","","github.com/n-orlov/deck/internal/tui","github.com/n-orlov/deck/internal/tui",""
"","0","TestDiscoverRejectsMissingTmux","","Fri Sep 25 21:38:11 BST 2026","passed","Fri Sep 25 21:38:11 BST 2026","","github.com/n-orlov/deck/internal/tmux","github.com/n-orlov/deck/internal/tmux",""
"","0","TestSettingsFieldValueDisplayPerKind/unbounded-above_integer","","Fri Sep 25 21:38:41 BST 2026","passed","Fri Sep 25 21:38:41 BST 2026","","github.com/n-orlov/deck/internal/tui","github.com/n-orlov/deck/internal/tui",""
"","0","TestSessionIDCreatesSessionIfMissing","","Fri Sep 25 21:36:33 BST 2026","passed","Fri Sep 25 21:36:33 BST 2026","","github.com/n-orlov/deck/cmd/fake-pi","github.com/n-orlov/deck/cmd/fake-pi",""
"","130","TestInteractiveNotRepaintedNoticeCarriesDeckBackground/SideBySide/cobalt","","Fri Sep 25 21:38:41 BST 2026","passed","Fri Sep 25 21:38:41 BST 2026","","github.com/n-orlov/deck/internal/tui","github.com/n-orlov/deck/internal/tui",""
"","80","TestPaneArgvFillsTheEmptyExecutableSlotWithTheResolvedShell","","Fri Sep 25 21:37:44 BST 2026","passed","Fri Sep 25 21:37:44 BST 2026","","github.com/n-orlov/deck/internal/service","github.com/n-orlov/deck/internal/service",""
"","0","TestCreateModalNoYoloOfferedWithAllowYoloFalse","","Fri Sep 25 21:38:41 BST 2026","passed","Fri Sep 25 21:38:41 BST 2026","","github.com/n-orlov/deck/internal/tui","github.com/n-orlov/deck/internal/tui",""
"","0","TestRegistry_KindsIsStableAndSorted","","Fri Sep 25 21:37:05 BST 2026","passed","Fri Sep 25 21:37:05 BST 2026","","github.com/n-orlov/deck/internal/agent","github.com/n-orlov/deck/internal/agent",""
"","0","TestHeaderSelectionCueOnAllFoldedAndEmptyGroupsSidebar","","Fri Sep 25 21:38:41 BST 2026","passed","Fri Sep 25 21:38:41 BST 2026","","github.com/n-orlov/deck/internal/tui","github.com/n-orlov/deck/internal/tui",""
"","530","TestSeparateInvocationsCanObserveHistorySizeChangeBetweenThem","","Fri Sep 25 21:38:11 BST 2026","passed","Fri Sep 25 21:38:11 BST 2026","","github.com/n-orlov/deck/internal/tmux","github.com/n-orlov/deck/internal/tmux",""
"","100","TestResumeModeDispatchesToPinAutoAndFreshOnce","","Fri Sep 25 21:37:44 BST 2026","passed","Fri Sep 25 21:37:44 BST 2026","","github.com/n-orlov/deck/internal/service","github.com/n-orlov/deck/internal/service",""
"","0","TestDeckOwnedCellsCarryExplicitForegroundOnEveryBuiltin/empire/create_dialog","","Fri Sep 25 21:38:41 BST 2026","passed","Fri Sep 25 21:38:41 BST 2026","","github.com/n-orlov/deck/internal/tui","github.com/n-orlov/deck/internal/tui",""
"","2240","entering the interactive preview acknowledges a live error without replacing its verdict","","","passed","","","Attaching records the selected attention episode","",""
"","0","TestColorDepthForcedIndependentlyOfColor","","Fri Sep 25 21:37:05 BST 2026","passed","Fri Sep 25 21:37:05 BST 2026","","github.com/n-orlov/deck/internal/config","github.com/n-orlov/deck/internal/config",""
"","0","TestDeckOwnedCellsCarryExplicitForegroundOnEveryBuiltin/parchment/startup_banner","","Fri Sep 25 21:38:41 BST 2026","passed","Fri Sep 25 21:38:41 BST 2026","","github.com/n-orlov/deck/internal/tui","github.com/n-orlov/deck/internal/tui",""
"","2050","TestFeatures/pi_maps_only_its_declared_permission_profiles_to_argv","","Fri Sep 25 21:39:00 BST 2026","passed","Fri Sep 25 21:39:02 BST 2026","","github.com/n-orlov/deck/features","github.com/n-orlov/deck/features",""
"","0","TestNoLiveCapturePreviewInteriorCarriesDeckBackgroundStacked/parchment","","Fri Sep 25 21:38:41 BST 2026","passed","Fri Sep 25 21:38:41 BST 2026","","github.com/n-orlov/deck/internal/tui","github.com/n-orlov/deck/internal/tui",""
"","30","TestStartStillDefaultsToTransportPipe","","Fri Sep 25 21:37:23 BST 2026","passed","Fri Sep 25 21:37:23 BST 2026","","github.com/n-orlov/deck/internal/interactive","github.com/n-orlov/deck/internal/interactive",""
"","0","TestCreateModalYoloDefaultSkippedForAnAdapterThatDoesNotOfferYolo","","Fri Sep 25 21:38:41 BST 2026","passed","Fri Sep 25 21:38:41 BST 2026","","github.com/n-orlov/deck/internal/tui","github.com/n-orlov/deck/internal/tui",""
"","0","TestParseIsizeGeometryUnparseableValuesAreAbsent","","Fri Sep 25 21:38:11 BST 2026","passed","Fri Sep 25 21:38:11 BST 2026","","github.com/n-orlov/deck/internal/tmux","github.com/n-orlov/deck/internal/tmux",""
"","0","TestThemedDialogsDegradeCleanlyUnderNoColorAndASCII/rename/prefilled_value","","Fri Sep 25 21:38:41 BST 2026","passed","Fri Sep 25 21:38:41 BST 2026","","github.com/n-orlov/deck/internal/tui","github.com/n-orlov/deck/internal/tui",""
"","0","TestInteractiveEmptySidebarPressLeavesInteractiveModeLikeCtrlQ","","Fri Sep 25 21:38:41 BST 2026","passed","Fri Sep 25 21:38:41 BST 2026","","github.com/n-orlov/deck/internal/tui","github.com/n-orlov/deck/internal/tui",""
"","0","TestAcceptsOnlyDocumentedApprovalValues/rejects_always","","Fri Sep 25 21:36:33 BST 2026","passed","Fri Sep 25 21:36:33 BST 2026","","github.com/n-orlov/deck/cmd/fake-codex","github.com/n-orlov/deck/cmd/fake-codex",""
"","60","TestSupersededLaunchGenerationDropsTheWholeHookClass/Notification/row_carries_no_token,_hook_does","","Fri Sep 25 21:37:06 BST 2026","passed","Fri Sep 25 21:37:06 BST 2026","","github.com/n-orlov/deck/internal/hookrecv","github.com/n-orlov/deck/internal/hookrecv",""
"","0","TestSettingsCollapseTildeDisplaysPathUnderHome","","Fri Sep 25 21:38:41 BST 2026","passed","Fri Sep 25 21:38:41 BST 2026","","github.com/n-orlov/deck/internal/tui","github.com/n-orlov/deck/internal/tui",""
"","0","TestDriftEndingKeysBringSelectionBackIntoView/key=""A""","","Fri Sep 25 21:38:41 BST 2026","passed","Fri Sep 25 21:38:41 BST 2026","","github.com/n-orlov/deck/internal/tui","github.com/n-orlov/deck/internal/tui",""
"","880","TestCaptureTransportFirstTickDiscardsAnyHistoryTheEntrySeedPulled","","Fri Sep 25 21:37:23 BST 2026","passed","Fri Sep 25 21:37:23 BST 2026","","github.com/n-orlov/deck/internal/interactive","github.com/n-orlov/deck/internal/interactive",""
"","120","TestUpdateInteractiveLeavesTheScrollOffsetUntouchedForAKeyNeitherHelperForwards","","Fri Sep 25 21:38:41 BST 2026","passed","Fri Sep 25 21:38:41 BST 2026","","github.com/n-orlov/deck/internal/tui","github.com/n-orlov/deck/internal/tui",""
"","0","TestSGRMouseEncodesColumnsPastX10Ceiling/press_at_column_300","","Fri Sep 25 21:36:35 BST 2026","passed","Fri Sep 25 21:36:35 BST 2026","","github.com/n-orlov/deck/features","github.com/n-orlov/deck/features",""
"","0","TestBelowMinimumFrameStaysWithinBudget/120x24/none/none","","Fri Sep 25 21:38:41 BST 2026","passed","Fri Sep 25 21:38:41 BST 2026","","github.com/n-orlov/deck/internal/tui","github.com/n-orlov/deck/internal/tui",""
"","0","TestCreateViewStaysWithinFrameBudgetAt80x24","","Fri Sep 25 21:38:41 BST 2026","passed","Fri Sep 25 21:38:41 BST 2026","","github.com/n-orlov/deck/internal/tui","github.com/n-orlov/deck/internal/tui",""
"","0","TestFooterHandlerAgreementAcrossEveryRowClass/non-empty_mark_set:_selected_row_differs_from_the_marked_row/U","","Fri Sep 25 21:38:41 BST 2026","passed","Fri Sep 25 21:38:41 BST 2026","","github.com/n-orlov/deck/internal/tui","github.com/n-orlov/deck/internal/tui",""
"","60","TestReceiveHookAppliesOverAnyStaleSourceExceptStopped/UserPromptSubmit/from_idle/via_hook","","Fri Sep 25 21:37:06 BST 2026","passed","Fri Sep 25 21:37:06 BST 2026","","github.com/n-orlov/deck/internal/hookrecv","github.com/n-orlov/deck/internal/hookrecv",""
"","0","TestForeignBoundaryResetClosesRealTmuxCaptureUnderNoColor/stacked/color-control","","Fri Sep 25 21:38:41 BST 2026","passed","Fri Sep 25 21:38:41 BST 2026","","github.com/n-orlov/deck/internal/tui","github.com/n-orlov/deck/internal/tui",""
"","1423","bulk x on a marked set leaves both adversarially-seeded cwd fingerprints unchanged","","","passed","","","Undo toast after x, and the dd delete/tombstone chord","",""
"","810","TestFeatures/help_dialog_--_esc_changes_nothing_(it_has_no_fields_to_alter)","","Fri Sep 25 21:39:00 BST 2026","passed","Fri Sep 25 21:39:00 BST 2026","","github.com/n-orlov/deck/features","github.com/n-orlov/deck/features",""
"","90","TestKillStopsSessionPreservesCWDAndRecordsTransition","","Fri Sep 25 21:37:44 BST 2026","passed","Fri Sep 25 21:37:44 BST 2026","","github.com/n-orlov/deck/internal/service","github.com/n-orlov/deck/internal/service",""
"","1583","rename dialog -- reachable only from inside detail, esc after altering it leaves the persisted name and tmux session untouched","","","passed","","","The §11.4 dialog contract, asserted per dialog (requirements 7, 8, 9, 10, 11, 50)","",""
"","1160","TestOnlyComposedCellsReachTheOuterTerminal","","Fri Sep 25 21:37:23 BST 2026","passed","Fri Sep 25 21:37:24 BST 2026","","github.com/n-orlov/deck/internal/interactive","github.com/n-orlov/deck/internal/interactive",""
"","60","TestSupersededSessionStartDoesNotMoveTheConversationID","","Fri Sep 25 21:37:06 BST 2026","passed","Fri Sep 25 21:37:06 BST 2026","","github.com/n-orlov/deck/internal/hookrecv","github.com/n-orlov/deck/internal/hookrecv",""
"","0","TestDeckOwnedCellsCarryExplicitForegroundOnEveryBuiltin/empire/main_side-by-side,_placeholder_preview","","Fri Sep 25 21:38:41 BST 2026","passed","Fri Sep 25 21:38:41 BST 2026","","github.com/n-orlov/deck/internal/tui","github.com/n-orlov/deck/internal/tui",""
"","0","TestDiscoverUserThemesMissingDirIsNotAnError","","Fri Sep 25 21:38:10 BST 2026","passed","Fri Sep 25 21:38:10 BST 2026","","github.com/n-orlov/deck/internal/theme","github.com/n-orlov/deck/internal/theme",""
"","0","TestEventLogViewWithNoStoreStatesUnavailableRatherThanPanicking","","Fri Sep 25 21:38:41 BST 2026","passed","Fri Sep 25 21:38:41 BST 2026","","github.com/n-orlov/deck/internal/tui","github.com/n-orlov/deck/internal/tui",""
"","0","TestReclaimLeakedInteractivePipesRemovesADirWithNoUsableMetadata","","Fri Sep 25 21:38:11 BST 2026","passed","Fri Sep 25 21:38:11 BST 2026","","github.com/n-orlov/deck/internal/tmux","github.com/n-orlov/deck/internal/tmux",""
"","0","TestInteractivePressOnAlreadyTargetRowIsANoOp","","Fri Sep 25 21:38:41 BST 2026","passed","Fri Sep 25 21:38:41 BST 2026","","github.com/n-orlov/deck/internal/tui","github.com/n-orlov/deck/internal/tui",""
"","1170","TestFeatures/a_live_client_reconciles_an_externally_killed_private_server","","Fri Sep 25 21:39:00 BST 2026","passed","Fri Sep 25 21:39:01 BST 2026","","github.com/n-orlov/deck/features","github.com/n-orlov/deck/features",""
"","1968","a full attach after a settled passive fit fills the terminal, and the preview re-fits on the way back","","","passed","","","`a`'s full attach is never cropped by deck's own preview fit","",""
"","80","TestEnterInteractiveDrawsBannerForRealContentionHolders","","Fri Sep 25 21:38:41 BST 2026","passed","Fri Sep 25 21:38:41 BST 2026","","github.com/n-orlov/deck/internal/tui","github.com/n-orlov/deck/internal/tui",""
"","100","TestReceiveHookAppliesOverAnyStaleSourceExceptStopped/Stop/from_idle/via_probe","","Fri Sep 25 21:37:06 BST 2026","passed","Fri Sep 25 21:37:06 BST 2026","","github.com/n-orlov/deck/internal/hookrecv","github.com/n-orlov/deck/internal/hookrecv",""
"","60","TestRestoreSessionAfterReuseReapReportsHonestly","","Fri Sep 25 21:38:00 BST 2026","passed","Fri Sep 25 21:38:00 BST 2026","","github.com/n-orlov/deck/internal/store","github.com/n-orlov/deck/internal/store",""
"","450","TestKillReapSweepAndNameReuseReapNeverRunPostDestroy","","Fri Sep 25 21:37:44 BST 2026","passed","Fri Sep 25 21:37:44 BST 2026","","github.com/n-orlov/deck/internal/service","github.com/n-orlov/deck/internal/service",""
"","40","TestNameDispatchedPayloadLandsInTheImpostorPane","","Fri Sep 25 21:38:11 BST 2026","passed","Fri Sep 25 21:38:11 BST 2026","","github.com/n-orlov/deck/internal/tmux","github.com/n-orlov/deck/internal/tmux",""
"","60","TestEventLogViewMasksSecretShapedPayloadValueButNotOrdinaryOnes","","Fri Sep 25 21:38:41 BST 2026","passed","Fri Sep 25 21:38:41 BST 2026","","github.com/n-orlov/deck/internal/tui","github.com/n-orlov/deck/internal/tui",""
"","0","TestSettingsSelectionCueUsesSelectionWhenFocusedAndIdleOtherwise","","Fri Sep 25 21:38:41 BST 2026","passed","Fri Sep 25 21:38:41 BST 2026","","github.com/n-orlov/deck/internal/tui","github.com/n-orlov/deck/internal/tui",""
"","10","TestHelpKeysEntryContinuationRendersInDimmedToken","","Fri Sep 25 21:38:41 BST 2026","passed","Fri Sep 25 21:38:41 BST 2026","","github.com/n-orlov/deck/internal/tui","github.com/n-orlov/deck/internal/tui",""
"","0","TestSessionScopedKeysAreInertOnAHeader/A","","Fri Sep 25 21:38:41 BST 2026","passed","Fri Sep 25 21:38:41 BST 2026","","github.com/n-orlov/deck/internal/tui","github.com/n-orlov/deck/internal/tui",""
"","100","TestReceiveHookAppliesOverAnyStaleSourceExceptStopped/SessionStart/from_waiting/via_user","","Fri Sep 25 21:37:06 BST 2026","passed","Fri Sep 25 21:37:06 BST 2026","","github.com/n-orlov/deck/internal/hookrecv","github.com/n-orlov/deck/internal/hookrecv",""
"","0","TestMarkTogglesBySessionIDAndSurvivesReorderAndRegroup","","Fri Sep 25 21:38:41 BST 2026","passed","Fri Sep 25 21:38:41 BST 2026","","github.com/n-orlov/deck/internal/tui","github.com/n-orlov/deck/internal/tui",""
"","0","TestClaude_LaunchAndResumeArgv/safe/resume","","Fri Sep 25 21:37:05 BST 2026","passed","Fri Sep 25 21:37:05 BST 2026","","github.com/n-orlov/deck/internal/agent","github.com/n-orlov/deck/internal/agent",""
"","130","TestReconcileStillCollectsRetainedCorpseUnderTerminalRow","","Fri Sep 25 21:37:44 BST 2026","passed","Fri Sep 25 21:37:44 BST 2026","","github.com/n-orlov/deck/internal/service","github.com/n-orlov/deck/internal/service",""
"","110","TestLastCreateGroupAbsentRowDegradesToDefault","","Fri Sep 25 21:38:00 BST 2026","passed","Fri Sep 25 21:38:00 BST 2026","","github.com/n-orlov/deck/internal/store","github.com/n-orlov/deck/internal/store",""
"","10","TestSettingsSaveResortsLivePreservingSelectionByID","","Fri Sep 25 21:38:41 BST 2026","passed","Fri Sep 25 21:38:41 BST 2026","","github.com/n-orlov/deck/internal/tui","github.com/n-orlov/deck/internal/tui",""
"","750","TestFeatures/saving_with_ctrl+s_and_no_edit_leaves_an_environment-overridden_flat_key's_own_file_value_untouched_(requirement_21)","","Fri Sep 25 21:39:00 BST 2026","passed","Fri Sep 25 21:39:00 BST 2026","","github.com/n-orlov/deck/features","github.com/n-orlov/deck/features",""
"","2791","scrolling an attached pane never flips its badge, and a stale probe reads the pane's live bottom, not the scrolled-back view","","","passed","","","§3.2/§11.8 a wheel notch in an attached session scrolls the pane, not the shell (requirement 48)","",""
"","40","TestCaptureIdentityReadsAllFiveFieldsFromARealPane","","Fri Sep 25 21:38:11 BST 2026","passed","Fri Sep 25 21:38:11 BST 2026","","github.com/n-orlov/deck/internal/tmux","github.com/n-orlov/deck/internal/tmux",""
"","120","TestFreshOnceStartsFreshConversationThenRevertsToAuto","","Fri Sep 25 21:37:44 BST 2026","passed","Fri Sep 25 21:37:44 BST 2026","","github.com/n-orlov/deck/internal/service","github.com/n-orlov/deck/internal/service",""
"","685","auto selects side-by-side at and above 80 columns, stacked below it #3","","","passed","","","§11.2 layout modes, their keys, and their persistence","",""
"","1780","TestFeatures/entering_interactive_mode_swaps_the_two_panels'_border_tokens_and_the_sidebar's_selected_row_to_selection_idle","","Fri Sep 25 21:39:00 BST 2026","passed","Fri Sep 25 21:39:01 BST 2026","","github.com/n-orlov/deck/features","github.com/n-orlov/deck/features",""
"","980","TestFeatures/create_dialog_--_↑/↓_move_focus_between_fields,_and_tab_does_not","","Fri Sep 25 21:39:00 BST 2026","passed","Fri Sep 25 21:39:00 BST 2026","","github.com/n-orlov/deck/features","github.com/n-orlov/deck/features",""
"","0","TestResumeNonLeasableRendersActualStatusAndReason","","Fri Sep 25 21:38:41 BST 2026","passed","Fri Sep 25 21:38:41 BST 2026","","github.com/n-orlov/deck/internal/tui","github.com/n-orlov/deck/internal/tui",""
"","0","TestFooterKeyLegendNamesOnlyBoundKeys","","Fri Sep 25 21:38:41 BST 2026","passed","Fri Sep 25 21:38:41 BST 2026","","github.com/n-orlov/deck/internal/tui","github.com/n-orlov/deck/internal/tui",""
"","10","TestPaneCommandsFireEveryInjectedHookWithControllablePayload","","Fri Sep 25 21:36:32 BST 2026","passed","Fri Sep 25 21:36:32 BST 2026","","github.com/n-orlov/deck/cmd/fake-claude","github.com/n-orlov/deck/cmd/fake-claude",""
"","0","TestEmulatorInputPipeIsAPipeWriter","","Fri Sep 25 21:37:23 BST 2026","passed","Fri Sep 25 21:37:23 BST 2026","","github.com/n-orlov/deck/internal/interactive","github.com/n-orlov/deck/internal/interactive",""
"","0","TestSettingsFooterCarriesDeckBackground/matrix/env-edit","","Fri Sep 25 21:38:41 BST 2026","passed","Fri Sep 25 21:38:41 BST 2026","","github.com/n-orlov/deck/internal/tui","github.com/n-orlov/deck/internal/tui",""
"","0","TestFoldUnfoldHeaderWithZeroTotalSessions/named/left-then-right","","Fri Sep 25 21:38:41 BST 2026","passed","Fri Sep 25 21:38:41 BST 2026","","github.com/n-orlov/deck/internal/tui","github.com/n-orlov/deck/internal/tui",""
"","0","TestMintsADistinctUUIDPerInvocation","","Fri Sep 25 21:36:33 BST 2026","passed","Fri Sep 25 21:36:33 BST 2026","","github.com/n-orlov/deck/cmd/fake-codex","github.com/n-orlov/deck/cmd/fake-codex",""
"","100","TestReceiveHookAppliesOverAnyStaleSourceExceptStopped/SessionStart/from_running/via_probe","","Fri Sep 25 21:37:06 BST 2026","passed","Fri Sep 25 21:37:06 BST 2026","","github.com/n-orlov/deck/internal/hookrecv","github.com/n-orlov/deck/internal/hookrecv",""
"","0","TestFooterKeyAndHintTokens","","Fri Sep 25 21:38:41 BST 2026","passed","Fri Sep 25 21:38:41 BST 2026","","github.com/n-orlov/deck/internal/tui","github.com/n-orlov/deck/internal/tui",""
"","80","TestCreateAgentPreLaunchExportReachesOnlyThePaneProcessEnvironment","","Fri Sep 25 21:37:44 BST 2026","passed","Fri Sep 25 21:37:44 BST 2026","","github.com/n-orlov/deck/internal/service","github.com/n-orlov/deck/internal/service",""
"","0","TestThemedDialogsDegradeCleanlyUnderNoColorAndASCII/bulk_delete_confirm/initial_state","","Fri Sep 25 21:38:41 BST 2026","passed","Fri Sep 25 21:38:41 BST 2026","","github.com/n-orlov/deck/internal/tui","github.com/n-orlov/deck/internal/tui",""
"","0","TestAttachHelper","","Fri Sep 25 21:38:11 BST 2026","passed","Fri Sep 25 21:38:11 BST 2026","","github.com/n-orlov/deck/internal/tmux","github.com/n-orlov/deck/internal/tmux",""
"","0","TestColorTokenUsesQuantizedPaletteAtDepth16","","Fri Sep 25 21:38:41 BST 2026","passed","Fri Sep 25 21:38:41 BST 2026","","github.com/n-orlov/deck/internal/tui","github.com/n-orlov/deck/internal/tui",""
"","0","TestViewportFollowsFilterQueryEdit","","Fri Sep 25 21:38:41 BST 2026","passed","Fri Sep 25 21:38:41 BST 2026","","github.com/n-orlov/deck/internal/tui","github.com/n-orlov/deck/internal/tui",""
"","0","TestThemedDialogsDegradeCleanlyUnderNoColorAndASCII/env_editor/with_a_failure_note","","Fri Sep 25 21:38:41 BST 2026","passed","Fri Sep 25 21:38:41 BST 2026","","github.com/n-orlov/deck/internal/tui","github.com/n-orlov/deck/internal/tui",""
"","0","TestInteractiveFooterScrollKeyWordingAgreesWithHelpAndMouseTables","","Fri Sep 25 21:38:41 BST 2026","passed","Fri Sep 25 21:38:41 BST 2026","","github.com/n-orlov/deck/internal/tui","github.com/n-orlov/deck/internal/tui",""
"","1580","TestFeatures/rename_dialog_--_reachable_only_from_inside_detail,_esc_after_altering_it_leaves_the_persisted_name_and_tmux_session_untouched","","Fri Sep 25 21:39:00 BST 2026","passed","Fri Sep 25 21:39:01 BST 2026","","github.com/n-orlov/deck/features","github.com/n-orlov/deck/features",""
"","0","TestSuccessfulArchiveStartsAnUndoWindowSayingWhatHappened/live-row-was-killed","","Fri Sep 25 21:38:41 BST 2026","passed","Fri Sep 25 21:38:41 BST 2026","","github.com/n-orlov/deck/internal/tui","github.com/n-orlov/deck/internal/tui",""
"","730","TestFeatures/a_directory's_fingerprint_is_byte-for-byte_and_stat-for-stat_identical_to_itself","","Fri Sep 25 21:39:00 BST 2026","passed","Fri Sep 25 21:39:00 BST 2026","","github.com/n-orlov/deck/features","github.com/n-orlov/deck/features",""
"","70","TestAAtomicallyClearsSelectedWaitingEpisodeBeforeAttach","","Fri Sep 25 21:38:41 BST 2026","passed","Fri Sep 25 21:38:41 BST 2026","","github.com/n-orlov/deck/internal/tui","github.com/n-orlov/deck/internal/tui",""
"","0","TestSessionScopedKeysAreInertOnAHeader/i","","Fri Sep 25 21:38:41 BST 2026","passed","Fri Sep 25 21:38:41 BST 2026","","github.com/n-orlov/deck/internal/tui","github.com/n-orlov/deck/internal/tui",""
"","983","create dialog -- esc after altering every field creates no session and touches no config","","","passed","","","The §11.4 dialog contract, asserted per dialog (requirements 7, 8, 9, 10, 11, 50)","",""
"","10","TestUpdateStatementsNeverMutateAgentCwdSlugCapturedPath","","Fri Sep 25 21:38:00 BST 2026","passed","Fri Sep 25 21:38:00 BST 2026","","github.com/n-orlov/deck/internal/store","github.com/n-orlov/deck/internal/store",""
"","0","TestDeleteConfirmTokensMatchSpec","","Fri Sep 25 21:38:41 BST 2026","passed","Fri Sep 25 21:38:41 BST 2026","","github.com/n-orlov/deck/internal/tui","github.com/n-orlov/deck/internal/tui",""
"","814","entering touches only window-size, only in the window scope, and exiting restores every table exactly","","","passed","","","Interactive mode's restore is byte-exact across every tmux option table (Part II, requirement 12)","",""
"","60","TestReceiveHookAppliesOverAnyStaleSourceExceptStopped/UserPromptSubmit/from_running/via_probe","","Fri Sep 25 21:37:06 BST 2026","passed","Fri Sep 25 21:37:06 BST 2026","","github.com/n-orlov/deck/internal/hookrecv","github.com/n-orlov/deck/internal/hookrecv",""
"","0","TestDiscoverUserThemesReportsUnparseableFileNamingIt","","Fri Sep 25 21:38:10 BST 2026","passed","Fri Sep 25 21:38:10 BST 2026","","github.com/n-orlov/deck/internal/theme","github.com/n-orlov/deck/internal/theme",""
"","90","TestSetSessionEnvPersistsMarksDirtyAndMirrorsToTmux","","Fri Sep 25 21:37:44 BST 2026","passed","Fri Sep 25 21:37:44 BST 2026","","github.com/n-orlov/deck/internal/service","github.com/n-orlov/deck/internal/service",""
"","0","TestUndoToastStaysWithinFrameBudgetAtEveryLayoutMode","","Fri Sep 25 21:38:41 BST 2026","passed","Fri Sep 25 21:38:41 BST 2026","","github.com/n-orlov/deck/internal/tui","github.com/n-orlov/deck/internal/tui",""
"","170","TestFirstEntryWritesIsizeGeometryThenStealAdoptsWithoutRewrite","","Fri Sep 25 21:38:41 BST 2026","passed","Fri Sep 25 21:38:41 BST 2026","","github.com/n-orlov/deck/internal/tui","github.com/n-orlov/deck/internal/tui",""
"","0","TestBelowMinimumFrameStaysWithinBudget/60x12/resumeNote/short","","Fri Sep 25 21:38:41 BST 2026","passed","Fri Sep 25 21:38:41 BST 2026","","github.com/n-orlov/deck/internal/tui","github.com/n-orlov/deck/internal/tui",""
"","0","TestSeamIsPlainBorderWhenNeitherPanelFocused/filter_input_focused","","Fri Sep 25 21:38:41 BST 2026","passed","Fri Sep 25 21:38:41 BST 2026","","github.com/n-orlov/deck/internal/tui","github.com/n-orlov/deck/internal/tui",""
"","430","TestSigwinchCountDistinguishesTwoFromThree","","Fri Sep 25 21:36:35 BST 2026","passed","Fri Sep 25 21:36:35 BST 2026","","github.com/n-orlov/deck/features","github.com/n-orlov/deck/features",""
"","1593","the create modal converges on the shell agent even after a non-shell session was created earlier","","","passed","","","The create modal's §11.7 cwd prefill (requirement 12)","",""
"","60","TestCycledThenAbandonedCreateModalDoesNotPersistLastCreateAgent","","Fri Sep 25 21:38:41 BST 2026","passed","Fri Sep 25 21:38:41 BST 2026","","github.com/n-orlov/deck/internal/tui","github.com/n-orlov/deck/internal/tui",""
"","0","TestBelowMinimumFrameStaysWithinBudget/70x20/resumeNote/wraps-at-w","","Fri Sep 25 21:38:41 BST 2026","passed","Fri Sep 25 21:38:41 BST 2026","","github.com/n-orlov/deck/internal/tui","github.com/n-orlov/deck/internal/tui",""
"","1560","TestFeatures/a_single_click_on_a_sidebar_row_selects_it_and_enters_interactive_mode_on_the_same_press,_and_Ctrl+Q_returns_to_the_list","","Fri Sep 25 21:39:00 BST 2026","passed","Fri Sep 25 21:39:01 BST 2026","","github.com/n-orlov/deck/features","github.com/n-orlov/deck/features",""
"","0","TestPageSelectionFollowsVisualOrder","","Fri Sep 25 21:38:41 BST 2026","passed","Fri Sep 25 21:38:41 BST 2026","","github.com/n-orlov/deck/internal/tui","github.com/n-orlov/deck/internal/tui",""
"","0","TestCreateModalTabOnPathFieldWithNoMatchDoesNotMoveFocus","","Fri Sep 25 21:38:41 BST 2026","passed","Fri Sep 25 21:38:41 BST 2026","","github.com/n-orlov/deck/internal/tui","github.com/n-orlov/deck/internal/tui",""
"","0","TestClaude_LaunchRequiresConversationID","","Fri Sep 25 21:37:05 BST 2026","passed","Fri Sep 25 21:37:05 BST 2026","","github.com/n-orlov/deck/internal/agent","github.com/n-orlov/deck/internal/agent",""
"","0","TestClaude_LaunchAndResumeArgv/yolo/launch","","Fri Sep 25 21:37:05 BST 2026","passed","Fri Sep 25 21:37:05 BST 2026","","github.com/n-orlov/deck/internal/agent","github.com/n-orlov/deck/internal/agent",""
"","1050","TestSeedCaptureOptionsWithHistoryClampsToAvailableHistory","","Fri Sep 25 21:38:11 BST 2026","passed","Fri Sep 25 21:38:12 BST 2026","","github.com/n-orlov/deck/internal/tmux","github.com/n-orlov/deck/internal/tmux",""
"","0","TestRenameDialogRejectionRetainsCandidateForCorrection","","Fri Sep 25 21:38:41 BST 2026","passed","Fri Sep 25 21:38:41 BST 2026","","github.com/n-orlov/deck/internal/tui","github.com/n-orlov/deck/internal/tui",""
"","60","TestReceiveHookAppliesOverAnyStaleSourceExceptStopped/StopFailure/from_idle/via_hook","","Fri Sep 25 21:37:06 BST 2026","passed","Fri Sep 25 21:37:06 BST 2026","","github.com/n-orlov/deck/internal/hookrecv","github.com/n-orlov/deck/internal/hookrecv",""
"","1775","a real client's full attach displaces the interactive holder and the window is restored","","","passed","","","Forced entry into interactive mode answers a waiting row","",""
"","150","TestRestartKillsRelaunchesWithResumeArgvSameConversationIDAndClearsEnvDirty","","Fri Sep 25 21:37:44 BST 2026","passed","Fri Sep 25 21:37:44 BST 2026","","github.com/n-orlov/deck/internal/service","github.com/n-orlov/deck/internal/service",""
"","1672","collapsing and expanding the sidebar's only workspace group round-trips via two `c` presses","","","passed","","","The attention sort, workspace grouping/collapse, and `space` (requirement 40)","",""
"","0","TestRejectsInvalidUUIDsUnknownFlagsAndModes/unknown_flag","","Fri Sep 25 21:36:32 BST 2026","passed","Fri Sep 25 21:36:32 BST 2026","","github.com/n-orlov/deck/cmd/fake-claude","github.com/n-orlov/deck/cmd/fake-claude",""
"","0","TestDeckOwnedCellsCarryExplicitForegroundOnEveryBuiltin/parchment/detail_dialog","","Fri Sep 25 21:38:41 BST 2026","passed","Fri Sep 25 21:38:41 BST 2026","","github.com/n-orlov/deck/internal/tui","github.com/n-orlov/deck/internal/tui",""
"","80","TestReceiveHookOverridesStaleTmuxLaunchFailure/error_to_idle_via_Stop","","Fri Sep 25 21:37:06 BST 2026","passed","Fri Sep 25 21:37:06 BST 2026","","github.com/n-orlov/deck/internal/hookrecv","github.com/n-orlov/deck/internal/hookrecv",""
"","0","TestResolveUserThemeShadowsBuiltinOfSameName","","Fri Sep 25 21:38:10 BST 2026","passed","Fri Sep 25 21:38:10 BST 2026","","github.com/n-orlov/deck/internal/theme","github.com/n-orlov/deck/internal/theme",""
"","120","TestKillReapSweepAndNameReuseReapNeverRunPostDestroy/StoreOpenTombstoneSweep","","Fri Sep 25 21:37:44 BST 2026","passed","Fri Sep 25 21:37:44 BST 2026","","github.com/n-orlov/deck/internal/service","github.com/n-orlov/deck/internal/service",""
"","340","TestSessionReportsDisabledAndNeverStartsAFallbackWhenPipeIsDisabled","","Fri Sep 25 21:37:23 BST 2026","passed","Fri Sep 25 21:37:23 BST 2026","","github.com/n-orlov/deck/internal/interactive","github.com/n-orlov/deck/internal/interactive",""
"","1042","clicking a group header in list mode collapses only that group, and clicking it again reopens it","","","passed","","","SPEC §11's group navigation and order (Phase 4c Tier 1+2 -- GH #31, #32, #33, #34)","",""
"","0","TestHelpNamesThePreviewClickAndEmptySidebarClickGestures","","Fri Sep 25 21:38:41 BST 2026","passed","Fri Sep 25 21:38:41 BST 2026","","github.com/n-orlov/deck/internal/tui","github.com/n-orlov/deck/internal/tui",""
"","0","TestBulkDeleteConfirmBodyMeasurementsCarryNoSGRBytes","","Fri Sep 25 21:38:41 BST 2026","passed","Fri Sep 25 21:38:41 BST 2026","","github.com/n-orlov/deck/internal/tui","github.com/n-orlov/deck/internal/tui",""
"","160","TestReceiveHookAppliesOverAnyStaleSourceExceptStopped/SessionEnd/from_error/via_tmux","","Fri Sep 25 21:37:06 BST 2026","passed","Fri Sep 25 21:37:06 BST 2026","","github.com/n-orlov/deck/internal/hookrecv","github.com/n-orlov/deck/internal/hookrecv",""
"","1549","a lease from a dead process is breakable and the row stays usable","","","passed","","","Launch-lease stale/live breaking","",""
"","40","TestSendNamedKeyDeliversAltModifiedNavigationKeysByTmuxsOwnTranslation/M-Left","","Fri Sep 25 21:38:11 BST 2026","passed","Fri Sep 25 21:38:11 BST 2026","","github.com/n-orlov/deck/internal/tmux","github.com/n-orlov/deck/internal/tmux",""
"","0","TestParseHookOverrideRoundTripsAgainstTheRealEncoder","","Fri Sep 25 21:36:33 BST 2026","passed","Fri Sep 25 21:36:33 BST 2026","","github.com/n-orlov/deck/cmd/fake-codex","github.com/n-orlov/deck/cmd/fake-codex",""
"","1590","TestFeatures/R_kills_and_relaunches_the_pane_with_the_resume_argv,_applying_a_pending_env_edit_and_clearing_env_dirty","","Fri Sep 25 21:48:15 BST 2026","passed","Fri Sep 25 21:48:16 BST 2026","","github.com/n-orlov/deck/features","github.com/n-orlov/deck/features",""
"","0","TestDeckOwnedCellsCarryExplicitForegroundOnEveryBuiltin/cobalt/collapsed_sidebar_strip","","Fri Sep 25 21:38:41 BST 2026","passed","Fri Sep 25 21:38:41 BST 2026","","github.com/n-orlov/deck/internal/tui","github.com/n-orlov/deck/internal/tui",""
"","0","TestCanvasDefaultForegroundClearsFloor/parchment","","Fri Sep 25 21:38:10 BST 2026","passed","Fri Sep 25 21:38:10 BST 2026","","github.com/n-orlov/deck/internal/theme","github.com/n-orlov/deck/internal/theme",""
"","850","TestFeatures/DECK_MOUSE_overrides_the_default_mouse-reporting_setting","","Fri Sep 25 21:39:00 BST 2026","passed","Fri Sep 25 21:39:00 BST 2026","","github.com/n-orlov/deck/features","github.com/n-orlov/deck/features",""
"","60","TestSettingsGroupsCreateShowsValidateGroupNameErrorInline","","Fri Sep 25 21:38:41 BST 2026","passed","Fri Sep 25 21:38:41 BST 2026","","github.com/n-orlov/deck/internal/tui","github.com/n-orlov/deck/internal/tui",""
"","0","TestLiveErrorRowFooterAndHandlersAgree/i","","Fri Sep 25 21:38:41 BST 2026","passed","Fri Sep 25 21:38:41 BST 2026","","github.com/n-orlov/deck/internal/tui","github.com/n-orlov/deck/internal/tui",""
"","60","TestRecordOrphanEventUsesNullSessionAndRequiresTimestamp","","Fri Sep 25 21:38:00 BST 2026","passed","Fri Sep 25 21:38:00 BST 2026","","github.com/n-orlov/deck/internal/store","github.com/n-orlov/deck/internal/store",""
"","100","TestCreateAgentDegradesUnsupportedProfileForPi","","Fri Sep 25 21:37:44 BST 2026","passed","Fri Sep 25 21:37:44 BST 2026","","github.com/n-orlov/deck/internal/service","github.com/n-orlov/deck/internal/service",""
"","3208","three clients racing resume on one row produce exactly one launch","","","passed","","","Launch-lease race","",""
"","0","TestProbeGoldenPaneCorpus/codex/waiting.txt","","Fri Sep 25 21:37:05 BST 2026","passed","Fri Sep 25 21:37:05 BST 2026","","github.com/n-orlov/deck/internal/agent","github.com/n-orlov/deck/internal/agent",""
"","850","DECK_MOUSE overrides the default mouse-reporting setting","","","passed","","","Godog harness wiring","",""
"","1600","TestFeatures/rename_dialog_--_the_mouse_can_neither_cancel_nor_confirm_it,_at_its_border,_its_body_or_outside_it","","Fri Sep 25 21:39:00 BST 2026","passed","Fri Sep 25 21:39:01 BST 2026","","github.com/n-orlov/deck/features","github.com/n-orlov/deck/features",""
"","0","TestBelowMinimumFrameStaysWithinBudget/100x30/resumeNote/wraps-at-w","","Fri Sep 25 21:38:41 BST 2026","passed","Fri Sep 25 21:38:41 BST 2026","","github.com/n-orlov/deck/internal/tui","github.com/n-orlov/deck/internal/tui",""
"","10","TestSettingsStringPostDestroyRoundTripsThroughCtrlS","","Fri Sep 25 21:38:41 BST 2026","passed","Fri Sep 25 21:38:41 BST 2026","","github.com/n-orlov/deck/internal/tui","github.com/n-orlov/deck/internal/tui",""
"","190","TestDeckOwnedCellContrastTable","","Fri Sep 25 21:38:41 BST 2026","passed","Fri Sep 25 21:38:41 BST 2026","","github.com/n-orlov/deck/internal/tui","github.com/n-orlov/deck/internal/tui",""
"","330","TestPaneSeedStateReadsEachNonDefaultFieldFromARealPane/wrap_flag","","Fri Sep 25 21:38:11 BST 2026","passed","Fri Sep 25 21:38:11 BST 2026","","github.com/n-orlov/deck/internal/tmux","github.com/n-orlov/deck/internal/tmux",""
"","60","TestSetSessionEnvValueRejectsMissingSessionOrKey","","Fri Sep 25 21:38:00 BST 2026","passed","Fri Sep 25 21:38:00 BST 2026","","github.com/n-orlov/deck/internal/store","github.com/n-orlov/deck/internal/store",""
"","1550","TestFeatures/a_lease_from_a_dead_process_is_breakable_and_the_row_stays_usable","","Fri Sep 25 21:39:00 BST 2026","passed","Fri Sep 25 21:39:01 BST 2026","","github.com/n-orlov/deck/features","github.com/n-orlov/deck/features",""
"","0","TestNoSendPathBypassesTheDispatcherVerify","","Fri Sep 25 21:38:11 BST 2026","passed","Fri Sep 25 21:38:11 BST 2026","","github.com/n-orlov/deck/internal/tmux","github.com/n-orlov/deck/internal/tmux",""
"","110","TestInjectEnvClearsEnvDirtyOnlyAndLeavesLaunchDirtySet","","Fri Sep 25 21:37:44 BST 2026","passed","Fri Sep 25 21:37:44 BST 2026","","github.com/n-orlov/deck/internal/service","github.com/n-orlov/deck/internal/service",""
"","0","TestEnterInteractiveRefusesBelowTheSevenRowFloorWithoutAnyTmuxCall","","Fri Sep 25 21:38:41 BST 2026","passed","Fri Sep 25 21:38:41 BST 2026","","github.com/n-orlov/deck/internal/tui","github.com/n-orlov/deck/internal/tui",""
"","840","TestFeatures/DECK_MOUSE=0_disables_mouse_reporting","","Fri Sep 25 21:39:00 BST 2026","passed","Fri Sep 25 21:39:00 BST 2026","","github.com/n-orlov/deck/features","github.com/n-orlov/deck/features",""
"","1190","TestDeckBinaryShellCreateAndSlugCollisionThroughPTY","","Fri Sep 25 21:36:22 BST 2026","passed","Fri Sep 25 21:36:23 BST 2026","","github.com/n-orlov/deck/cmd/deck","github.com/n-orlov/deck/cmd/deck",""
"","0","TestPaneFixtureCommandNeedsConfiguredCorpus","","Fri Sep 25 21:36:33 BST 2026","passed","Fri Sep 25 21:36:33 BST 2026","","github.com/n-orlov/deck/cmd/fake-pi","github.com/n-orlov/deck/cmd/fake-pi",""
"","180","TestInteractiveNotRepaintedNoticeCarriesDeckBackground/SideBySide/parchment","","Fri Sep 25 21:38:41 BST 2026","passed","Fri Sep 25 21:38:41 BST 2026","","github.com/n-orlov/deck/internal/tui","github.com/n-orlov/deck/internal/tui",""
"","771","an environment-overridden field is labelled honestly and a save never pretends the running value moved","","","passed","","","The `,` settings takeover (requirement 48)","",""
"","0","TestCrashTailPreviewLinesEmptyTail","","Fri Sep 25 21:38:41 BST 2026","passed","Fri Sep 25 21:38:41 BST 2026","","github.com/n-orlov/deck/internal/tui","github.com/n-orlov/deck/internal/tui",""
"","710","TestFeatures/default_feature_suite_is_wired","","Fri Sep 25 21:39:00 BST 2026","passed","Fri Sep 25 21:39:00 BST 2026","","github.com/n-orlov/deck/features","github.com/n-orlov/deck/features",""
"","1080","TestFeatures/yolo_is_unavailable_without_allow_yolo_enabled","","Fri Sep 25 21:39:00 BST 2026","passed","Fri Sep 25 21:39:01 BST 2026","","github.com/n-orlov/deck/features","github.com/n-orlov/deck/features",""
"","0","TestDeckHomeClocksShareOnDemandAdvance","","Fri Sep 25 21:37:05 BST 2026","passed","Fri Sep 25 21:37:05 BST 2026","","github.com/n-orlov/deck/internal/config","github.com/n-orlov/deck/internal/config",""
"","10","TestSettingsScopeParityMatchesSaveBehaviour/ui.mouse","","Fri Sep 25 21:38:41 BST 2026","passed","Fri Sep 25 21:38:41 BST 2026","","github.com/n-orlov/deck/internal/tui","github.com/n-orlov/deck/internal/tui",""
"","0","TestSettingsFieldValueDisplayPerKind/bounded_integer","","Fri Sep 25 21:38:41 BST 2026","passed","Fri Sep 25 21:38:41 BST 2026","","github.com/n-orlov/deck/internal/tui","github.com/n-orlov/deck/internal/tui",""
"","0","TestDeckOwnedCellsCarryExplicitForegroundOnEveryBuiltin/matrix/startup_banner","","Fri Sep 25 21:38:41 BST 2026","passed","Fri Sep 25 21:38:41 BST 2026","","github.com/n-orlov/deck/internal/tui","github.com/n-orlov/deck/internal/tui",""
"","0","TestCodex_LaunchSucceedsWithEmptyConversationID","","Fri Sep 25 21:37:05 BST 2026","passed","Fri Sep 25 21:37:05 BST 2026","","github.com/n-orlov/deck/internal/agent","github.com/n-orlov/deck/internal/agent",""
"","70","TestArchiveSessionLeavesStoppedStatusUnchanged","","Fri Sep 25 21:38:00 BST 2026","passed","Fri Sep 25 21:38:00 BST 2026","","github.com/n-orlov/deck/internal/store","github.com/n-orlov/deck/internal/store",""
"","0","TestRenameFieldRowTruncationReemitsItsOwnReset","","Fri Sep 25 21:38:41 BST 2026","passed","Fri Sep 25 21:38:41 BST 2026","","github.com/n-orlov/deck/internal/tui","github.com/n-orlov/deck/internal/tui",""
"","100","TestReceiveHookAppliesOverAnyStaleSourceExceptStopped/StopFailure/from_waiting/via_hook","","Fri Sep 25 21:37:06 BST 2026","passed","Fri Sep 25 21:37:06 BST 2026","","github.com/n-orlov/deck/internal/hookrecv","github.com/n-orlov/deck/internal/hookrecv",""
"","640","TestFeatures/migrate_an_older_supported_database","","Fri Sep 25 21:39:00 BST 2026","passed","Fri Sep 25 21:39:00 BST 2026","","github.com/n-orlov/deck/features","github.com/n-orlov/deck/features",""
"","1083","yolo is unavailable without allow_yolo enabled","","","passed","","","Permission profile mapping, degradation and the yolo gate","",""
"","140","TestInteractiveFooterCueReportsTheClampedScrolledBackPosition","","Fri Sep 25 21:38:41 BST 2026","passed","Fri Sep 25 21:38:41 BST 2026","","github.com/n-orlov/deck/internal/tui","github.com/n-orlov/deck/internal/tui",""
"","1857","a failing global pre_launch leaves the row in error with the agent never started and the hook's own output in the retained pane","","","passed","","","Every pane carries its own session's DECK_SESSION_* context (R104, SPEC §6.1)","",""
"","0","TestSortSessionsByAttentionWaitingOldestFirst","","Fri Sep 25 21:38:41 BST 2026","passed","Fri Sep 25 21:38:41 BST 2026","","github.com/n-orlov/deck/internal/tui","github.com/n-orlov/deck/internal/tui",""
"","0","TestSortComparatorsPreservePreviousRelativeOrderOnTie/name","","Fri Sep 25 21:38:41 BST 2026","passed","Fri Sep 25 21:38:41 BST 2026","","github.com/n-orlov/deck/internal/tui","github.com/n-orlov/deck/internal/tui",""
"","0","TestIsTargetAbsentTreatsAVanishedPaneAsARemovalRace","","Fri Sep 25 21:38:11 BST 2026","passed","Fri Sep 25 21:38:11 BST 2026","","github.com/n-orlov/deck/internal/tmux","github.com/n-orlov/deck/internal/tmux",""
"","0","TestSettingsFooterCarriesDeckBackground/parchment/string-edit","","Fri Sep 25 21:38:41 BST 2026","passed","Fri Sep 25 21:38:41 BST 2026","","github.com/n-orlov/deck/internal/tui","github.com/n-orlov/deck/internal/tui",""
"","0","TestCanvasDefaultForegroundClearsFloor/cobalt","","Fri Sep 25 21:38:10 BST 2026","passed","Fri Sep 25 21:38:10 BST 2026","","github.com/n-orlov/deck/internal/theme","github.com/n-orlov/deck/internal/theme",""
"","40","TestDeckOwnedCellsCarryExplicitForegroundOnEveryBuiltin/empire","","Fri Sep 25 21:38:41 BST 2026","passed","Fri Sep 25 21:38:41 BST 2026","","github.com/n-orlov/deck/internal/tui","github.com/n-orlov/deck/internal/tui",""
"","1330","TestFeatures/with_only_codex_installed_the_Agent_field_offers_shell_and_codex_but_not_claude_or_pi","","Fri Sep 25 21:39:00 BST 2026","passed","Fri Sep 25 21:39:01 BST 2026","","github.com/n-orlov/deck/features","github.com/n-orlov/deck/features",""
"","1079","layout_mode and sidebar_width persist across a restart, with config.toml unchanged","","","passed","","","§11.2 layout modes, their keys, and their persistence","",""
"","2166","a built-in theme colours each of the seven §7 status tokens, read per cell from a real client #5","","","passed","","","theme rendering end-to-end (requirement 49)","",""
"","2260","TestFeatures/Shift+PgUp/PgDn_scroll_the_interactive_grid's_own_scrollback","","Fri Sep 25 21:39:00 BST 2026","passed","Fri Sep 25 21:39:02 BST 2026","","github.com/n-orlov/deck/features","github.com/n-orlov/deck/features",""
"","0","TestDriftEndingKeysBringSelectionBackIntoView/key=""x""","","Fri Sep 25 21:38:41 BST 2026","passed","Fri Sep 25 21:38:41 BST 2026","","github.com/n-orlov/deck/internal/tui","github.com/n-orlov/deck/internal/tui",""
"","895","create dialog -- width is 80% of the viewport clamped to [26,80], at both clamp ends","","","passed","","","The §11.4 dialog contract, asserted per dialog (requirements 7, 8, 9, 10, 11, 50)","",""
"","0","TestProbeGoldenPaneCorpus","","Fri Sep 25 21:37:05 BST 2026","passed","Fri Sep 25 21:37:05 BST 2026","","github.com/n-orlov/deck/internal/agent","github.com/n-orlov/deck/internal/agent",""
"","10","TestStaleGroupByWorkspaceLineIsSkippedAndPreservedByteIdentical","","Fri Sep 25 21:37:05 BST 2026","passed","Fri Sep 25 21:37:05 BST 2026","","github.com/n-orlov/deck/internal/config","github.com/n-orlov/deck/internal/config",""
"","2049","a plain click (no drag) over the interactive preview commits no selection at all","","","passed","","","Steer 017 item 3 (task 216) -- tmux-like drag-to-copy selection in interactive preview mode","",""
"","0","TestArchiveUndoSaysTheNextRRebuildsWhatPostDestroyReleased/session-hook","","Fri Sep 25 21:38:41 BST 2026","passed","Fri Sep 25 21:38:41 BST 2026","","github.com/n-orlov/deck/internal/tui","github.com/n-orlov/deck/internal/tui",""
"","60","TestReceiveHookAppliesOverAnyStaleSourceExceptStopped/UserPromptSubmit/from_idle/via_tmux","","Fri Sep 25 21:37:06 BST 2026","passed","Fri Sep 25 21:37:06 BST 2026","","github.com/n-orlov/deck/internal/hookrecv","github.com/n-orlov/deck/internal/hookrecv",""
"","140","TestRenameOntoATombstonedNameCleansUpThatSessionsFiles","","Fri Sep 25 21:37:44 BST 2026","passed","Fri Sep 25 21:37:44 BST 2026","","github.com/n-orlov/deck/internal/service","github.com/n-orlov/deck/internal/service",""
"","1218","x never runs the teardown hook, but dd runs it exactly once","","","passed","","","post_destroy teardown hooks fire on A/dd, never on x, exactly once","",""
"","30","TestSendNamedKeyRejectsAnUnknownNameWithoutSpawningTmux","","Fri Sep 25 21:38:11 BST 2026","passed","Fri Sep 25 21:38:11 BST 2026","","github.com/n-orlov/deck/internal/tmux","github.com/n-orlov/deck/internal/tmux",""
"","0","TestCodex_LaunchArgv/edits","","Fri Sep 25 21:37:05 BST 2026","passed","Fri Sep 25 21:37:05 BST 2026","","github.com/n-orlov/deck/internal/agent","github.com/n-orlov/deck/internal/agent",""
"","0","TestFoldUnfoldHeaderWithZeroTotalSessions/default/left-then-right","","Fri Sep 25 21:38:41 BST 2026","passed","Fri Sep 25 21:38:41 BST 2026","","github.com/n-orlov/deck/internal/tui","github.com/n-orlov/deck/internal/tui",""
"","1430","TestInteractiveNotRepaintedNoticeCarriesDeckBackground","","Fri Sep 25 21:38:41 BST 2026","passed","Fri Sep 25 21:38:42 BST 2026","","github.com/n-orlov/deck/internal/tui","github.com/n-orlov/deck/internal/tui",""
"","0","TestFilterFrameBudgetAccountsForTheStatusLine/stacked","","Fri Sep 25 21:38:41 BST 2026","passed","Fri Sep 25 21:38:41 BST 2026","","github.com/n-orlov/deck/internal/tui","github.com/n-orlov/deck/internal/tui",""
"","50","TestDialogSelectionRenderersComposeOnlyFloorTokens","","Fri Sep 25 21:38:41 BST 2026","passed","Fri Sep 25 21:38:41 BST 2026","","github.com/n-orlov/deck/internal/tui","github.com/n-orlov/deck/internal/tui",""
"","0","TestLeftRightFoldUnfoldDefaultGroup","","Fri Sep 25 21:38:41 BST 2026","passed","Fri Sep 25 21:38:41 BST 2026","","github.com/n-orlov/deck/internal/tui","github.com/n-orlov/deck/internal/tui",""
"","0","TestRestartRefusesALiveCodexRowWithNoConversationIDYet","","Fri Sep 25 21:38:41 BST 2026","passed","Fri Sep 25 21:38:41 BST 2026","","github.com/n-orlov/deck/internal/tui","github.com/n-orlov/deck/internal/tui",""
"","0","TestTeardownHookFailureRendersAsANoteForArchive","","Fri Sep 25 21:38:41 BST 2026","passed","Fri Sep 25 21:38:41 BST 2026","","github.com/n-orlov/deck/internal/tui","github.com/n-orlov/deck/internal/tui",""
"","70","TestFitWindowToPaneConvergesOnASplitWindow","","Fri Sep 25 21:38:11 BST 2026","passed","Fri Sep 25 21:38:11 BST 2026","","github.com/n-orlov/deck/internal/tmux","github.com/n-orlov/deck/internal/tmux",""
"","200","TestResumedRowAcceptsTheNewPanesFirstHook","","Fri Sep 25 21:37:06 BST 2026","passed","Fri Sep 25 21:37:06 BST 2026","","github.com/n-orlov/deck/internal/hookrecv","github.com/n-orlov/deck/internal/hookrecv",""
"","0","TestSidebarGutterCellsNeverFallBackToCanvasForeground/daylight","","Fri Sep 25 21:38:41 BST 2026","passed","Fri Sep 25 21:38:41 BST 2026","","github.com/n-orlov/deck/internal/tui","github.com/n-orlov/deck/internal/tui",""
"","60","TestSetLaunchInputsRejectsMissingSessionID","","Fri Sep 25 21:38:00 BST 2026","passed","Fri Sep 25 21:38:00 BST 2026","","github.com/n-orlov/deck/internal/store","github.com/n-orlov/deck/internal/store",""
"","2230","TestFeatures/SIGKILL_captures_and_sanitizes_the_agent_pane_without_relaunching","","Fri Sep 25 21:39:00 BST 2026","passed","Fri Sep 25 21:39:02 BST 2026","","github.com/n-orlov/deck/features","github.com/n-orlov/deck/features",""
"","30","TestPaneDeadReadsFalseThenTrueAfterProcessExits","","Fri Sep 25 21:38:11 BST 2026","passed","Fri Sep 25 21:38:11 BST 2026","","github.com/n-orlov/deck/internal/tmux","github.com/n-orlov/deck/internal/tmux",""
"","0","TestAllDialogsRejectMouseAtBorderBodyAndOutside/create/body","","Fri Sep 25 21:38:41 BST 2026","passed","Fri Sep 25 21:38:41 BST 2026","","github.com/n-orlov/deck/internal/tui","github.com/n-orlov/deck/internal/tui",""
"","130","TestKillReapSweepAndNameReuseReapNeverRunPostDestroy/CreateReapsATombstoneToReuseItsName","","Fri Sep 25 21:37:44 BST 2026","passed","Fri Sep 25 21:37:44 BST 2026","","github.com/n-orlov/deck/internal/service","github.com/n-orlov/deck/internal/service",""
"","0","TestNoLiveCapturePreviewInteriorCarriesDeckBackgroundSideBySide/daylight","","Fri Sep 25 21:38:41 BST 2026","passed","Fri Sep 25 21:38:41 BST 2026","","github.com/n-orlov/deck/internal/tui","github.com/n-orlov/deck/internal/tui",""
"","0","TestCanvasDefaultForegroundClearsFloor/daylight","","Fri Sep 25 21:38:10 BST 2026","passed","Fri Sep 25 21:38:10 BST 2026","","github.com/n-orlov/deck/internal/theme","github.com/n-orlov/deck/internal/theme",""
"","1530","TestFeatures/detail_dialog_--_esc_changes_nothing_(it_has_no_fields_to_alter)","","Fri Sep 25 21:39:00 BST 2026","passed","Fri Sep 25 21:39:01 BST 2026","","github.com/n-orlov/deck/features","github.com/n-orlov/deck/features",""
"","90","TestArchiveOnStoppedSessionOnlySetsArchivedAtAndLeavesStatus","","Fri Sep 25 21:37:44 BST 2026","passed","Fri Sep 25 21:37:44 BST 2026","","github.com/n-orlov/deck/internal/service","github.com/n-orlov/deck/internal/service",""
"","60","TestSetSessionGroupRejectsMissingSessionID","","Fri Sep 25 21:38:00 BST 2026","passed","Fri Sep 25 21:38:00 BST 2026","","github.com/n-orlov/deck/internal/store","github.com/n-orlov/deck/internal/store",""
"","70","TestCreateModalRecentCWDCyclesOnCtrlPCtrlN","","Fri Sep 25 21:38:41 BST 2026","passed","Fri Sep 25 21:38:41 BST 2026","","github.com/n-orlov/deck/internal/tui","github.com/n-orlov/deck/internal/tui",""
"","90","TestWheelScrollsScrollableOverlaysByOneLine","","Fri Sep 25 21:38:41 BST 2026","passed","Fri Sep 25 21:38:41 BST 2026","","github.com/n-orlov/deck/internal/tui","github.com/n-orlov/deck/internal/tui",""
"","0","TestMatrixStatusTokensRenderAsSevenDistinctColours","","Fri Sep 25 21:38:41 BST 2026","passed","Fri Sep 25 21:38:41 BST 2026","","github.com/n-orlov/deck/internal/tui","github.com/n-orlov/deck/internal/tui",""
"","679","auto selects side-by-side at and above 80 columns, stacked below it #2","","","passed","","","§11.2 layout modes, their keys, and their persistence","",""
"","1940","TestFeatures/a_truncating_row's_background_rectangle_stays_unbroken_with_the_R119_gutter_in_its_own_columns,_at_the_sidebar's_minimum_width","","Fri Sep 25 21:39:00 BST 2026","passed","Fri Sep 25 21:39:01 BST 2026","","github.com/n-orlov/deck/features","github.com/n-orlov/deck/features",""
"","0","TestCreateModalOtherUserTildeRejectedNotHalfExpanded","","Fri Sep 25 21:38:41 BST 2026","passed","Fri Sep 25 21:38:41 BST 2026","","github.com/n-orlov/deck/internal/tui","github.com/n-orlov/deck/internal/tui",""
"","0","TestPreviewTickCapturesOnlyTheSelectedRow","","Fri Sep 25 21:38:41 BST 2026","passed","Fri Sep 25 21:38:41 BST 2026","","github.com/n-orlov/deck/internal/tui","github.com/n-orlov/deck/internal/tui",""
"","50","TestReceiveHookAppliesOverAnyStaleSourceExceptStopped/SessionEnd/from_starting/via_tmux","","Fri Sep 25 21:37:06 BST 2026","passed","Fri Sep 25 21:37:06 BST 2026","","github.com/n-orlov/deck/internal/hookrecv","github.com/n-orlov/deck/internal/hookrecv",""
"","1460","TestAddingPanePIDRejectsAfterRespawn","","Fri Sep 25 21:38:11 BST 2026","passed","Fri Sep 25 21:38:12 BST 2026","","github.com/n-orlov/deck/internal/tmux","github.com/n-orlov/deck/internal/tmux",""
"","0","TestCropDecorationsCarryDeckBackground/Stacked/matrix","","Fri Sep 25 21:38:41 BST 2026","passed","Fri Sep 25 21:38:41 BST 2026","","github.com/n-orlov/deck/internal/tui","github.com/n-orlov/deck/internal/tui",""
"","0","TestInvalidControlsAreRejected/DECK_INTERACTIVE_MS","","Fri Sep 25 21:37:05 BST 2026","passed","Fri Sep 25 21:37:05 BST 2026","","github.com/n-orlov/deck/internal/config","github.com/n-orlov/deck/internal/config",""
"","0","TestDetailDialogShowsMissingCodexConversationIDHonestly","","Fri Sep 25 21:38:41 BST 2026","passed","Fri Sep 25 21:38:41 BST 2026","","github.com/n-orlov/deck/internal/tui","github.com/n-orlov/deck/internal/tui",""
"","50","TestDispatcherSendLiteralDeliversOneTrailingSemicolon","","Fri Sep 25 21:38:11 BST 2026","passed","Fri Sep 25 21:38:11 BST 2026","","github.com/n-orlov/deck/internal/tmux","github.com/n-orlov/deck/internal/tmux",""
"","0","TestDriftEndingKeysBringSelectionBackIntoView/key=""e""","","Fri Sep 25 21:38:41 BST 2026","passed","Fri Sep 25 21:38:41 BST 2026","","github.com/n-orlov/deck/internal/tui","github.com/n-orlov/deck/internal/tui",""
"","0","TestPendingDeleteIndicatorStaysWithinFrameBudgetAtEveryLayoutMode/single-row/stacked","","Fri Sep 25 21:38:41 BST 2026","passed","Fri Sep 25 21:38:41 BST 2026","","github.com/n-orlov/deck/internal/tui","github.com/n-orlov/deck/internal/tui",""
"","30","TestCaptureSeedWithHistoryDoesNotSwallowTheFallbacksOwnFailure","","Fri Sep 25 21:37:23 BST 2026","passed","Fri Sep 25 21:37:23 BST 2026","","github.com/n-orlov/deck/internal/interactive","github.com/n-orlov/deck/internal/interactive",""
"","20","TestCure0105DefaultGroupFirstLiveSaveFollowsSelection","","Fri Sep 25 21:38:41 BST 2026","passed","Fri Sep 25 21:38:41 BST 2026","","github.com/n-orlov/deck/internal/tui","github.com/n-orlov/deck/internal/tui",""
"","0","TestBelowMinimumFrameStaysWithinBudget/120x24/attachError/short","","Fri Sep 25 21:38:41 BST 2026","passed","Fri Sep 25 21:38:41 BST 2026","","github.com/n-orlov/deck/internal/tui","github.com/n-orlov/deck/internal/tui",""
"","10","TestSettingsSaveWithNoEditLeavesEnvOverriddenFileValueUntouched","","Fri Sep 25 21:38:41 BST 2026","passed","Fri Sep 25 21:38:41 BST 2026","","github.com/n-orlov/deck/internal/tui","github.com/n-orlov/deck/internal/tui",""
"","180","TestRaiseLostAttachOnClientAttachRunsOrdinaryTeardown","","Fri Sep 25 21:38:41 BST 2026","passed","Fri Sep 25 21:38:41 BST 2026","","github.com/n-orlov/deck/internal/tui","github.com/n-orlov/deck/internal/tui",""
"","0","TestProbeGoldenPaneCorpus/claude/running.txt","","Fri Sep 25 21:37:05 BST 2026","passed","Fri Sep 25 21:37:05 BST 2026","","github.com/n-orlov/deck/internal/agent","github.com/n-orlov/deck/internal/agent",""
"","0","TestFooterHandlerAgreementAcrossEveryRowClass/archived/i","","Fri Sep 25 21:38:41 BST 2026","passed","Fri Sep 25 21:38:41 BST 2026","","github.com/n-orlov/deck/internal/tui","github.com/n-orlov/deck/internal/tui",""
"","40","TestSendNamedKeyDeliversAltModifiedNavigationKeysByTmuxsOwnTranslation/C-M-Down","","Fri Sep 25 21:38:11 BST 2026","passed","Fri Sep 25 21:38:11 BST 2026","","github.com/n-orlov/deck/internal/tmux","github.com/n-orlov/deck/internal/tmux",""
"","60","TestSettingsGroupsNCreatesGroupImmediately","","Fri Sep 25 21:38:41 BST 2026","passed","Fri Sep 25 21:38:41 BST 2026","","github.com/n-orlov/deck/internal/tui","github.com/n-orlov/deck/internal/tui",""
"","0","TestArchiveKeyStatesItIsUnavailableWhenUnwired","","Fri Sep 25 21:38:41 BST 2026","passed","Fri Sep 25 21:38:41 BST 2026","","github.com/n-orlov/deck/internal/tui","github.com/n-orlov/deck/internal/tui",""
"","40","TestSendNamedKeyDeliversAltModifiedNavigationKeysByTmuxsOwnTranslation/C-M-PgDn","","Fri Sep 25 21:38:11 BST 2026","passed","Fri Sep 25 21:38:11 BST 2026","","github.com/n-orlov/deck/internal/tmux","github.com/n-orlov/deck/internal/tmux",""
"","993","A on a non-stopped session (kill-and-archive as one action) leaves its adversarially-seeded cwd fingerprint unchanged","","","passed","","","Undo toast after x, and the dd delete/tombstone chord","",""
"","0","TestDeckOwnedCellsCarryExplicitForegroundOnEveryBuiltin/cobalt/detail_dialog","","Fri Sep 25 21:38:41 BST 2026","passed","Fri Sep 25 21:38:41 BST 2026","","github.com/n-orlov/deck/internal/tui","github.com/n-orlov/deck/internal/tui",""
"","1360","TestFeatures/sort_order_=_created_orders_by_created_at_descending,_newest_first","","Fri Sep 25 21:39:00 BST 2026","passed","Fri Sep 25 21:39:01 BST 2026","","github.com/n-orlov/deck/features","github.com/n-orlov/deck/features",""
"","0","TestGroupOrderAaaLeadsAlphabetically","","Fri Sep 25 21:38:41 BST 2026","passed","Fri Sep 25 21:38:41 BST 2026","","github.com/n-orlov/deck/internal/tui","github.com/n-orlov/deck/internal/tui",""
"","10","TestBelowMinimumFrameStaysWithinBudget","","Fri Sep 25 21:38:41 BST 2026","passed","Fri Sep 25 21:38:41 BST 2026","","github.com/n-orlov/deck/internal/tui","github.com/n-orlov/deck/internal/tui",""
"","1780","TestFeatures/the_just-created_row's_auto-selection_is_one-shot_--_moving_away_with_k_survives_a_later_reconcile_tick","","Fri Sep 25 21:39:00 BST 2026","passed","Fri Sep 25 21:39:01 BST 2026","","github.com/n-orlov/deck/features","github.com/n-orlov/deck/features",""
"","0","TestSelectedTextReversedDragMatchesForwardDrag","","Fri Sep 25 21:37:23 BST 2026","passed","Fri Sep 25 21:37:23 BST 2026","","github.com/n-orlov/deck/internal/interactive","github.com/n-orlov/deck/internal/interactive",""
"","70","TestDriftEndingKeysBringSelectionBackIntoView","","Fri Sep 25 21:38:41 BST 2026","passed","Fri Sep 25 21:38:41 BST 2026","","github.com/n-orlov/deck/internal/tui","github.com/n-orlov/deck/internal/tui",""
"","1350","TestFeatures/committing_an_edit_writes_session_env,_marks_it_env_dirty,_mirrors_into_tmux,_and_leaves_the_live_pane's_own_environment_untouched","","Fri Sep 25 21:39:00 BST 2026","passed","Fri Sep 25 21:39:01 BST 2026","","github.com/n-orlov/deck/features","github.com/n-orlov/deck/features",""
"","70","TestReceiveHookAppliesOverAnyStaleSourceExceptStopped/SessionStart/from_starting/via_user","","Fri Sep 25 21:37:06 BST 2026","passed","Fri Sep 25 21:37:06 BST 2026","","github.com/n-orlov/deck/internal/hookrecv","github.com/n-orlov/deck/internal/hookrecv",""
"","0","TestAllDialogsRejectMouseAtBorderBodyAndOutside/create/border","","Fri Sep 25 21:38:41 BST 2026","passed","Fri Sep 25 21:38:41 BST 2026","","github.com/n-orlov/deck/internal/tui","github.com/n-orlov/deck/internal/tui",""
"","120","TestRenameRejectsBlankNameAndUnknownSession","","Fri Sep 25 21:37:44 BST 2026","passed","Fri Sep 25 21:37:44 BST 2026","","github.com/n-orlov/deck/internal/service","github.com/n-orlov/deck/internal/service",""
"","60","TestSoftDeleteSessionTombstonesAndHidesFromListSessions","","Fri Sep 25 21:38:00 BST 2026","passed","Fri Sep 25 21:38:00 BST 2026","","github.com/n-orlov/deck/internal/store","github.com/n-orlov/deck/internal/store",""
"","0","TestThemedDialogsDegradeCleanlyUnderNoColorAndASCII/bulk_delete_confirm","","Fri Sep 25 21:38:41 BST 2026","passed","Fri Sep 25 21:38:41 BST 2026","","github.com/n-orlov/deck/internal/tui","github.com/n-orlov/deck/internal/tui",""
"","0","TestTeardownHookFailureRendersAsANoteForDelete","","Fri Sep 25 21:38:41 BST 2026","passed","Fri Sep 25 21:38:41 BST 2026","","github.com/n-orlov/deck/internal/tui","github.com/n-orlov/deck/internal/tui",""
"","0","TestNoLiveCapturePreviewInteriorCarriesDeckBackgroundStacked/cobalt","","Fri Sep 25 21:38:41 BST 2026","passed","Fri Sep 25 21:38:41 BST 2026","","github.com/n-orlov/deck/internal/tui","github.com/n-orlov/deck/internal/tui",""
"","0","TestApplyDialogContractCoreKeys","","Fri Sep 25 21:38:41 BST 2026","passed","Fri Sep 25 21:38:41 BST 2026","","github.com/n-orlov/deck/internal/tui","github.com/n-orlov/deck/internal/tui",""
"","993","a single d shows a pending-delete indicator and changes nothing in the store","","","passed","","","Undo toast after x, and the dd delete/tombstone chord","",""
"","0","TestArchivePurgeAndRefusalMessagesStayWithinFrameBudgetAtEveryLayoutMode/Cannot_kill:_session_is_already_stopped/side-by-side","","Fri Sep 25 21:38:41 BST 2026","passed","Fri Sep 25 21:38:41 BST 2026","","github.com/n-orlov/deck/internal/tui","github.com/n-orlov/deck/internal/tui",""
"","0","TestUndoToastStaysWithinFrameBudgetAtEveryLayoutMode/side-by-side","","Fri Sep 25 21:38:41 BST 2026","passed","Fri Sep 25 21:38:41 BST 2026","","github.com/n-orlov/deck/internal/tui","github.com/n-orlov/deck/internal/tui",""
"","1770","TestFeatures/a_different_hook_detects_a_crash_while_no_TUI_is_running","","Fri Sep 25 21:39:00 BST 2026","passed","Fri Sep 25 21:39:01 BST 2026","","github.com/n-orlov/deck/features","github.com/n-orlov/deck/features",""
"","0","TestClickCollapsedStripRestoresThePinInForceBeforeCollapsing","","Fri Sep 25 21:38:41 BST 2026","passed","Fri Sep 25 21:38:41 BST 2026","","github.com/n-orlov/deck/internal/tui","github.com/n-orlov/deck/internal/tui",""
"","130","TestCreateAgentLoginShellStoresCapturedPathButMarksItAdvisory","","Fri Sep 25 21:37:44 BST 2026","passed","Fri Sep 25 21:37:44 BST 2026","","github.com/n-orlov/deck/internal/service","github.com/n-orlov/deck/internal/service",""
"","0","TestEntryRefusalClearsWhenStoppedSessionStarts","","Fri Sep 25 21:38:41 BST 2026","passed","Fri Sep 25 21:38:41 BST 2026","","github.com/n-orlov/deck/internal/tui","github.com/n-orlov/deck/internal/tui",""
"","60","TestCaptureWindowGeometryReadsDimensionsAndWindowLocalWindowSize","","Fri Sep 25 21:38:11 BST 2026","passed","Fri Sep 25 21:38:11 BST 2026","","github.com/n-orlov/deck/internal/tmux","github.com/n-orlov/deck/internal/tmux",""
"","1999","R restarts a claude session, recording environment key names in the launch audit but never a value","","","passed","","","Real agent session creation and resume through the TUI","",""
"","30","TestCapturePaneSeedAtomicGivesUpAfterMaxAttempts","","Fri Sep 25 21:38:11 BST 2026","passed","Fri Sep 25 21:38:11 BST 2026","","github.com/n-orlov/deck/internal/tmux","github.com/n-orlov/deck/internal/tmux",""
"","790","TestFeatures/DECK_COLOR_DEPTH=16_renders_the_quantised_reference-palette_colour_from_a_real_pty","","Fri Sep 25 21:39:00 BST 2026","passed","Fri Sep 25 21:39:00 BST 2026","","github.com/n-orlov/deck/features","github.com/n-orlov/deck/features",""
"","60","TestStatusTransitionEnforcesCallerPolicyInsideEventTransaction","","Fri Sep 25 21:38:00 BST 2026","passed","Fri Sep 25 21:38:00 BST 2026","","github.com/n-orlov/deck/internal/store","github.com/n-orlov/deck/internal/store",""
"","0","TestSidebarCursorPayloadIsUnreachableWithoutResolvingKind","","Fri Sep 25 21:38:41 BST 2026","passed","Fri Sep 25 21:38:41 BST 2026","","github.com/n-orlov/deck/internal/tui","github.com/n-orlov/deck/internal/tui",""
"","0","TestSortSessionsByAttentionOrdersGroupsExactly","","Fri Sep 25 21:38:41 BST 2026","passed","Fri Sep 25 21:38:41 BST 2026","","github.com/n-orlov/deck/internal/tui","github.com/n-orlov/deck/internal/tui",""
"","60","TestReceiveHookAppliesOverAnyStaleSourceExceptStopped/UserPromptSubmit/from_starting/via_hook","","Fri Sep 25 21:37:06 BST 2026","passed","Fri Sep 25 21:37:06 BST 2026","","github.com/n-orlov/deck/internal/hookrecv","github.com/n-orlov/deck/internal/hookrecv",""
"","0","TestConfigFileMalformedIsRejected/bad_bool","","Fri Sep 25 21:37:05 BST 2026","passed","Fri Sep 25 21:37:05 BST 2026","","github.com/n-orlov/deck/internal/config","github.com/n-orlov/deck/internal/config",""
"","710","TestFeatures/auto_selects_side-by-side_at_and_above_80_columns,_stacked_below_it","","Fri Sep 25 21:39:00 BST 2026","passed","Fri Sep 25 21:39:00 BST 2026","","github.com/n-orlov/deck/features","github.com/n-orlov/deck/features",""
"","60","TestSupersededLaunchGenerationDropsTheWholeHookClass/UserPromptSubmit/row_carries_no_token","","Fri Sep 25 21:37:06 BST 2026","passed","Fri Sep 25 21:37:06 BST 2026","","github.com/n-orlov/deck/internal/hookrecv","github.com/n-orlov/deck/internal/hookrecv",""
"","0","TestAllDialogsRejectMouseAtBorderBodyAndOutside/help/border","","Fri Sep 25 21:38:41 BST 2026","passed","Fri Sep 25 21:38:41 BST 2026","","github.com/n-orlov/deck/internal/tui","github.com/n-orlov/deck/internal/tui",""
"","10","TestSettingsFooterCarriesDeckBackground/daylight","","Fri Sep 25 21:38:41 BST 2026","passed","Fri Sep 25 21:38:41 BST 2026","","github.com/n-orlov/deck/internal/tui","github.com/n-orlov/deck/internal/tui",""
"","2480","TestFeatures/passive_fit_stands_down_for_B_while_A_holds_the_window_interactively","","Fri Sep 25 21:39:00 BST 2026","passed","Fri Sep 25 21:39:02 BST 2026","","github.com/n-orlov/deck/features","github.com/n-orlov/deck/features",""
"","0","TestReleasedDeckHookIsOneShotAndDoesNotBootstrapStateOrTmux/array","","Fri Sep 25 21:36:22 BST 2026","passed","Fri Sep 25 21:36:22 BST 2026","","github.com/n-orlov/deck/cmd/deck","github.com/n-orlov/deck/cmd/deck",""
"","120","TestSessionContextEnvExportsNamedGroupThroughRealPaneLaunch/codex","","Fri Sep 25 21:37:44 BST 2026","passed","Fri Sep 25 21:37:44 BST 2026","","github.com/n-orlov/deck/internal/service","github.com/n-orlov/deck/internal/service",""
"","0","TestClaude_LaunchAndResumeArgv/plan/resume","","Fri Sep 25 21:37:05 BST 2026","passed","Fri Sep 25 21:37:05 BST 2026","","github.com/n-orlov/deck/internal/agent","github.com/n-orlov/deck/internal/agent",""
"","2400","TestFeatures/an_attachError_or_resumeNote_message_never_pushes_the_frame_past_the_terminal's_own_budget#01","","Fri Sep 25 21:39:00 BST 2026","passed","Fri Sep 25 21:39:02 BST 2026","","github.com/n-orlov/deck/features","github.com/n-orlov/deck/features",""
"","10","TestSettingsScopeParityMatchesSaveBehaviour/ui.default_group_first","","Fri Sep 25 21:38:41 BST 2026","passed","Fri Sep 25 21:38:41 BST 2026","","github.com/n-orlov/deck/internal/tui","github.com/n-orlov/deck/internal/tui",""
"","0","TestGroupSortsBeforeHonoursDefaultFirstFlagBothWays","","Fri Sep 25 21:38:41 BST 2026","passed","Fri Sep 25 21:38:41 BST 2026","","github.com/n-orlov/deck/internal/tui","github.com/n-orlov/deck/internal/tui",""
"","10","TestSettingsScopeParityMatchesSaveBehaviour/yolo_default","","Fri Sep 25 21:38:41 BST 2026","passed","Fri Sep 25 21:38:41 BST 2026","","github.com/n-orlov/deck/internal/tui","github.com/n-orlov/deck/internal/tui",""
"","0","TestRepaintModeEnvironmentSelectsTheDedicatedFixtureAndRejectsUnknownValues","","Fri Sep 25 21:36:33 BST 2026","passed","Fri Sep 25 21:36:33 BST 2026","","github.com/n-orlov/deck/cmd/fake-pi","github.com/n-orlov/deck/cmd/fake-pi",""
"","0","TestAllDialogsRejectMouseAtBorderBodyAndOutside/create/outside","","Fri Sep 25 21:38:41 BST 2026","passed","Fri Sep 25 21:38:41 BST 2026","","github.com/n-orlov/deck/internal/tui","github.com/n-orlov/deck/internal/tui",""
"","0","TestSettingsFooterCarriesDeckBackground/cobalt/search","","Fri Sep 25 21:38:41 BST 2026","passed","Fri Sep 25 21:38:41 BST 2026","","github.com/n-orlov/deck/internal/tui","github.com/n-orlov/deck/internal/tui",""
"","0","TestLostAttachViewNamesTheSession","","Fri Sep 25 21:38:41 BST 2026","passed","Fri Sep 25 21:38:41 BST 2026","","github.com/n-orlov/deck/internal/tui","github.com/n-orlov/deck/internal/tui",""
"","990","TestThemeChangesAttributesButNotFrameGeometry/ascii","","Fri Sep 25 21:36:35 BST 2026","passed","Fri Sep 25 21:36:35 BST 2026","","github.com/n-orlov/deck/features","github.com/n-orlov/deck/features",""
"","0","TestInteractiveFooterNamesTheScrollKeysWhenRoomAllows","","Fri Sep 25 21:38:41 BST 2026","passed","Fri Sep 25 21:38:41 BST 2026","","github.com/n-orlov/deck/internal/tui","github.com/n-orlov/deck/internal/tui",""
"","50","TestSendNamedKeyDeliversModifiedNavigationKeysByTmuxsOwnTranslation/C-Left","","Fri Sep 25 21:38:11 BST 2026","passed","Fri Sep 25 21:38:11 BST 2026","","github.com/n-orlov/deck/internal/tmux","github.com/n-orlov/deck/internal/tmux",""
"","0","TestDriftPreservingGlobalKeysLeaveTheDriftInPlace/key=""u""","","Fri Sep 25 21:38:41 BST 2026","passed","Fri Sep 25 21:38:41 BST 2026","","github.com/n-orlov/deck/internal/tui","github.com/n-orlov/deck/internal/tui",""
"","0","TestHookTrustGateFiresOnlyWhenBypassFlagIsPresent","","Fri Sep 25 21:36:33 BST 2026","passed","Fri Sep 25 21:36:33 BST 2026","","github.com/n-orlov/deck/cmd/fake-codex","github.com/n-orlov/deck/cmd/fake-codex",""
"","863","| cycles auto -> side-by-side -> stacked -> collapsed -> auto","","","passed","","","§11.2 layout modes, their keys, and their persistence","",""
"","1300","TestFeatures/an_agent_removed_from_PATH_after_the_create_modal_opens_is_refused_at_submit,_in-dialog,_with_nothing_persisted","","Fri Sep 25 21:39:00 BST 2026","passed","Fri Sep 25 21:39:01 BST 2026","","github.com/n-orlov/deck/features","github.com/n-orlov/deck/features",""
"","60","TestReceiveHookAppliesOverAnyStaleSourceExceptStopped/UserPromptSubmit/from_running/via_hook","","Fri Sep 25 21:37:06 BST 2026","passed","Fri Sep 25 21:37:06 BST 2026","","github.com/n-orlov/deck/internal/hookrecv","github.com/n-orlov/deck/internal/hookrecv",""
"","280","TestSendKeysHexFailsAtTheRealArgCountCeiling","","Fri Sep 25 21:38:11 BST 2026","passed","Fri Sep 25 21:38:11 BST 2026","","github.com/n-orlov/deck/internal/tmux","github.com/n-orlov/deck/internal/tmux",""
"","0","TestI1KeystrokeDropReproduction","","Fri Sep 25 21:36:35 BST 2026","skipped","Fri Sep 25 21:36:35 BST 2026","","github.com/n-orlov/deck/features","github.com/n-orlov/deck/features",""
"","60","TestLastCreateAgentAccessorsDegradeToDocumentedDefaults","","Fri Sep 25 21:38:00 BST 2026","passed","Fri Sep 25 21:38:00 BST 2026","","github.com/n-orlov/deck/internal/store","github.com/n-orlov/deck/internal/store",""
"","0","TestGodogFormatBuildsJUnitOnlyWhenTheEnvVarIsSet","","Fri Sep 25 21:36:35 BST 2026","passed","Fri Sep 25 21:36:35 BST 2026","","github.com/n-orlov/deck/features","github.com/n-orlov/deck/features",""
"","60","TestReceiveHookAppliesOverAnyStaleSourceExceptStopped/SessionEnd/from_idle/via_probe","","Fri Sep 25 21:37:06 BST 2026","passed","Fri Sep 25 21:37:06 BST 2026","","github.com/n-orlov/deck/internal/hookrecv","github.com/n-orlov/deck/internal/hookrecv",""
"","0","TestClaude_LaunchAndResumeArgv/edits/launch","","Fri Sep 25 21:37:05 BST 2026","passed","Fri Sep 25 21:37:05 BST 2026","","github.com/n-orlov/deck/internal/agent","github.com/n-orlov/deck/internal/agent",""
"","0","TestHeaderChevronSitsInSameColumnAsSocketLine/colour","","Fri Sep 25 21:38:41 BST 2026","passed","Fri Sep 25 21:38:41 BST 2026","","github.com/n-orlov/deck/internal/tui","github.com/n-orlov/deck/internal/tui",""
"","0","TestThemeFallbackNoticeStaysWithinFrameBudget/100x30","","Fri Sep 25 21:38:41 BST 2026","passed","Fri Sep 25 21:38:41 BST 2026","","github.com/n-orlov/deck/internal/tui","github.com/n-orlov/deck/internal/tui",""
"","0","TestBelowMinimumFrameStaysWithinBudget/70x20/attachError/short","","Fri Sep 25 21:38:41 BST 2026","passed","Fri Sep 25 21:38:41 BST 2026","","github.com/n-orlov/deck/internal/tui","github.com/n-orlov/deck/internal/tui",""
"","0","TestMatrixStatusTokensQuantiseToSevenDistinctReferenceEntries","","Fri Sep 25 21:38:10 BST 2026","passed","Fri Sep 25 21:38:10 BST 2026","","github.com/n-orlov/deck/internal/theme","github.com/n-orlov/deck/internal/theme",""
"","70","TestSupersededLaunchGenerationDropsTheWholeHookClass/Notification/row_carries_no_token","","Fri Sep 25 21:37:06 BST 2026","passed","Fri Sep 25 21:37:06 BST 2026","","github.com/n-orlov/deck/internal/hookrecv","github.com/n-orlov/deck/internal/hookrecv",""
"","0","TestCropPreviewBottomLeftCropsOversizedPane","","Fri Sep 25 21:38:41 BST 2026","passed","Fri Sep 25 21:38:41 BST 2026","","github.com/n-orlov/deck/internal/tui","github.com/n-orlov/deck/internal/tui",""
"","100","TestReceiveHookAppliesOverAnyStaleSourceExceptStopped/Stop/from_stopped/via_user","","Fri Sep 25 21:37:06 BST 2026","passed","Fri Sep 25 21:37:06 BST 2026","","github.com/n-orlov/deck/internal/hookrecv","github.com/n-orlov/deck/internal/hookrecv",""
"","0","TestCropDecorationsCarryDeckBackground/Stacked/cobalt","","Fri Sep 25 21:38:41 BST 2026","passed","Fri Sep 25 21:38:41 BST 2026","","github.com/n-orlov/deck/internal/tui","github.com/n-orlov/deck/internal/tui",""
"","60","TestReceiveHookAppliesOverAnyStaleSourceExceptStopped/UserPromptSubmit/from_waiting/via_probe","","Fri Sep 25 21:37:06 BST 2026","passed","Fri Sep 25 21:37:06 BST 2026","","github.com/n-orlov/deck/internal/hookrecv","github.com/n-orlov/deck/internal/hookrecv",""
"","120","TestResumeStillRefusesALeaseHeldByADifferentLiveOwner","","Fri Sep 25 21:37:44 BST 2026","passed","Fri Sep 25 21:37:44 BST 2026","","github.com/n-orlov/deck/internal/service","github.com/n-orlov/deck/internal/service",""
"","0","TestSortSessionsByOrderDispatchesOnConfiguredOrder/created","","Fri Sep 25 21:38:41 BST 2026","passed","Fri Sep 25 21:38:41 BST 2026","","github.com/n-orlov/deck/internal/tui","github.com/n-orlov/deck/internal/tui",""
"","0","TestDeckOwnedCellsCarryExplicitForegroundOnEveryBuiltin/daylight/settings_takeover","","Fri Sep 25 21:38:41 BST 2026","passed","Fri Sep 25 21:38:41 BST 2026","","github.com/n-orlov/deck/internal/tui","github.com/n-orlov/deck/internal/tui",""
"","0","TestSettingsFieldRowLabelIsHintValueIsText","","Fri Sep 25 21:38:41 BST 2026","passed","Fri Sep 25 21:38:41 BST 2026","","github.com/n-orlov/deck/internal/tui","github.com/n-orlov/deck/internal/tui",""
"","0","TestAcceptsOnlyDocumentedSandboxValues/rejects_none","","Fri Sep 25 21:36:33 BST 2026","passed","Fri Sep 25 21:36:33 BST 2026","","github.com/n-orlov/deck/cmd/fake-codex","github.com/n-orlov/deck/cmd/fake-codex",""
"","0","TestWheelDriftDDRaisesConfirmWithTargetVisible","","Fri Sep 25 21:38:41 BST 2026","passed","Fri Sep 25 21:38:41 BST 2026","","github.com/n-orlov/deck/internal/tui","github.com/n-orlov/deck/internal/tui",""
"","1570","TestFeatures/an_expired-TTL_lease_is_breakable_and_the_row_stays_usable","","Fri Sep 25 21:39:00 BST 2026","passed","Fri Sep 25 21:39:01 BST 2026","","github.com/n-orlov/deck/features","github.com/n-orlov/deck/features",""
"","60","TestDDOnAnArchivedRowIsReachableAndReapsCleanly","","Fri Sep 25 21:38:00 BST 2026","passed","Fri Sep 25 21:38:00 BST 2026","","github.com/n-orlov/deck/internal/store","github.com/n-orlov/deck/internal/store",""
"","0","TestSettingsFieldValueDisplayPerKind/string_synthetic_field","","Fri Sep 25 21:38:41 BST 2026","passed","Fri Sep 25 21:38:41 BST 2026","","github.com/n-orlov/deck/internal/tui","github.com/n-orlov/deck/internal/tui",""
"","60","TestPipeAndAngleBracketsPersistToUIStateNotConfigToml","","Fri Sep 25 21:38:41 BST 2026","passed","Fri Sep 25 21:38:41 BST 2026","","github.com/n-orlov/deck/internal/tui","github.com/n-orlov/deck/internal/tui",""
"","90","TestReceiveHookAppliesOverAnyStaleSourceExceptStopped/Notification/from_idle/via_probe","","Fri Sep 25 21:37:06 BST 2026","passed","Fri Sep 25 21:37:06 BST 2026","","github.com/n-orlov/deck/internal/hookrecv","github.com/n-orlov/deck/internal/hookrecv",""
"","643","`t` previews a theme live on the real list and reverts to the exact original colour on esc","","","passed","","","theme rendering end-to-end (requirement 49)","",""
"","0","TestConfigFileUIRecentCwdLimitAboveBoundsIsRejected","","Fri Sep 25 21:37:05 BST 2026","passed","Fri Sep 25 21:37:05 BST 2026","","github.com/n-orlov/deck/internal/config","github.com/n-orlov/deck/internal/config",""
"","0","TestSessionScopedKeysAreInertOnAHeader/dd","","Fri Sep 25 21:38:41 BST 2026","passed","Fri Sep 25 21:38:41 BST 2026","","github.com/n-orlov/deck/internal/tui","github.com/n-orlov/deck/internal/tui",""
"","2029","TestFeatures/a_built-in_theme_colours_each_of_the_seven_§7_status_tokens,_read_per_cell_from_a_real_client","","Fri Sep 25 21:39:00 BST 2026","passed","Fri Sep 25 21:39:02 BST 2026","","github.com/n-orlov/deck/features","github.com/n-orlov/deck/features",""
"","0","TestHookRulesAreStatedSomewhereAUserCanReach","","Fri Sep 25 21:38:41 BST 2026","passed","Fri Sep 25 21:38:41 BST 2026","","github.com/n-orlov/deck/internal/tui","github.com/n-orlov/deck/internal/tui",""
"","0","TestSessionsLoadedPreservesSelectionByIDAcrossSortOrderChange","","Fri Sep 25 21:38:41 BST 2026","passed","Fri Sep 25 21:38:41 BST 2026","","github.com/n-orlov/deck/internal/tui","github.com/n-orlov/deck/internal/tui",""
"","0","TestSeededUUIDsAreStableAndValid","","Fri Sep 25 21:37:05 BST 2026","passed","Fri Sep 25 21:37:05 BST 2026","","github.com/n-orlov/deck/internal/config","github.com/n-orlov/deck/internal/config",""
"","733","a directory's fingerprint is byte-for-byte and stat-for-stat identical to itself","","","passed","","","Godog harness wiring","",""
"","40","TestSendNamedKeyDeliversAltModifiedNavigationKeysByTmuxsOwnTranslation/M-F9","","Fri Sep 25 21:38:11 BST 2026","passed","Fri Sep 25 21:38:11 BST 2026","","github.com/n-orlov/deck/internal/tmux","github.com/n-orlov/deck/internal/tmux",""
"","1100","TestFeatures/a_leading_tilde_expands_for_scanning_without_being_rewritten_in_the_field","","Fri Sep 25 21:39:00 BST 2026","passed","Fri Sep 25 21:39:01 BST 2026","","github.com/n-orlov/deck/features","github.com/n-orlov/deck/features",""
"","10","TestSettingsSaveDoesNotApplyRestartToApplyFieldsLive/capture_min_interval","","Fri Sep 25 21:38:41 BST 2026","passed","Fri Sep 25 21:38:41 BST 2026","","github.com/n-orlov/deck/internal/tui","github.com/n-orlov/deck/internal/tui",""
"","0","TestPaneHookCommandRequiresInjectedOverrideEvenWhenTrusted","","Fri Sep 25 21:36:33 BST 2026","passed","Fri Sep 25 21:36:33 BST 2026","","github.com/n-orlov/deck/cmd/fake-codex","github.com/n-orlov/deck/cmd/fake-codex",""
"","2050","TestFeatures/a_plain_click_(no_drag)_over_the_interactive_preview_commits_no_selection_at_all","","Fri Sep 25 21:39:00 BST 2026","passed","Fri Sep 25 21:39:02 BST 2026","","github.com/n-orlov/deck/features","github.com/n-orlov/deck/features",""
"","0","TestEnvViewNoteIsError","","Fri Sep 25 21:38:41 BST 2026","passed","Fri Sep 25 21:38:41 BST 2026","","github.com/n-orlov/deck/internal/tui","github.com/n-orlov/deck/internal/tui",""
"","0","TestForeignPaintOffIsByteIdentical","","Fri Sep 25 21:38:41 BST 2026","passed","Fri Sep 25 21:38:41 BST 2026","","github.com/n-orlov/deck/internal/tui","github.com/n-orlov/deck/internal/tui",""
"","0","TestDeckOwnedCellsCarryExplicitForegroundOnEveryBuiltin/empire/empty_store","","Fri Sep 25 21:38:41 BST 2026","passed","Fri Sep 25 21:38:41 BST 2026","","github.com/n-orlov/deck/internal/tui","github.com/n-orlov/deck/internal/tui",""
"","0","TestConfigFileUIAsciiTrue","","Fri Sep 25 21:37:05 BST 2026","passed","Fri Sep 25 21:37:05 BST 2026","","github.com/n-orlov/deck/internal/config","github.com/n-orlov/deck/internal/config",""
"","100","TestReceiveHookAppliesOverAnyStaleSourceExceptStopped/SessionStart/from_idle/via_hook","","Fri Sep 25 21:37:06 BST 2026","passed","Fri Sep 25 21:37:06 BST 2026","","github.com/n-orlov/deck/internal/hookrecv","github.com/n-orlov/deck/internal/hookrecv",""
"","1814","the running status token colours the running status word","","","passed","","","the seven §7 status tokens colour the sidebar's status word (task 014)","",""
"","0","TestInteractiveBodyLinesPrependsAnnouncementOnlyWhenGridIsBlank","","Fri Sep 25 21:38:41 BST 2026","passed","Fri Sep 25 21:38:41 BST 2026","","github.com/n-orlov/deck/internal/tui","github.com/n-orlov/deck/internal/tui",""
"","637","migrate an older supported database","","","passed","","","Durable SQLite store","",""
"","60","TestFoldUnfoldHeaderWithZeroTotalSessions/persists_when_a_store_is_attached","","Fri Sep 25 21:38:41 BST 2026","passed","Fri Sep 25 21:38:41 BST 2026","","github.com/n-orlov/deck/internal/tui","github.com/n-orlov/deck/internal/tui",""
"","0","TestArchiveConfirmNoteIsError","","Fri Sep 25 21:38:41 BST 2026","passed","Fri Sep 25 21:38:41 BST 2026","","github.com/n-orlov/deck/internal/tui","github.com/n-orlov/deck/internal/tui",""
"","30","TestSendKeysConsumesExactlyOneTrailingSemicolonOneCase","","Fri Sep 25 21:38:11 BST 2026","passed","Fri Sep 25 21:38:11 BST 2026","","github.com/n-orlov/deck/internal/tmux","github.com/n-orlov/deck/internal/tmux",""
"","0","TestDeleteUndoNoteStaysWithinFrameBudgetAtEveryLayoutMode/single-delete-undo/collapsed","","Fri Sep 25 21:38:41 BST 2026","passed","Fri Sep 25 21:38:41 BST 2026","","github.com/n-orlov/deck/internal/tui","github.com/n-orlov/deck/internal/tui",""
"","0","TestPendingSelectSessionIDScrollsIntoView","","Fri Sep 25 21:38:41 BST 2026","passed","Fri Sep 25 21:38:41 BST 2026","","github.com/n-orlov/deck/internal/tui","github.com/n-orlov/deck/internal/tui",""
"","0","TestUndoToastBudgetHoldsAcrossSizes/60x20","","Fri Sep 25 21:38:41 BST 2026","passed","Fri Sep 25 21:38:41 BST 2026","","github.com/n-orlov/deck/internal/tui","github.com/n-orlov/deck/internal/tui",""
"","830","TestFeatures/the_frame-budget_check_is_discriminating,_not_a_check_that_always_passes","","Fri Sep 25 21:39:00 BST 2026","passed","Fri Sep 25 21:39:00 BST 2026","","github.com/n-orlov/deck/features","github.com/n-orlov/deck/features",""
"","120","TestCreateShellPersistsPostDestroyDurably","","Fri Sep 25 21:37:44 BST 2026","passed","Fri Sep 25 21:37:44 BST 2026","","github.com/n-orlov/deck/internal/service","github.com/n-orlov/deck/internal/service",""
"","0","TestViewportFollowsC","","Fri Sep 25 21:38:41 BST 2026","passed","Fri Sep 25 21:38:41 BST 2026","","github.com/n-orlov/deck/internal/tui","github.com/n-orlov/deck/internal/tui",""
"","2180","TestFeatures/an_unknown_conversation_id_keeps_the_row_as_a_retained,_explained_error","","Fri Sep 25 21:39:00 BST 2026","passed","Fri Sep 25 21:39:02 BST 2026","","github.com/n-orlov/deck/features","github.com/n-orlov/deck/features",""
"","120","TestEnterInteractiveRecordsAttachment","","Fri Sep 25 21:38:41 BST 2026","passed","Fri Sep 25 21:38:41 BST 2026","","github.com/n-orlov/deck/internal/tui","github.com/n-orlov/deck/internal/tui",""
"","0","TestSlugContainsOnlyTmuxSafeASCII","","Fri Sep 25 21:38:00 BST 2026","passed","Fri Sep 25 21:38:00 BST 2026","","github.com/n-orlov/deck/internal/store","github.com/n-orlov/deck/internal/store",""
"","60","TestOpenInitializesPrivateV1WALStore","","Fri Sep 25 21:38:00 BST 2026","passed","Fri Sep 25 21:38:00 BST 2026","","github.com/n-orlov/deck/internal/store","github.com/n-orlov/deck/internal/store",""
"","60","TestSupersededLaunchGenerationDropsTheWholeHookClass/Stop/hook_carries_no_token","","Fri Sep 25 21:37:06 BST 2026","passed","Fri Sep 25 21:37:06 BST 2026","","github.com/n-orlov/deck/internal/hookrecv","github.com/n-orlov/deck/internal/hookrecv",""
"","0","TestLessByActivityStableOrdersMostRecentFirst","","Fri Sep 25 21:38:41 BST 2026","passed","Fri Sep 25 21:38:41 BST 2026","","github.com/n-orlov/deck/internal/tui","github.com/n-orlov/deck/internal/tui",""
"","1170","TestFeatures/A_runs_the_teardown_hook_once,_and_its_own_undo_leaves_the_row_stopped_with_no_second_run","","Fri Sep 25 21:39:00 BST 2026","passed","Fri Sep 25 21:39:01 BST 2026","","github.com/n-orlov/deck/features","github.com/n-orlov/deck/features",""
"","60","TestTombstonedNameHoldersAndSessionRowExists","","Fri Sep 25 21:38:00 BST 2026","passed","Fri Sep 25 21:38:00 BST 2026","","github.com/n-orlov/deck/internal/store","github.com/n-orlov/deck/internal/store",""
"","0","TestComputeLayoutPinnedFallsBackWithoutOverwritingPin","","Fri Sep 25 21:38:41 BST 2026","passed","Fri Sep 25 21:38:41 BST 2026","","github.com/n-orlov/deck/internal/tui","github.com/n-orlov/deck/internal/tui",""
"","0","TestPreviewBodyLinesNoLivePaneStates/error_shows_crash_tail_headed_as_last_output_before_exit","","Fri Sep 25 21:38:41 BST 2026","passed","Fri Sep 25 21:38:41 BST 2026","","github.com/n-orlov/deck/internal/tui","github.com/n-orlov/deck/internal/tui",""
"","30","TestForceClaimWindowOwnershipConfirmReadLosesToACompetingWriter","","Fri Sep 25 21:38:11 BST 2026","passed","Fri Sep 25 21:38:11 BST 2026","","github.com/n-orlov/deck/internal/tmux","github.com/n-orlov/deck/internal/tmux",""
"","0","TestUnarchiveKeyActsOnAnArchivedRowFoundThroughTheFilter","","Fri Sep 25 21:38:41 BST 2026","passed","Fri Sep 25 21:38:41 BST 2026","","github.com/n-orlov/deck/internal/tui","github.com/n-orlov/deck/internal/tui",""
"","990","TestScenarioHarnessSharesIsolationAndCleansUp","","Fri Sep 25 21:36:35 BST 2026","passed","Fri Sep 25 21:36:35 BST 2026","","github.com/n-orlov/deck/features","github.com/n-orlov/deck/features",""
"","880","TestFeatures/a_built-in_theme_colours_border_focus/border,_selection/selection_idle,_title,_group_and_key/hint_chrome,_read_per_cell_from_a_real_client","","Fri Sep 25 21:39:00 BST 2026","passed","Fri Sep 25 21:39:00 BST 2026","","github.com/n-orlov/deck/features","github.com/n-orlov/deck/features",""
"","990","TestMouseReportingDisabledOnSignalledExit","","Fri Sep 25 21:36:35 BST 2026","passed","Fri Sep 25 21:36:35 BST 2026","","github.com/n-orlov/deck/features","github.com/n-orlov/deck/features",""
"","1237","default_group_first renders the implicit default group first instead of last, without disturbing alphabetical order among the rest","","","passed","","","SPEC §11's group navigation and order (Phase 4c Tier 1+2 -- GH #31, #32, #33, #34)","",""
"","716","migrate a v1 database in place without recreating a session row","","","passed","","","Durable SQLite store","",""
"","1960","Shift+PgUp reaches output the pane printed before deck entered interactive mode","","","passed","","","Interactive mode's own bounded scrollback (Part II, requirement 51)","",""
"","940","Session end performs one write and no subsequent work","","","passed","","","Hook receiver write contract","",""
"","190","TestStolenFromExitInteractiveTouchesNeitherOptionNorGeometry","","Fri Sep 25 21:38:41 BST 2026","passed","Fri Sep 25 21:38:41 BST 2026","","github.com/n-orlov/deck/internal/tui","github.com/n-orlov/deck/internal/tui",""
"","60","TestReceiveCodexFiveEvents/PermissionRequest_apply_patch","","Fri Sep 25 21:37:06 BST 2026","passed","Fri Sep 25 21:37:06 BST 2026","","github.com/n-orlov/deck/internal/hookrecv","github.com/n-orlov/deck/internal/hookrecv",""
"","70","TestReceiveHookAppliesOverAnyStaleSourceExceptStopped/Stop/from_running/via_hook","","Fri Sep 25 21:37:06 BST 2026","passed","Fri Sep 25 21:37:06 BST 2026","","github.com/n-orlov/deck/internal/hookrecv","github.com/n-orlov/deck/internal/hookrecv",""
"","130","TestDeleteFailingPostDestroyIsFailOpenAndTombstoneRecorded","","Fri Sep 25 21:37:44 BST 2026","passed","Fri Sep 25 21:37:44 BST 2026","","github.com/n-orlov/deck/internal/service","github.com/n-orlov/deck/internal/service",""
"","250","TestStalledGridWriteNeverBlocksRenderRows","","Fri Sep 25 21:37:23 BST 2026","passed","Fri Sep 25 21:37:23 BST 2026","","github.com/n-orlov/deck/internal/interactive","github.com/n-orlov/deck/internal/interactive",""
"","0","TestFilterFrameBudgetAccountsForTheStatusLine/side-by-side","","Fri Sep 25 21:38:41 BST 2026","passed","Fri Sep 25 21:38:41 BST 2026","","github.com/n-orlov/deck/internal/tui","github.com/n-orlov/deck/internal/tui",""
"","110","TestReversedRestoreOrderLeavesWindowPinned","","Fri Sep 25 21:38:11 BST 2026","passed","Fri Sep 25 21:38:11 BST 2026","","github.com/n-orlov/deck/internal/tmux","github.com/n-orlov/deck/internal/tmux",""
"","0","TestPinDialogNotOfferedForShell","","Fri Sep 25 21:38:41 BST 2026","passed","Fri Sep 25 21:38:41 BST 2026","","github.com/n-orlov/deck/internal/tui","github.com/n-orlov/deck/internal/tui",""
"","80","TestListSessionsIncludingArchivedKeepsArchivedAndDropsTombstoned","","Fri Sep 25 21:38:00 BST 2026","passed","Fri Sep 25 21:38:00 BST 2026","","github.com/n-orlov/deck/internal/store","github.com/n-orlov/deck/internal/store",""
"","70","TestScrollableOverlaysScrollOneLineWithJK","","Fri Sep 25 21:38:41 BST 2026","passed","Fri Sep 25 21:38:41 BST 2026","","github.com/n-orlov/deck/internal/tui","github.com/n-orlov/deck/internal/tui",""
"","40","TestSendNamedKeyDeliversAltModifiedNavigationKeysByTmuxsOwnTranslation/S-M-Left","","Fri Sep 25 21:38:11 BST 2026","passed","Fri Sep 25 21:38:11 BST 2026","","github.com/n-orlov/deck/internal/tmux","github.com/n-orlov/deck/internal/tmux",""
"","0","TestDetailFieldLabelsAreHintValuesAreText","","Fri Sep 25 21:38:41 BST 2026","passed","Fri Sep 25 21:38:41 BST 2026","","github.com/n-orlov/deck/internal/tui","github.com/n-orlov/deck/internal/tui",""
"","0","TestSetSelectionStaysInBoundsAndFlushAtTheListEnds","","Fri Sep 25 21:38:41 BST 2026","passed","Fri Sep 25 21:38:41 BST 2026","","github.com/n-orlov/deck/internal/tui","github.com/n-orlov/deck/internal/tui",""
"","937","a secret-shaped key's value in a payload never reaches the event log's screen grid","","","passed","","","The E event log: newest first, kind/reason/bounded payload, masked env (I-9, task 124)","",""
"","0","TestEveryLiteralSendUsesDashLDashDash","","Fri Sep 25 21:38:11 BST 2026","passed","Fri Sep 25 21:38:11 BST 2026","","github.com/n-orlov/deck/internal/tmux","github.com/n-orlov/deck/internal/tmux",""
"","1022","a fake agent renders a preview fixture once and then falls silent #7","","","passed","","","Godog harness wiring","",""
"","880","TestFeatures/an_empty_name_defaults_to_<workspace>-<MMDD-HHMM>_from_the_frozen_clock","","Fri Sep 25 21:39:00 BST 2026","passed","Fri Sep 25 21:39:00 BST 2026","","github.com/n-orlov/deck/features","github.com/n-orlov/deck/features",""
"","550","TestReleasedDeckHookIsOneShotAndDoesNotBootstrapStateOrTmux","","Fri Sep 25 21:36:22 BST 2026","passed","Fri Sep 25 21:36:22 BST 2026","","github.com/n-orlov/deck/cmd/deck","github.com/n-orlov/deck/cmd/deck",""
"","0","TestGroupOrderDefaultAlwaysLastRegardlessOfEmptyStringSortingFirst","","Fri Sep 25 21:38:41 BST 2026","passed","Fri Sep 25 21:38:41 BST 2026","","github.com/n-orlov/deck/internal/tui","github.com/n-orlov/deck/internal/tui",""
"","2002","the waiting status token colours the waiting status word","","","passed","","","the seven §7 status tokens colour the sidebar's status word (task 014)","",""
"","0","TestCropPreviewBottomLeftPreservesColourEscapes","","Fri Sep 25 21:38:41 BST 2026","passed","Fri Sep 25 21:38:41 BST 2026","","github.com/n-orlov/deck/internal/tui","github.com/n-orlov/deck/internal/tui",""
"","0","TestReapRefusesEmptySessionID","","Fri Sep 25 21:37:44 BST 2026","passed","Fri Sep 25 21:37:44 BST 2026","","github.com/n-orlov/deck/internal/service","github.com/n-orlov/deck/internal/service",""
"","40","TestSendNamedKeyDeliversModifiedNavigationKeysByTmuxsOwnTranslation/C-PgUp","","Fri Sep 25 21:38:11 BST 2026","passed","Fri Sep 25 21:38:11 BST 2026","","github.com/n-orlov/deck/internal/tmux","github.com/n-orlov/deck/internal/tmux",""
"","0","TestEnvViewClosingHintKeysAreKeyToken","","Fri Sep 25 21:38:41 BST 2026","passed","Fri Sep 25 21:38:41 BST 2026","","github.com/n-orlov/deck/internal/tui","github.com/n-orlov/deck/internal/tui",""
"","0","TestForeignPaintPassesNonSGRSequencesThrough","","Fri Sep 25 21:38:41 BST 2026","passed","Fri Sep 25 21:38:41 BST 2026","","github.com/n-orlov/deck/internal/tui","github.com/n-orlov/deck/internal/tui",""
"","720","TestFeatures/esc_with_an_unsaved_change_prompts_to_discard,_and_discarding_leaves_config.toml_exactly_as_it_was","","Fri Sep 25 21:39:00 BST 2026","passed","Fri Sep 25 21:39:00 BST 2026","","github.com/n-orlov/deck/features","github.com/n-orlov/deck/features",""
"","70","TestFreshClientAtThirdSizeGovernsWindowAfterExit","","Fri Sep 25 21:38:11 BST 2026","passed","Fri Sep 25 21:38:11 BST 2026","","github.com/n-orlov/deck/internal/tmux","github.com/n-orlov/deck/internal/tmux",""
"","1043","the dd confirm dialog width saturates at 80 well past the upper clamp","","","passed","","","Undo toast after x, and the dd delete/tombstone chord","",""
"","0","TestEnvViewEditPromptAndSubmitLineVisibleWhenListOverflows","","Fri Sep 25 21:38:41 BST 2026","passed","Fri Sep 25 21:38:41 BST 2026","","github.com/n-orlov/deck/internal/tui","github.com/n-orlov/deck/internal/tui",""
"","0","TestThemedDialogTokensClearContrastFloor","","Fri Sep 25 21:38:10 BST 2026","passed","Fri Sep 25 21:38:10 BST 2026","","github.com/n-orlov/deck/internal/theme","github.com/n-orlov/deck/internal/theme",""
"","1200","TestFeatures//_filters_the_list_down_to_the_one_row_whose_name_matches","","Fri Sep 25 21:39:00 BST 2026","passed","Fri Sep 25 21:39:01 BST 2026","","github.com/n-orlov/deck/features","github.com/n-orlov/deck/features",""
"","0","TestViewportFollowsG","","Fri Sep 25 21:38:41 BST 2026","passed","Fri Sep 25 21:38:41 BST 2026","","github.com/n-orlov/deck/internal/tui","github.com/n-orlov/deck/internal/tui",""
"","0","TestCrashTailStripsControlsAndKeepsLast200Lines","","Fri Sep 25 21:37:44 BST 2026","passed","Fri Sep 25 21:37:44 BST 2026","","github.com/n-orlov/deck/internal/service","github.com/n-orlov/deck/internal/service",""
"","0","TestTranscriptPathForUsesActualServerEnvironmentNotObserverAmbient/no-override-falls-through-to-the-actual-server-not-the-observer","","Fri Sep 25 21:38:41 BST 2026","passed","Fri Sep 25 21:38:41 BST 2026","","github.com/n-orlov/deck/internal/tui","github.com/n-orlov/deck/internal/tui",""
"","0","TestDetailDialogNamesTheSessionsGroupBeforeThePickerOpens/named_group","","Fri Sep 25 21:38:41 BST 2026","passed","Fri Sep 25 21:38:41 BST 2026","","github.com/n-orlov/deck/internal/tui","github.com/n-orlov/deck/internal/tui",""
"","80","TestSupersededLaunchGenerationDropsTheWholeHookClass/UserPromptSubmit/row_carries_no_token,_hook_does","","Fri Sep 25 21:37:06 BST 2026","passed","Fri Sep 25 21:37:06 BST 2026","","github.com/n-orlov/deck/internal/hookrecv","github.com/n-orlov/deck/internal/hookrecv",""
"","0","TestSettingsSchemaParity_EveryFlatKeyIsReachable","","Fri Sep 25 21:38:41 BST 2026","passed","Fri Sep 25 21:38:41 BST 2026","","github.com/n-orlov/deck/internal/tui","github.com/n-orlov/deck/internal/tui",""
"","1781","entering interactive mode swaps the two panels' border tokens and the sidebar's selected row to selection_idle","","","passed","","","Interactive mode's focus indicator is unmistakable, including under NO_COLOR (Part II, requirement 44)","",""
"","820","TestFeatures/the_emulator_reads_foreground,_background,_bold,_dim_and_reverse_from_raw_SGR_bytes","","Fri Sep 25 21:39:00 BST 2026","passed","Fri Sep 25 21:39:00 BST 2026","","github.com/n-orlov/deck/features","github.com/n-orlov/deck/features",""
"","60","TestReceiveCodexFiveEvents/SessionEnd","","Fri Sep 25 21:37:06 BST 2026","passed","Fri Sep 25 21:37:06 BST 2026","","github.com/n-orlov/deck/internal/hookrecv","github.com/n-orlov/deck/internal/hookrecv",""
"","2350","TestFeatures/typing_while_scrolled_back_snaps_the_view_back_to_the_live_bottom","","Fri Sep 25 21:39:00 BST 2026","passed","Fri Sep 25 21:39:02 BST 2026","","github.com/n-orlov/deck/features","github.com/n-orlov/deck/features",""
"","740","TestFeatures/a_built-in_and_a_user_theme_paint_genuinely_different_colours_at_the_same_token,_proving_the_pinning_step_is_not_a_no-op","","Fri Sep 25 21:39:00 BST 2026","passed","Fri Sep 25 21:39:00 BST 2026","","github.com/n-orlov/deck/features","github.com/n-orlov/deck/features",""
"","60","TestSettingsGroupsEscOffersNoDiscardPrompt","","Fri Sep 25 21:38:41 BST 2026","passed","Fri Sep 25 21:38:41 BST 2026","","github.com/n-orlov/deck/internal/tui","github.com/n-orlov/deck/internal/tui",""
"","0","TestProbeGoldenPaneCorpus/claude/idle.txt","","Fri Sep 25 21:37:05 BST 2026","passed","Fri Sep 25 21:37:05 BST 2026","","github.com/n-orlov/deck/internal/agent","github.com/n-orlov/deck/internal/agent",""
"","0","TestAcceptsOnlyDocumentedSandboxValues/rejects_full-access","","Fri Sep 25 21:36:33 BST 2026","passed","Fri Sep 25 21:36:33 BST 2026","","github.com/n-orlov/deck/cmd/fake-codex","github.com/n-orlov/deck/cmd/fake-codex",""
"","700","TestFeatures/the_[env]_table_states_its_restart-to-apply_scope_on_screen","","Fri Sep 25 21:39:00 BST 2026","passed","Fri Sep 25 21:39:00 BST 2026","","github.com/n-orlov/deck/features","github.com/n-orlov/deck/features",""
"","60","TestSupersededLaunchGenerationDropsTheWholeHookClass/SessionStart/hook_carries_no_token","","Fri Sep 25 21:37:06 BST 2026","passed","Fri Sep 25 21:37:06 BST 2026","","github.com/n-orlov/deck/internal/hookrecv","github.com/n-orlov/deck/internal/hookrecv",""
"","0","TestEveryEntryRefusalKindDrawsItsOwnBannerNotTheFooter/row_floor","","Fri Sep 25 21:38:41 BST 2026","passed","Fri Sep 25 21:38:41 BST 2026","","github.com/n-orlov/deck/internal/tui","github.com/n-orlov/deck/internal/tui",""
"","1300","TestFeatures/a_failing_teardown_hook_never_blocks_dd,_and_its_failure_lands_durably_in_the_event_log","","Fri Sep 25 21:39:00 BST 2026","passed","Fri Sep 25 21:39:01 BST 2026","","github.com/n-orlov/deck/features","github.com/n-orlov/deck/features",""
"","0","TestSettingsStringEditingSwallowsNavigationRunes","","Fri Sep 25 21:38:41 BST 2026","passed","Fri Sep 25 21:38:41 BST 2026","","github.com/n-orlov/deck/internal/tui","github.com/n-orlov/deck/internal/tui",""
"","0","TestDiscoverRealTmux","","Fri Sep 25 21:38:11 BST 2026","passed","Fri Sep 25 21:38:11 BST 2026","","github.com/n-orlov/deck/internal/tmux","github.com/n-orlov/deck/internal/tmux",""
"","0","TestGridContainsFindsPlainAndStyledTextButNotAcrossRows","","Fri Sep 25 21:37:23 BST 2026","passed","Fri Sep 25 21:37:23 BST 2026","","github.com/n-orlov/deck/internal/interactive","github.com/n-orlov/deck/internal/interactive",""
"","910","TestFeatures/An_uncontended_hook_store_write_stays_below_twenty_milliseconds","","Fri Sep 25 21:39:00 BST 2026","passed","Fri Sep 25 21:39:00 BST 2026","","github.com/n-orlov/deck/features","github.com/n-orlov/deck/features",""
"","0","TestEmptyStateAndPressNCopyLiveInsideSidebarAt80x24","","Fri Sep 25 21:38:41 BST 2026","passed","Fri Sep 25 21:38:41 BST 2026","","github.com/n-orlov/deck/internal/tui","github.com/n-orlov/deck/internal/tui",""
"","0","TestLiveErrorRowFooterAndHandlersAgree/r","","Fri Sep 25 21:38:41 BST 2026","passed","Fri Sep 25 21:38:41 BST 2026","","github.com/n-orlov/deck/internal/tui","github.com/n-orlov/deck/internal/tui",""
"","0","TestArchivePurgeAndRefusalMessagesStayWithinFrameBudgetAtEveryLayoutMode/Cannot_kill:_session_is_already_stopped/stacked","","Fri Sep 25 21:38:41 BST 2026","passed","Fri Sep 25 21:38:41 BST 2026","","github.com/n-orlov/deck/internal/tui","github.com/n-orlov/deck/internal/tui",""
"","0","TestCropDecorationsCarryDeckBackground/SideBySide/matrix","","Fri Sep 25 21:38:41 BST 2026","passed","Fri Sep 25 21:38:41 BST 2026","","github.com/n-orlov/deck/internal/tui","github.com/n-orlov/deck/internal/tui",""
"","0","TestSettingsEnvEscCancelsEditWithoutStaging","","Fri Sep 25 21:38:41 BST 2026","passed","Fri Sep 25 21:38:41 BST 2026","","github.com/n-orlov/deck/internal/tui","github.com/n-orlov/deck/internal/tui",""
"","0","TestHookTrustGateFiresOnlyWhenBypassFlagIsPresent/trusted:_fires","","Fri Sep 25 21:36:33 BST 2026","passed","Fri Sep 25 21:36:33 BST 2026","","github.com/n-orlov/deck/cmd/fake-codex","github.com/n-orlov/deck/cmd/fake-codex",""
"","4100","TestFeatures/two_Codex_rows_in_one_directory_adopt_their_own_ids_and_report_a_real_approval","","Fri Sep 25 21:39:00 BST 2026","passed","Fri Sep 25 21:39:04 BST 2026","","github.com/n-orlov/deck/features","github.com/n-orlov/deck/features",""
"","0","TestBulkDeleteWithoutHookFailuresRaisesNoNote","","Fri Sep 25 21:38:41 BST 2026","passed","Fri Sep 25 21:38:41 BST 2026","","github.com/n-orlov/deck/internal/tui","github.com/n-orlov/deck/internal/tui",""
"","40","TestDragOverInteractivePreviewCopiesSelectedTextToTheNamedTmuxBuffer","","Fri Sep 25 21:38:41 BST 2026","passed","Fri Sep 25 21:38:41 BST 2026","","github.com/n-orlov/deck/internal/tui","github.com/n-orlov/deck/internal/tui",""
"","360","TestReceiveCodexFiveEvents","","Fri Sep 25 21:37:06 BST 2026","passed","Fri Sep 25 21:37:06 BST 2026","","github.com/n-orlov/deck/internal/hookrecv","github.com/n-orlov/deck/internal/hookrecv",""
"","0","TestDetailDistinguishesTotalProbeMissFromNoSignalYet","","Fri Sep 25 21:38:41 BST 2026","passed","Fri Sep 25 21:38:41 BST 2026","","github.com/n-orlov/deck/internal/tui","github.com/n-orlov/deck/internal/tui",""
"","0","TestClaude_Capabilities","","Fri Sep 25 21:37:05 BST 2026","passed","Fri Sep 25 21:37:05 BST 2026","","github.com/n-orlov/deck/internal/agent","github.com/n-orlov/deck/internal/agent",""
"","40","TestSendNamedKeyDeliversModifiedNavigationKeysByTmuxsOwnTranslation/S-Down","","Fri Sep 25 21:38:11 BST 2026","passed","Fri Sep 25 21:38:11 BST 2026","","github.com/n-orlov/deck/internal/tmux","github.com/n-orlov/deck/internal/tmux",""
"","100","TestReceiveResolutionPrefersConversationThenUsesInjectedIdentity","","Fri Sep 25 21:37:06 BST 2026","passed","Fri Sep 25 21:37:06 BST 2026","","github.com/n-orlov/deck/internal/hookrecv","github.com/n-orlov/deck/internal/hookrecv",""
"","0","TestTruncateToWidthKeepsEscapeBytesItPassesOver","","Fri Sep 25 21:38:41 BST 2026","passed","Fri Sep 25 21:38:41 BST 2026","","github.com/n-orlov/deck/internal/tui","github.com/n-orlov/deck/internal/tui",""
"","40","TestTerminalQueryInPaneOutputNeverStallsSession/dsr","","Fri Sep 25 21:37:23 BST 2026","passed","Fri Sep 25 21:37:23 BST 2026","","github.com/n-orlov/deck/internal/interactive","github.com/n-orlov/deck/internal/interactive",""
"","0","TestSessionStartNeverFiresAtLaunchOnlyAfterTheFirstPrompt/nothing_fires_at_launch","","Fri Sep 25 21:36:33 BST 2026","passed","Fri Sep 25 21:36:33 BST 2026","","github.com/n-orlov/deck/cmd/fake-codex","github.com/n-orlov/deck/cmd/fake-codex",""
"","1320","TestFeatures/reaping_a_deleted_session_removes_its_store_rows_and_deck's_own_per-session_files,_but_never_the_audit_log's_earlier_history","","Fri Sep 25 21:39:00 BST 2026","passed","Fri Sep 25 21:39:01 BST 2026","","github.com/n-orlov/deck/features","github.com/n-orlov/deck/features",""
"","60","TestCreateSessionResolvesGroupNameOnReturnNotJustOnReread","","Fri Sep 25 21:38:00 BST 2026","passed","Fri Sep 25 21:38:00 BST 2026","","github.com/n-orlov/deck/internal/store","github.com/n-orlov/deck/internal/store",""
"","190","TestThemedDialogsDegradeCleanlyUnderNoColorAndASCII","","Fri Sep 25 21:38:41 BST 2026","passed","Fri Sep 25 21:38:41 BST 2026","","github.com/n-orlov/deck/internal/tui","github.com/n-orlov/deck/internal/tui",""
"","1030","a same-named file never becomes a ghost candidate","","","passed","","","The create modal's §11.7 directory-only ghost completion (requirement 14)","",""
"","960","TestFeatures/tab_completes_to_the_longest_common_prefix_when_that_advances_the_text","","Fri Sep 25 21:39:00 BST 2026","passed","Fri Sep 25 21:39:00 BST 2026","","github.com/n-orlov/deck/features","github.com/n-orlov/deck/features",""
"","1010","TestFeatures/end_also_accepts_the_ghosted_completion","","Fri Sep 25 21:39:00 BST 2026","passed","Fri Sep 25 21:39:01 BST 2026","","github.com/n-orlov/deck/features","github.com/n-orlov/deck/features",""
"","0","TestApplyDialogContractCoreKeys/space_falls_through_unhandled_when_SpaceTypesText_says_so","","Fri Sep 25 21:38:41 BST 2026","passed","Fri Sep 25 21:38:41 BST 2026","","github.com/n-orlov/deck/internal/tui","github.com/n-orlov/deck/internal/tui",""
"","0","TestLessByCreatedStableOrdersNewestFirst","","Fri Sep 25 21:38:41 BST 2026","passed","Fri Sep 25 21:38:41 BST 2026","","github.com/n-orlov/deck/internal/tui","github.com/n-orlov/deck/internal/tui",""
"","0","TestGroupOrderDefaultFirstFlagTrueMovesStructuralDefaultAloneToFront","","Fri Sep 25 21:38:41 BST 2026","passed","Fri Sep 25 21:38:41 BST 2026","","github.com/n-orlov/deck/internal/tui","github.com/n-orlov/deck/internal/tui",""
"","0","TestDeckOwnedCellsCarryExplicitForegroundOnEveryBuiltin/matrix/create_dialog","","Fri Sep 25 21:38:41 BST 2026","passed","Fri Sep 25 21:38:41 BST 2026","","github.com/n-orlov/deck/internal/tui","github.com/n-orlov/deck/internal/tui",""
"","80","TestReceiveHookAppliesOverAnyStaleSourceExceptStopped/StopFailure/from_idle/via_tmux","","Fri Sep 25 21:37:06 BST 2026","passed","Fri Sep 25 21:37:06 BST 2026","","github.com/n-orlov/deck/internal/hookrecv","github.com/n-orlov/deck/internal/hookrecv",""
"","1668","the alternating surface stripe fills every content column on both lines of a non-selected row","","","passed","","","A selected/striped sidebar row's background fills a real rectangle, and the seam stays clear (requirement 58, task 323)","",""
"","0","TestRequireRealClaudeHookFieldsIsStrictAboutUpstreamContract","","Fri Sep 25 21:36:35 BST 2026","passed","Fri Sep 25 21:36:35 BST 2026","","github.com/n-orlov/deck/features","github.com/n-orlov/deck/features",""
"","100","TestArchiveSessionRejectsMissingSession","","Fri Sep 25 21:38:00 BST 2026","passed","Fri Sep 25 21:38:00 BST 2026","","github.com/n-orlov/deck/internal/store","github.com/n-orlov/deck/internal/store",""
"","0","TestBuildSeedWrapFlagControlsSubsequentLineWrap","","Fri Sep 25 21:37:23 BST 2026","passed","Fri Sep 25 21:37:23 BST 2026","","github.com/n-orlov/deck/internal/interactive","github.com/n-orlov/deck/internal/interactive",""
"","180","TestSessionContextEnvAcrossAdaptersAndLaunchPaths/claude","","Fri Sep 25 21:37:44 BST 2026","passed","Fri Sep 25 21:37:44 BST 2026","","github.com/n-orlov/deck/internal/service","github.com/n-orlov/deck/internal/service",""
"","0","TestSidebarGutterMarkedUnselectedRowIsBadgeWithCheck/ascii","","Fri Sep 25 21:38:41 BST 2026","passed","Fri Sep 25 21:38:41 BST 2026","","github.com/n-orlov/deck/internal/tui","github.com/n-orlov/deck/internal/tui",""
"","110","TestRenderCoalescerFiresAtMostOncePerIntervalRegardlessOfDirtyCallCount","","Fri Sep 25 21:37:23 BST 2026","passed","Fri Sep 25 21:37:23 BST 2026","","github.com/n-orlov/deck/internal/interactive","github.com/n-orlov/deck/internal/interactive",""
"","0","TestLiveErrorRowFooterAndHandlersAgree/x","","Fri Sep 25 21:38:41 BST 2026","passed","Fri Sep 25 21:38:41 BST 2026","","github.com/n-orlov/deck/internal/tui","github.com/n-orlov/deck/internal/tui",""
"","10","TestScrollableOverlaysScrollOneLineWithJK/help_overlay","","Fri Sep 25 21:38:41 BST 2026","passed","Fri Sep 25 21:38:41 BST 2026","","github.com/n-orlov/deck/internal/tui","github.com/n-orlov/deck/internal/tui",""
"","793","the config-file-content assertion fails on a mismatch","","","passed","","","Godog harness wiring","",""
"","990","TestFeatures/d_followed_by_any_other_key_performs_no_destructive_action","","Fri Sep 25 21:39:00 BST 2026","passed","Fri Sep 25 21:39:00 BST 2026","","github.com/n-orlov/deck/features","github.com/n-orlov/deck/features",""
"","0","TestPi_LaunchAndResumeUseSessionID/safe/resume","","Fri Sep 25 21:37:05 BST 2026","passed","Fri Sep 25 21:37:05 BST 2026","","github.com/n-orlov/deck/internal/agent","github.com/n-orlov/deck/internal/agent",""
"","10","TestNoPrefixSpecialCasingInImplementation","","Fri Sep 25 21:37:23 BST 2026","passed","Fri Sep 25 21:37:23 BST 2026","","github.com/n-orlov/deck/internal/interactive","github.com/n-orlov/deck/internal/interactive",""
"","0","TestComputeLayoutSidebarWidthDefault","","Fri Sep 25 21:38:41 BST 2026","passed","Fri Sep 25 21:38:41 BST 2026","","github.com/n-orlov/deck/internal/tui","github.com/n-orlov/deck/internal/tui",""
"","320","TestPaneSeedStateReadsEachNonDefaultFieldFromARealPane/keypad_cursor_flag","","Fri Sep 25 21:38:11 BST 2026","passed","Fri Sep 25 21:38:11 BST 2026","","github.com/n-orlov/deck/internal/tmux","github.com/n-orlov/deck/internal/tmux",""
"","0","TestWheelStillScrollsTheSidebarWithNoOverlayOpen","","Fri Sep 25 21:38:41 BST 2026","passed","Fri Sep 25 21:38:41 BST 2026","","github.com/n-orlov/deck/internal/tui","github.com/n-orlov/deck/internal/tui",""
"","0","TestRenameViewFocusedFieldGetsSelectionBackground","","Fri Sep 25 21:38:41 BST 2026","passed","Fri Sep 25 21:38:41 BST 2026","","github.com/n-orlov/deck/internal/tui","github.com/n-orlov/deck/internal/tui",""
"","0","TestCreateViewValidationMessageIsError","","Fri Sep 25 21:38:41 BST 2026","passed","Fri Sep 25 21:38:41 BST 2026","","github.com/n-orlov/deck/internal/tui","github.com/n-orlov/deck/internal/tui",""
"","1429","reaping a deleted session leaves its adversarially-seeded cwd fingerprint unchanged","","","passed","","","Undo toast after x, and the dd delete/tombstone chord","",""
"","120","TestResumeAdoptsAlreadyRunningTMuxSessionInsteadOfDuplicateError","","Fri Sep 25 21:37:44 BST 2026","passed","Fri Sep 25 21:37:44 BST 2026","","github.com/n-orlov/deck/internal/service","github.com/n-orlov/deck/internal/service",""
"","727","a bare emulator's overflow by height or by width fails the frame-budget check","","","passed","","","Godog harness wiring","",""
"","0","TestNextAttentionSelectionWrapsAndSkipsInvisible","","Fri Sep 25 21:38:41 BST 2026","passed","Fri Sep 25 21:38:41 BST 2026","","github.com/n-orlov/deck/internal/tui","github.com/n-orlov/deck/internal/tui",""
"","2857","scrolling the interactive grid's own scrollback never flips the session's badge, and the probe reads the pane's live bottom, not the scrolled-back view","","","passed","","","Interactive mode's own bounded scrollback (Part II, requirement 51)","",""
"","0","TestSettingsFooterCarriesDeckBackground/cobalt/normal","","Fri Sep 25 21:38:41 BST 2026","passed","Fri Sep 25 21:38:41 BST 2026","","github.com/n-orlov/deck/internal/tui","github.com/n-orlov/deck/internal/tui",""
"","1160","TestFeatures/with_nothing_installed_the_Agent_field_offers_only_shell","","Fri Sep 25 21:39:00 BST 2026","passed","Fri Sep 25 21:39:01 BST 2026","","github.com/n-orlov/deck/features","github.com/n-orlov/deck/features",""
"","0","TestDeckOwnedCellsCarryExplicitForegroundOnEveryBuiltin/cobalt/theme_picker_over_the_live_list","","Fri Sep 25 21:38:41 BST 2026","passed","Fri Sep 25 21:38:41 BST 2026","","github.com/n-orlov/deck/internal/tui","github.com/n-orlov/deck/internal/tui",""
"","2370","TestFeatures/the_lost-attach_dialog_swallows_j,_dd_and_x","","Fri Sep 25 21:39:00 BST 2026","passed","Fri Sep 25 21:39:02 BST 2026","","github.com/n-orlov/deck/features","github.com/n-orlov/deck/features",""
"","0","TestDriftEndingKeysBringSelectionBackIntoView/key=""R""","","Fri Sep 25 21:38:41 BST 2026","passed","Fri Sep 25 21:38:41 BST 2026","","github.com/n-orlov/deck/internal/tui","github.com/n-orlov/deck/internal/tui",""
"","130","TestInteractiveScrollOffsetHealsOnTheNextUpdateWithNoRenderInBetween","","Fri Sep 25 21:38:41 BST 2026","passed","Fri Sep 25 21:38:41 BST 2026","","github.com/n-orlov/deck/internal/tui","github.com/n-orlov/deck/internal/tui",""
"","614","the settings takeover's plain footer paints deck background across its whole row","","","passed","","","The settings takeover's own footer carries deck's background token in every mode (requirement 118, task cure-03-01)","",""
"","0","TestPendingDeleteIndicatorStaysWithinFrameBudgetAtEveryLayoutMode/single-row/auto","","Fri Sep 25 21:38:41 BST 2026","passed","Fri Sep 25 21:38:41 BST 2026","","github.com/n-orlov/deck/internal/tui","github.com/n-orlov/deck/internal/tui",""
"","10","TestNoLiveCapturePreviewInteriorCarriesDeckBackgroundStacked","","Fri Sep 25 21:38:41 BST 2026","passed","Fri Sep 25 21:38:41 BST 2026","","github.com/n-orlov/deck/internal/tui","github.com/n-orlov/deck/internal/tui",""
"","2420","B's refused enter shows the banner, and B's own F clears it (task 009)","","","passed","","","Forced entry into interactive mode answers a waiting row","",""
"","50","TestReceiveHookAppliesOverAnyStaleSourceExceptStopped/StopFailure/from_error/via_user","","Fri Sep 25 21:37:06 BST 2026","passed","Fri Sep 25 21:37:06 BST 2026","","github.com/n-orlov/deck/internal/hookrecv","github.com/n-orlov/deck/internal/hookrecv",""
"","0","TestLiveErrorRowFooterAndHandlersAgree/a","","Fri Sep 25 21:38:41 BST 2026","passed","Fri Sep 25 21:38:41 BST 2026","","github.com/n-orlov/deck/internal/tui","github.com/n-orlov/deck/internal/tui",""
"","1160","TestFeatures/a_malformed_env_entry_names_the_offending_entry_and_keeps_the_modal_open","","Fri Sep 25 21:39:00 BST 2026","passed","Fri Sep 25 21:39:01 BST 2026","","github.com/n-orlov/deck/features","github.com/n-orlov/deck/features",""
"","340","TestStartupContinuationDrainsTombstoneBacklogThroughProductionWiring","","Fri Sep 25 21:36:22 BST 2026","passed","Fri Sep 25 21:36:22 BST 2026","","github.com/n-orlov/deck/cmd/deck","github.com/n-orlov/deck/cmd/deck",""
"","60","TestPurgeRemovesExactlyTheDeclaredPathAndIsANoOpOnEmpty","","Fri Sep 25 21:37:44 BST 2026","passed","Fri Sep 25 21:37:44 BST 2026","","github.com/n-orlov/deck/internal/service","github.com/n-orlov/deck/internal/service",""
"","0","TestHookHelpCopyIsAccurateAboutEvalAndFailClosedTimeout","","Fri Sep 25 21:38:41 BST 2026","passed","Fri Sep 25 21:38:41 BST 2026","","github.com/n-orlov/deck/internal/tui","github.com/n-orlov/deck/internal/tui",""
"","0","TestWriteOSCClipboardBestEffortEmitsTheStandardEscapeSequence","","Fri Sep 25 21:38:41 BST 2026","passed","Fri Sep 25 21:38:41 BST 2026","","github.com/n-orlov/deck/internal/tui","github.com/n-orlov/deck/internal/tui",""
"","0","TestGutterBarContrastFloor","","Fri Sep 25 21:38:10 BST 2026","passed","Fri Sep 25 21:38:10 BST 2026","","github.com/n-orlov/deck/internal/theme","github.com/n-orlov/deck/internal/theme",""
"","1210","TestFeatures/settings_offers_clearing_the_recent-directory_history,_and_clearing_it_costs_only_the_prefill,_never_a_session","","Fri Sep 25 21:39:00 BST 2026","passed","Fri Sep 25 21:39:01 BST 2026","","github.com/n-orlov/deck/features","github.com/n-orlov/deck/features",""
"","0","TestNoFeatureFileUsesTheI16RedDemoStep","","Fri Sep 25 21:36:35 BST 2026","passed","Fri Sep 25 21:36:35 BST 2026","","github.com/n-orlov/deck/features","github.com/n-orlov/deck/features",""
"","60","TestCreateSessionDefaultsLaunchArgsAndEnvToEmptyNotNull","","Fri Sep 25 21:38:00 BST 2026","passed","Fri Sep 25 21:38:00 BST 2026","","github.com/n-orlov/deck/internal/store","github.com/n-orlov/deck/internal/store",""
"","30","TestCreateSurvivesInstantExitEnvironmentMirroring","","Fri Sep 25 21:38:11 BST 2026","passed","Fri Sep 25 21:38:11 BST 2026","","github.com/n-orlov/deck/internal/tmux","github.com/n-orlov/deck/internal/tmux",""
"","0","TestArchiveKeyHandlerCallsTheFooterPredicateByName","","Fri Sep 25 21:38:41 BST 2026","passed","Fri Sep 25 21:38:41 BST 2026","","github.com/n-orlov/deck/internal/tui","github.com/n-orlov/deck/internal/tui",""
"","10","TestHelpKeysEntryKeycapRendersInKeyToken","","Fri Sep 25 21:38:41 BST 2026","passed","Fri Sep 25 21:38:41 BST 2026","","github.com/n-orlov/deck/internal/tui","github.com/n-orlov/deck/internal/tui",""
"","0","TestDeckOwnedCellsCarryExplicitForegroundOnEveryBuiltin/matrix/collapsed_sidebar_strip","","Fri Sep 25 21:38:41 BST 2026","passed","Fri Sep 25 21:38:41 BST 2026","","github.com/n-orlov/deck/internal/tui","github.com/n-orlov/deck/internal/tui",""
"","0","TestNavigationPrimitivesRespectGroupIDKeyedCollapse","","Fri Sep 25 21:38:41 BST 2026","passed","Fri Sep 25 21:38:41 BST 2026","","github.com/n-orlov/deck/internal/tui","github.com/n-orlov/deck/internal/tui",""
"","0","TestDriftEndingKeysBringSelectionBackIntoView/key=""up""","","Fri Sep 25 21:38:41 BST 2026","passed","Fri Sep 25 21:38:41 BST 2026","","github.com/n-orlov/deck/internal/tui","github.com/n-orlov/deck/internal/tui",""
"","938","u restores a deleted row inside its DECK_DELETE_GRACE_MS window","","","passed","","","Undo toast after x, and the dd delete/tombstone chord","",""
"","60","TestSettingsGroupsRenameLeavesMemberGroupIDsUntouched","","Fri Sep 25 21:38:41 BST 2026","passed","Fri Sep 25 21:38:41 BST 2026","","github.com/n-orlov/deck/internal/tui","github.com/n-orlov/deck/internal/tui",""
"","0","TestArchiveConfirmSuppressesTheBareLetterKeymap","","Fri Sep 25 21:38:41 BST 2026","passed","Fri Sep 25 21:38:41 BST 2026","","github.com/n-orlov/deck/internal/tui","github.com/n-orlov/deck/internal/tui",""
"","0","TestSidebarStripeAlternatesPerSessionBlockNotPerLine","","Fri Sep 25 21:38:41 BST 2026","passed","Fri Sep 25 21:38:41 BST 2026","","github.com/n-orlov/deck/internal/tui","github.com/n-orlov/deck/internal/tui",""
"","130","TestCaptureTransportNeverArmsPipePane","","Fri Sep 25 21:37:23 BST 2026","passed","Fri Sep 25 21:37:23 BST 2026","","github.com/n-orlov/deck/internal/interactive","github.com/n-orlov/deck/internal/interactive",""
"","1980","TestFeatures/the_archived_status_token_colours_the_archived_status_word","","Fri Sep 25 21:39:00 BST 2026","passed","Fri Sep 25 21:39:01 BST 2026","","github.com/n-orlov/deck/features","github.com/n-orlov/deck/features",""
"","0","TestHeaderSelectionCueOnAllFoldedAndEmptyGroupsSidebar/empty_groups","","Fri Sep 25 21:38:41 BST 2026","passed","Fri Sep 25 21:38:41 BST 2026","","github.com/n-orlov/deck/internal/tui","github.com/n-orlov/deck/internal/tui",""
"","0","TestSessionsReloadErrorRendersWithoutTmuxUnavailablePrefixOrInstallLine","","Fri Sep 25 21:38:41 BST 2026","passed","Fri Sep 25 21:38:41 BST 2026","","github.com/n-orlov/deck/internal/tui","github.com/n-orlov/deck/internal/tui",""
"","0","TestForeignPaintDefaultsToTheShippedContract","","Fri Sep 25 21:38:41 BST 2026","passed","Fri Sep 25 21:38:41 BST 2026","","github.com/n-orlov/deck/internal/tui","github.com/n-orlov/deck/internal/tui",""
"","838","a scenario pins a built-in theme by name via a config.toml it writes itself","","","passed","","","Godog harness wiring","",""
"","60","TestSupersededLaunchGenerationDropsTheWholeHookClass/SessionEnd/row_carries_no_token","","Fri Sep 25 21:37:06 BST 2026","passed","Fri Sep 25 21:37:06 BST 2026","","github.com/n-orlov/deck/internal/hookrecv","github.com/n-orlov/deck/internal/hookrecv",""
"","950","TestFeatures/A_on_a_non-stopped_session_offers_kill_and_archive_as_one_action_instead_of_refusing","","Fri Sep 25 21:39:00 BST 2026","passed","Fri Sep 25 21:39:00 BST 2026","","github.com/n-orlov/deck/features","github.com/n-orlov/deck/features",""
"","1550","TestFeatures/a_full_enter/exit_cycle_costs_exactly_two_SIGWINCH_with_a_client_attached_throughout","","Fri Sep 25 21:39:00 BST 2026","passed","Fri Sep 25 21:39:01 BST 2026","","github.com/n-orlov/deck/features","github.com/n-orlov/deck/features",""
"","0","TestArchivePurgeAndRefusalMessagesStayWithinFrameBudgetAtEveryLayoutMode/Deleted,_but_purge_failed:_no_such_file_or_directory/collapsed","","Fri Sep 25 21:38:41 BST 2026","passed","Fri Sep 25 21:38:41 BST 2026","","github.com/n-orlov/deck/internal/tui","github.com/n-orlov/deck/internal/tui",""
"","1013","SGR mouse reports are synthesized for click, double-click, wheel and drag","","","passed","","","Godog harness wiring","",""
"","0","TestDeckOwnedCellsCarryExplicitForegroundOnEveryBuiltin/matrix/help_overlay","","Fri Sep 25 21:38:41 BST 2026","passed","Fri Sep 25 21:38:41 BST 2026","","github.com/n-orlov/deck/internal/tui","github.com/n-orlov/deck/internal/tui",""
"","2250","TestFeatures/claude_maps_every_declared_permission_profile_to_its_own_argv","","Fri Sep 25 21:39:00 BST 2026","passed","Fri Sep 25 21:39:02 BST 2026","","github.com/n-orlov/deck/features","github.com/n-orlov/deck/features",""
"","0","TestThemedDialogTokensClearContrastFloor/daylight","","Fri Sep 25 21:38:10 BST 2026","passed","Fri Sep 25 21:38:10 BST 2026","","github.com/n-orlov/deck/internal/theme","github.com/n-orlov/deck/internal/theme",""
"","720","esc with an unsaved change prompts to discard, and discarding leaves config.toml exactly as it was","","","passed","","","The `,` settings takeover (requirement 48)","",""
"","0","TestForeignCanvasTokenDistinguishesAttachedFromUnattached","","Fri Sep 25 21:38:41 BST 2026","passed","Fri Sep 25 21:38:41 BST 2026","","github.com/n-orlov/deck/internal/tui","github.com/n-orlov/deck/internal/tui",""
"","220","TestOpenMigratesV1V2V3FixturesToRecentCwdsWithoutRecreatingSessionRow/fromV2","","Fri Sep 25 21:38:00 BST 2026","passed","Fri Sep 25 21:38:00 BST 2026","","github.com/n-orlov/deck/internal/store","github.com/n-orlov/deck/internal/store",""
"","80","TestReceiveHookAppliesOverAnyStaleSourceExceptStopped/SessionStart/from_stopped/via_tmux","","Fri Sep 25 21:37:06 BST 2026","passed","Fri Sep 25 21:37:06 BST 2026","","github.com/n-orlov/deck/internal/hookrecv","github.com/n-orlov/deck/internal/hookrecv",""
"","30","TestFooterFixedSetMatchesSpecAndExcludesRareKeys","","Fri Sep 25 21:38:41 BST 2026","passed","Fri Sep 25 21:38:41 BST 2026","","github.com/n-orlov/deck/internal/tui","github.com/n-orlov/deck/internal/tui",""
"","1040","TestFeatures/the_second_d_opens_a_confirm_dialog_naming_what_survives,_esc_cancels_leaving_the_row_untombstoned","","Fri Sep 25 21:39:00 BST 2026","passed","Fri Sep 25 21:39:01 BST 2026","","github.com/n-orlov/deck/features","github.com/n-orlov/deck/features",""
"","60","TestStatusTransitionAppliesPrecedenceAcknowledgementAndEpochAtomically","","Fri Sep 25 21:38:00 BST 2026","passed","Fri Sep 25 21:38:00 BST 2026","","github.com/n-orlov/deck/internal/store","github.com/n-orlov/deck/internal/store",""
"","1550","TestFeatures/A_pane-fired_hook_cannot_revive_a_process-crash_terminal_row","","Fri Sep 25 21:39:00 BST 2026","passed","Fri Sep 25 21:39:01 BST 2026","","github.com/n-orlov/deck/features","github.com/n-orlov/deck/features",""
"","60","TestCreateSessionIsTargetedAndEnforcesNameAndSlugUniqueness","","Fri Sep 25 21:38:00 BST 2026","passed","Fri Sep 25 21:38:00 BST 2026","","github.com/n-orlov/deck/internal/store","github.com/n-orlov/deck/internal/store",""
"","0","TestClickSidebarRowSelectsAndEntersInteractiveNeverCallsAttachSelected","","Fri Sep 25 21:38:41 BST 2026","passed","Fri Sep 25 21:38:41 BST 2026","","github.com/n-orlov/deck/internal/tui","github.com/n-orlov/deck/internal/tui",""
"","50","TestSendNamedKeyDeliversAltModifiedNavigationKeysByTmuxsOwnTranslation/C-M-PgUp","","Fri Sep 25 21:38:11 BST 2026","passed","Fri Sep 25 21:38:11 BST 2026","","github.com/n-orlov/deck/internal/tmux","github.com/n-orlov/deck/internal/tmux",""
"","100","TestPickCreateAgentFallsBackWhenLastUsedIsUnavailable","","Fri Sep 25 21:38:41 BST 2026","passed","Fri Sep 25 21:38:41 BST 2026","","github.com/n-orlov/deck/internal/tui","github.com/n-orlov/deck/internal/tui",""
"","0","TestThemedDialogsDegradeCleanlyUnderNoColorAndASCII/bulk_delete_confirm/with_a_failure_note","","Fri Sep 25 21:38:41 BST 2026","passed","Fri Sep 25 21:38:41 BST 2026","","github.com/n-orlov/deck/internal/tui","github.com/n-orlov/deck/internal/tui",""
"","80","TestSessionFallsBackToPassiveCaptureWhenPipeIsDisplaced","","Fri Sep 25 21:37:23 BST 2026","passed","Fri Sep 25 21:37:23 BST 2026","","github.com/n-orlov/deck/internal/interactive","github.com/n-orlov/deck/internal/interactive",""
"","80","TestCreateAgentGlobalPreLaunchRunsBeforeSessionPreLaunchAndAgent","","Fri Sep 25 21:37:44 BST 2026","passed","Fri Sep 25 21:37:44 BST 2026","","github.com/n-orlov/deck/internal/service","github.com/n-orlov/deck/internal/service",""
"","60","TestReceiveHookAppliesOverAnyStaleSourceExceptStopped/StopFailure/from_error/via_probe","","Fri Sep 25 21:37:06 BST 2026","passed","Fri Sep 25 21:37:06 BST 2026","","github.com/n-orlov/deck/internal/hookrecv","github.com/n-orlov/deck/internal/hookrecv",""
"","0","TestDeckOwnedCellsCarryExplicitForegroundOnEveryBuiltin/cobalt/filter_in_force","","Fri Sep 25 21:38:41 BST 2026","passed","Fri Sep 25 21:38:41 BST 2026","","github.com/n-orlov/deck/internal/tui","github.com/n-orlov/deck/internal/tui",""
"","0","TestFooterKeyLegendReflectsEligibility/live_agent_row:_P_and_p_stay_out_of_the_footer_even_though_the_agent_has_them","","Fri Sep 25 21:38:41 BST 2026","passed","Fri Sep 25 21:38:41 BST 2026","","github.com/n-orlov/deck/internal/tui","github.com/n-orlov/deck/internal/tui",""
"","0","TestBareQWhileDetailOpenQuitsInsteadOfNoOp","","Fri Sep 25 21:38:41 BST 2026","passed","Fri Sep 25 21:38:41 BST 2026","","github.com/n-orlov/deck/internal/tui","github.com/n-orlov/deck/internal/tui",""
"","70","TestReleaseLaunchLeaseRejectsMissingArguments","","Fri Sep 25 21:38:00 BST 2026","passed","Fri Sep 25 21:38:00 BST 2026","","github.com/n-orlov/deck/internal/store","github.com/n-orlov/deck/internal/store",""
"","0","TestCapturedPaneCropMarkerCarriesDeckBackground/SideBySide","","Fri Sep 25 21:38:41 BST 2026","passed","Fri Sep 25 21:38:41 BST 2026","","github.com/n-orlov/deck/internal/tui","github.com/n-orlov/deck/internal/tui",""
"","60","TestReceiveMappingTable/API_failure","","Fri Sep 25 21:37:06 BST 2026","passed","Fri Sep 25 21:37:06 BST 2026","","github.com/n-orlov/deck/internal/hookrecv","github.com/n-orlov/deck/internal/hookrecv",""
"","70","TestReceiveCodexFiveEvents/SessionStart","","Fri Sep 25 21:37:06 BST 2026","passed","Fri Sep 25 21:37:06 BST 2026","","github.com/n-orlov/deck/internal/hookrecv","github.com/n-orlov/deck/internal/hookrecv",""
"","0","TestEntryRefusalBannerGoldenIsByteIdentical","","Fri Sep 25 21:38:41 BST 2026","passed","Fri Sep 25 21:38:41 BST 2026","","github.com/n-orlov/deck/internal/tui","github.com/n-orlov/deck/internal/tui",""
"","0","TestSettingsEscWithNoChangesClosesWithoutPrompting","","Fri Sep 25 21:38:41 BST 2026","passed","Fri Sep 25 21:38:41 BST 2026","","github.com/n-orlov/deck/internal/tui","github.com/n-orlov/deck/internal/tui",""
"","50","TestEnterInteractiveDrawsBannerForRealContentionHolders/owned_elsewhere","","Fri Sep 25 21:38:41 BST 2026","passed","Fri Sep 25 21:38:41 BST 2026","","github.com/n-orlov/deck/internal/tui","github.com/n-orlov/deck/internal/tui",""
"","0","TestProbeGoldenPaneCorpus/codex/idle.txt","","Fri Sep 25 21:37:05 BST 2026","passed","Fri Sep 25 21:37:05 BST 2026","","github.com/n-orlov/deck/internal/agent","github.com/n-orlov/deck/internal/agent",""
"","430","TestRespawnPaneChangesOnlyPanePID","","Fri Sep 25 21:38:11 BST 2026","passed","Fri Sep 25 21:38:11 BST 2026","","github.com/n-orlov/deck/internal/tmux","github.com/n-orlov/deck/internal/tmux",""
"","60","TestReceiveHookAppliesOverAnyStaleSourceExceptStopped/UserPromptSubmit/from_waiting/via_tmux","","Fri Sep 25 21:37:06 BST 2026","passed","Fri Sep 25 21:37:06 BST 2026","","github.com/n-orlov/deck/internal/hookrecv","github.com/n-orlov/deck/internal/hookrecv",""
"","0","TestBuiltinsHaveOneDarkOneLight","","Fri Sep 25 21:38:10 BST 2026","passed","Fri Sep 25 21:38:10 BST 2026","","github.com/n-orlov/deck/internal/theme","github.com/n-orlov/deck/internal/theme",""
"","110","TestReconcileRepairSpendsCrashVerdictOnLivePane","","Fri Sep 25 21:37:44 BST 2026","passed","Fri Sep 25 21:37:44 BST 2026","","github.com/n-orlov/deck/internal/service","github.com/n-orlov/deck/internal/service",""
"","890","TestFeatures/the_mouse_cannot_cancel_the_takeover,_attach_the_session_it_covers,_or_change_the_selected_session_while_it_is_open_(requirement_24)","","Fri Sep 25 21:39:00 BST 2026","passed","Fri Sep 25 21:39:00 BST 2026","","github.com/n-orlov/deck/features","github.com/n-orlov/deck/features",""
"","0","TestPendingSelectSessionIDRespectsActiveFilter","","Fri Sep 25 21:38:41 BST 2026","passed","Fri Sep 25 21:38:41 BST 2026","","github.com/n-orlov/deck/internal/tui","github.com/n-orlov/deck/internal/tui",""
"","0","TestCodex_InstrumentEncodesInlineHooksNoIO","","Fri Sep 25 21:37:05 BST 2026","passed","Fri Sep 25 21:37:05 BST 2026","","github.com/n-orlov/deck/internal/agent","github.com/n-orlov/deck/internal/agent",""
"","100","TestEntryRefusalClearsOnSuccessfulForce","","Fri Sep 25 21:38:41 BST 2026","passed","Fri Sep 25 21:38:41 BST 2026","","github.com/n-orlov/deck/internal/tui","github.com/n-orlov/deck/internal/tui",""
"","0","TestAcceptedClaudeFlagsProduceDeterministicTerminalRecord","","Fri Sep 25 21:36:32 BST 2026","passed","Fri Sep 25 21:36:32 BST 2026","","github.com/n-orlov/deck/cmd/fake-claude","github.com/n-orlov/deck/cmd/fake-claude",""
"","1710","TestFeatures/Ctrl+P/Ctrl+N_cycle_the_cwd_field_through_recent_cwds_history,_shell-history_style,_showing_""recent_N/M""","","Fri Sep 25 21:39:00 BST 2026","passed","Fri Sep 25 21:39:01 BST 2026","","github.com/n-orlov/deck/features","github.com/n-orlov/deck/features",""
"","40","TestSendNamedKeyDeliversAltModifiedNavigationKeysByTmuxsOwnTranslation/C-M-S-End","","Fri Sep 25 21:38:11 BST 2026","passed","Fri Sep 25 21:38:11 BST 2026","","github.com/n-orlov/deck/internal/tmux","github.com/n-orlov/deck/internal/tmux",""
"","20","TestClickInsideOverlayStillDoesNothing/help_overlay_(scrollable)","","Fri Sep 25 21:38:41 BST 2026","passed","Fri Sep 25 21:38:41 BST 2026","","github.com/n-orlov/deck/internal/tui","github.com/n-orlov/deck/internal/tui",""
"","60","TestSendNamedKeyDeliversModifiedNavigationKeysByTmuxsOwnTranslation/S-Home","","Fri Sep 25 21:38:11 BST 2026","passed","Fri Sep 25 21:38:11 BST 2026","","github.com/n-orlov/deck/internal/tmux","github.com/n-orlov/deck/internal/tmux",""
"","0","TestBulkKillActsOnMarkedSetSkipsAlreadyStoppedAndOneUndoRestoresTheBatch","","Fri Sep 25 21:38:41 BST 2026","passed","Fri Sep 25 21:38:41 BST 2026","","github.com/n-orlov/deck/internal/tui","github.com/n-orlov/deck/internal/tui",""
"","0","TestFooterHandlerAgreementAcrossEveryRowClass/archived/x","","Fri Sep 25 21:38:41 BST 2026","passed","Fri Sep 25 21:38:41 BST 2026","","github.com/n-orlov/deck/internal/tui","github.com/n-orlov/deck/internal/tui",""
"","0","TestCodex_NeverEmitsForbiddenFlags","","Fri Sep 25 21:37:05 BST 2026","passed","Fri Sep 25 21:37:05 BST 2026","","github.com/n-orlov/deck/internal/agent","github.com/n-orlov/deck/internal/agent",""
"","220","TestPaneSeedStateReadsDefaultState","","Fri Sep 25 21:38:11 BST 2026","passed","Fri Sep 25 21:38:11 BST 2026","","github.com/n-orlov/deck/internal/tmux","github.com/n-orlov/deck/internal/tmux",""
"","70","TestSupersededLaunchGenerationDropsTheWholeHookClass/StopFailure/hook_carries_no_token","","Fri Sep 25 21:37:06 BST 2026","passed","Fri Sep 25 21:37:06 BST 2026","","github.com/n-orlov/deck/internal/hookrecv","github.com/n-orlov/deck/internal/hookrecv",""
"","1000","TestThemeChangesAttributesButNotFrameGeometry/unicode","","Fri Sep 25 21:36:35 BST 2026","passed","Fri Sep 25 21:36:36 BST 2026","","github.com/n-orlov/deck/features","github.com/n-orlov/deck/features",""
"","150","TestInteractiveNotRepaintedNoticeCarriesDeckBackground/Stacked/cobalt","","Fri Sep 25 21:38:41 BST 2026","passed","Fri Sep 25 21:38:41 BST 2026","","github.com/n-orlov/deck/internal/tui","github.com/n-orlov/deck/internal/tui",""
"","1149","a fake agent renders a preview fixture once and then falls silent #2","","","passed","","","Godog harness wiring","",""
"","0","TestInvalidControlsAreRejected/DECK_CLOCK_STEP","","Fri Sep 25 21:37:05 BST 2026","passed","Fri Sep 25 21:37:05 BST 2026","","github.com/n-orlov/deck/internal/config","github.com/n-orlov/deck/internal/config",""
"","60","TestCure0105RestartNeverSelectsCollapsedRow","","Fri Sep 25 21:38:41 BST 2026","passed","Fri Sep 25 21:38:41 BST 2026","","github.com/n-orlov/deck/internal/tui","github.com/n-orlov/deck/internal/tui",""
"","30","TestTranscriptPathForUsesActualServerEnvironmentNotObserverAmbient","","Fri Sep 25 21:38:41 BST 2026","passed","Fri Sep 25 21:38:41 BST 2026","","github.com/n-orlov/deck/internal/tui","github.com/n-orlov/deck/internal/tui",""
"","2260","Shift+PgUp/PgDn scroll the interactive grid's own scrollback","","","passed","","","Interactive mode's own bounded scrollback (Part II, requirement 51)","",""
"","340","TestCapturePaneSeedAtomicMatchesSeparateStateAndBodyReads","","Fri Sep 25 21:38:11 BST 2026","passed","Fri Sep 25 21:38:11 BST 2026","","github.com/n-orlov/deck/internal/tmux","github.com/n-orlov/deck/internal/tmux",""
"","864","NO_COLOR changes only colour, never which cells carry deck's borders and text, on the same canvas-painted frame","","","passed","","","every built-in theme paints its own `background` token across the whole canvas, not just the row highlight (requirement 118, task 007)","",""
"","0","TestSettingsViewIncludesGlobalPreLaunchField","","Fri Sep 25 21:38:41 BST 2026","passed","Fri Sep 25 21:38:41 BST 2026","","github.com/n-orlov/deck/internal/tui","github.com/n-orlov/deck/internal/tui",""
"","30","TestSendNamedKeyDeliversAltModifiedNavigationKeysByTmuxsOwnTranslation/M-F3","","Fri Sep 25 21:38:11 BST 2026","passed","Fri Sep 25 21:38:11 BST 2026","","github.com/n-orlov/deck/internal/tmux","github.com/n-orlov/deck/internal/tmux",""
"","0","TestCodex_InstrumentEmitsGenerationEnvOnlyWhenLeaseHeld","","Fri Sep 25 21:37:05 BST 2026","passed","Fri Sep 25 21:37:05 BST 2026","","github.com/n-orlov/deck/internal/agent","github.com/n-orlov/deck/internal/agent",""
"","0","TestDriftEndingKeysBringSelectionBackIntoView/key=""enter""","","Fri Sep 25 21:38:41 BST 2026","passed","Fri Sep 25 21:38:41 BST 2026","","github.com/n-orlov/deck/internal/tui","github.com/n-orlov/deck/internal/tui",""
"","60","TestSettingsGroupDeleteArchivedOnlyGroupStillOpensPrompt","","Fri Sep 25 21:38:41 BST 2026","passed","Fri Sep 25 21:38:41 BST 2026","","github.com/n-orlov/deck/internal/tui","github.com/n-orlov/deck/internal/tui",""
"","0","TestBelowMinimumFrameStaysWithinBudget/79x40/resumeNote/wraps-at-w","","Fri Sep 25 21:38:41 BST 2026","passed","Fri Sep 25 21:38:41 BST 2026","","github.com/n-orlov/deck/internal/tui","github.com/n-orlov/deck/internal/tui",""
"","120","TestReconcileWithinBoundsAStalledTmuxCommand","","Fri Sep 25 21:37:44 BST 2026","passed","Fri Sep 25 21:37:44 BST 2026","","github.com/n-orlov/deck/internal/service","github.com/n-orlov/deck/internal/service",""
"","0","TestDetailFooterAndHelpBothNameGForGroupMove","","Fri Sep 25 21:38:41 BST 2026","passed","Fri Sep 25 21:38:41 BST 2026","","github.com/n-orlov/deck/internal/tui","github.com/n-orlov/deck/internal/tui",""
"","660","TestHomeAndEndEscapesMatchARealAttachedClientTypingTheSameKeys","","Fri Sep 25 21:38:11 BST 2026","passed","Fri Sep 25 21:38:11 BST 2026","","github.com/n-orlov/deck/internal/tmux","github.com/n-orlov/deck/internal/tmux",""
"","0","TestEntrySeedHistoryLinesIsZeroUnderTheCaptureTransport","","Fri Sep 25 21:37:23 BST 2026","passed","Fri Sep 25 21:37:23 BST 2026","","github.com/n-orlov/deck/internal/interactive","github.com/n-orlov/deck/internal/interactive",""
"","853","DECK_COLOR_DEPTH=16 changes only colour, never which cells carry deck's borders and text, on the same canvas-painted frame","","","passed","","","every built-in theme paints its own `background` token across the whole canvas, not just the row highlight (requirement 118, task 007)","",""
"","1673","a stale stopped row reports its new non-leasable verdict instead of a lease conflict","","","passed","","","Launch-lease stale/live breaking","",""
"","0","TestEnvEditorSubmitWithoutSetterStatesUnavailable","","Fri Sep 25 21:38:41 BST 2026","passed","Fri Sep 25 21:38:41 BST 2026","","github.com/n-orlov/deck/internal/tui","github.com/n-orlov/deck/internal/tui",""
"","0","TestLiveErrorRowFooterAndHandlersAgree/U","","Fri Sep 25 21:38:41 BST 2026","passed","Fri Sep 25 21:38:41 BST 2026","","github.com/n-orlov/deck/internal/tui","github.com/n-orlov/deck/internal/tui",""
"","2247","claude maps every declared permission profile to its own argv","","","passed","","","Permission profile mapping, degradation and the yolo gate","",""
"","0","TestBulkDeleteOpensConfirmForMarkedSetAndOneUndoRestoresTheBatch","","Fri Sep 25 21:38:41 BST 2026","passed","Fri Sep 25 21:38:41 BST 2026","","github.com/n-orlov/deck/internal/tui","github.com/n-orlov/deck/internal/tui",""
"","0","TestPi_PlanDegradesToSafeWithReason","","Fri Sep 25 21:37:05 BST 2026","passed","Fri Sep 25 21:37:05 BST 2026","","github.com/n-orlov/deck/internal/agent","github.com/n-orlov/deck/internal/agent",""
"","0","TestTranscriptPathForUsesActualServerEnvironmentNotObserverAmbient/config-override-wins-over-actual-server","","Fri Sep 25 21:38:41 BST 2026","passed","Fri Sep 25 21:38:41 BST 2026","","github.com/n-orlov/deck/internal/tui","github.com/n-orlov/deck/internal/tui",""
"","0","TestDriftEndingKeysBringSelectionBackIntoView/key=""down""","","Fri Sep 25 21:38:41 BST 2026","passed","Fri Sep 25 21:38:41 BST 2026","","github.com/n-orlov/deck/internal/tui","github.com/n-orlov/deck/internal/tui",""
"","0","TestArchiveConfirmOnAStoppedRowPromisesNoKill","","Fri Sep 25 21:38:41 BST 2026","passed","Fri Sep 25 21:38:41 BST 2026","","github.com/n-orlov/deck/internal/tui","github.com/n-orlov/deck/internal/tui",""
"","50","TestForeignBoundaryResetClosesRealTmuxCaptureUnderNoColor","","Fri Sep 25 21:38:41 BST 2026","passed","Fri Sep 25 21:38:41 BST 2026","","github.com/n-orlov/deck/internal/tui","github.com/n-orlov/deck/internal/tui",""
"","0","TestNoSendPathUsesSessionNameAsTargetIsNonVacuous","","Fri Sep 25 21:38:11 BST 2026","passed","Fri Sep 25 21:38:11 BST 2026","","github.com/n-orlov/deck/internal/tmux","github.com/n-orlov/deck/internal/tmux",""
"","0","TestSidebarGutterCellsNeverFallBackToCanvasForeground/empire","","Fri Sep 25 21:38:41 BST 2026","passed","Fri Sep 25 21:38:41 BST 2026","","github.com/n-orlov/deck/internal/tui","github.com/n-orlov/deck/internal/tui",""
"","1469","dd found through / tombstones an archived row, u returns it to the archived pool intact, and the reap removes it","","","passed","","","The / list filter: by name, group and cwd, and the route back to an archived row (I-10, task 123; re-aimed off workspace by task 015/R129 part 4)","",""
"","0","TestSettingsGroupsListLongerThanViewportKeepsSelectionAndEditorVisible/100x40/rename","","Fri Sep 25 21:38:41 BST 2026","passed","Fri Sep 25 21:38:41 BST 2026","","github.com/n-orlov/deck/internal/tui","github.com/n-orlov/deck/internal/tui",""
"","0","TestProbeGoldenPaneCorpus/codex/error.txt","","Fri Sep 25 21:37:05 BST 2026","passed","Fri Sep 25 21:37:05 BST 2026","","github.com/n-orlov/deck/internal/agent","github.com/n-orlov/deck/internal/agent",""
"","0","TestCreateModalMalformedLaunchArgsJSONMessage","","Fri Sep 25 21:38:41 BST 2026","passed","Fri Sep 25 21:38:41 BST 2026","","github.com/n-orlov/deck/internal/tui","github.com/n-orlov/deck/internal/tui",""
"","690","TestFeatures/the_chrome-compensated_fit_converges_on_a_split_window","","Fri Sep 25 21:39:00 BST 2026","passed","Fri Sep 25 21:39:00 BST 2026","","github.com/n-orlov/deck/features","github.com/n-orlov/deck/features",""
"","100","TestReceiveHookAppliesOverAnyStaleSourceExceptStopped/StopFailure/from_waiting/via_user","","Fri Sep 25 21:37:06 BST 2026","passed","Fri Sep 25 21:37:06 BST 2026","","github.com/n-orlov/deck/internal/hookrecv","github.com/n-orlov/deck/internal/hookrecv",""
"","140","TestResumeRelaunchesARowWhoseOnlyPaneIsARetainedCorpse","","Fri Sep 25 21:37:44 BST 2026","passed","Fri Sep 25 21:37:44 BST 2026","","github.com/n-orlov/deck/internal/service","github.com/n-orlov/deck/internal/service",""
"","0","TestPreviewBodyLinesNoLivePaneStates/starting_with_no_pane_yet_shows_a_one-line_placeholder_naming_starting","","Fri Sep 25 21:38:41 BST 2026","passed","Fri Sep 25 21:38:41 BST 2026","","github.com/n-orlov/deck/internal/tui","github.com/n-orlov/deck/internal/tui",""
"","0","TestFilterEnterKeepsQueryAppliedAndReturnsKeymap","","Fri Sep 25 21:38:41 BST 2026","passed","Fri Sep 25 21:38:41 BST 2026","","github.com/n-orlov/deck/internal/tui","github.com/n-orlov/deck/internal/tui",""
"","1220","TestFeatures/the_scan_instrument_finds_an_unmasked_control_value_on_screen_and_on_disk","","Fri Sep 25 21:39:00 BST 2026","passed","Fri Sep 25 21:39:01 BST 2026","","github.com/n-orlov/deck/features","github.com/n-orlov/deck/features",""
"","10","TestViewportWheelDriftIsNotPreservedAfterDown","","Fri Sep 25 21:38:41 BST 2026","passed","Fri Sep 25 21:38:41 BST 2026","","github.com/n-orlov/deck/internal/tui","github.com/n-orlov/deck/internal/tui",""
"","0","TestEveryLiteralSendUsesDashLDashDashIsNonVacuous","","Fri Sep 25 21:38:11 BST 2026","passed","Fri Sep 25 21:38:11 BST 2026","","github.com/n-orlov/deck/internal/tmux","github.com/n-orlov/deck/internal/tmux",""
"","1515","an agent remembered from a previous create falls back to shell, unlabelled, once it is no longer installed","","","passed","","","Nothing installed means the Agent field offers only shell (requirement 114)","",""
"","1230","driving every key the takeover binds leaves the session set untouched","","","passed","","","The `,` settings takeover (requirement 48)","",""
"","90","TestCreateAgentShellHasNoInstrumentation","","Fri Sep 25 21:37:44 BST 2026","passed","Fri Sep 25 21:37:44 BST 2026","","github.com/n-orlov/deck/internal/service","github.com/n-orlov/deck/internal/service",""
"","970","TestFeatures/a_fake_agent_records_its_initial_size_and_every_SIGWINCH-observed_size","","Fri Sep 25 21:39:00 BST 2026","passed","Fri Sep 25 21:39:00 BST 2026","","github.com/n-orlov/deck/features","github.com/n-orlov/deck/features",""
"","2170","TestFeatures/the_idle_status_token_colours_the_idle_status_word","","Fri Sep 25 21:39:00 BST 2026","passed","Fri Sep 25 21:39:02 BST 2026","","github.com/n-orlov/deck/features","github.com/n-orlov/deck/features",""
"","0","TestResolveUnknownNameFallsBackWithReason","","Fri Sep 25 21:38:10 BST 2026","passed","Fri Sep 25 21:38:10 BST 2026","","github.com/n-orlov/deck/internal/theme","github.com/n-orlov/deck/internal/theme",""
"","60","TestReceiveHookAppliesOverAnyStaleSourceExceptStopped/Stop/from_running/via_tmux","","Fri Sep 25 21:37:06 BST 2026","passed","Fri Sep 25 21:37:06 BST 2026","","github.com/n-orlov/deck/internal/hookrecv","github.com/n-orlov/deck/internal/hookrecv",""
"","2170","the idle status token colours the idle status word","","","passed","","","the seven §7 status tokens colour the sidebar's status word (task 014)","",""
"","0","TestNormalizeFrame/unfrozen_timestamp_and_just_now","","Fri Sep 25 21:36:35 BST 2026","passed","Fri Sep 25 21:36:35 BST 2026","","github.com/n-orlov/deck/features","github.com/n-orlov/deck/features",""
"","0","TestRejectsSessionIDAndFullAuto/--full-auto","","Fri Sep 25 21:36:33 BST 2026","passed","Fri Sep 25 21:36:33 BST 2026","","github.com/n-orlov/deck/cmd/fake-codex","github.com/n-orlov/deck/cmd/fake-codex",""
"","0","TestFingerprintDetectsMutations/mode_change","","Fri Sep 25 21:36:35 BST 2026","passed","Fri Sep 25 21:36:35 BST 2026","","github.com/n-orlov/deck/features","github.com/n-orlov/deck/features",""
"","0","TestCreateModalAgentFieldDerivesFromRegistry","","Fri Sep 25 21:38:41 BST 2026","passed","Fri Sep 25 21:38:41 BST 2026","","github.com/n-orlov/deck/internal/tui","github.com/n-orlov/deck/internal/tui",""
"","0","TestProbeGoldenPaneCorpus/claude/error.txt","","Fri Sep 25 21:37:05 BST 2026","passed","Fri Sep 25 21:37:05 BST 2026","","github.com/n-orlov/deck/internal/agent","github.com/n-orlov/deck/internal/agent",""
"","0","TestDeckOwnedCellsCarryExplicitForegroundOnEveryBuiltin/parchment/help_overlay","","Fri Sep 25 21:38:41 BST 2026","passed","Fri Sep 25 21:38:41 BST 2026","","github.com/n-orlov/deck/internal/tui","github.com/n-orlov/deck/internal/tui",""
"","0","TestClaudeTranscriptPathFindsRealFile","","Fri Sep 25 21:37:05 BST 2026","passed","Fri Sep 25 21:37:05 BST 2026","","github.com/n-orlov/deck/internal/agent","github.com/n-orlov/deck/internal/agent",""
"","100","TestReceiveHookAppliesOverAnyStaleSourceExceptStopped/Notification/from_starting/via_probe","","Fri Sep 25 21:37:06 BST 2026","passed","Fri Sep 25 21:37:06 BST 2026","","github.com/n-orlov/deck/internal/hookrecv","github.com/n-orlov/deck/internal/hookrecv",""
"","1020","TestFeatures/dd_(delete)_leaves_its_adversarially-seeded_cwd_fingerprint_unchanged","","Fri Sep 25 21:39:00 BST 2026","passed","Fri Sep 25 21:39:01 BST 2026","","github.com/n-orlov/deck/features","github.com/n-orlov/deck/features",""
"","100","TestReceiveHookAppliesOverAnyStaleSourceExceptStopped/Stop/from_stopped/via_tmux","","Fri Sep 25 21:37:06 BST 2026","passed","Fri Sep 25 21:37:06 BST 2026","","github.com/n-orlov/deck/internal/hookrecv","github.com/n-orlov/deck/internal/hookrecv",""
"","0","TestPendingSelectSessionIDIsOneShot","","Fri Sep 25 21:38:41 BST 2026","passed","Fri Sep 25 21:38:41 BST 2026","","github.com/n-orlov/deck/internal/tui","github.com/n-orlov/deck/internal/tui",""
"","600","TestFeatures/DECK_COLOR_DEPTH=16_renders_the_quantised_reference-palette_colour_for_a_real_client","","Fri Sep 25 21:39:00 BST 2026","passed","Fri Sep 25 21:39:00 BST 2026","","github.com/n-orlov/deck/features","github.com/n-orlov/deck/features",""
"","60","TestLostAttachDialogSwallowsListKeysAndReleasesOnEnter","","Fri Sep 25 21:38:41 BST 2026","passed","Fri Sep 25 21:38:41 BST 2026","","github.com/n-orlov/deck/internal/tui","github.com/n-orlov/deck/internal/tui",""
"","0","TestSideBySideFrameASCIIFallbackHasNoUnicodeBorders","","Fri Sep 25 21:38:41 BST 2026","passed","Fri Sep 25 21:38:41 BST 2026","","github.com/n-orlov/deck/internal/tui","github.com/n-orlov/deck/internal/tui",""
"","0","TestCodex_Capabilities","","Fri Sep 25 21:37:05 BST 2026","passed","Fri Sep 25 21:37:05 BST 2026","","github.com/n-orlov/deck/internal/agent","github.com/n-orlov/deck/internal/agent",""
"","140","TestCreateShellPaneCarriesSessionContextWithRowsOwnValues","","Fri Sep 25 21:37:44 BST 2026","passed","Fri Sep 25 21:37:44 BST 2026","","github.com/n-orlov/deck/internal/service","github.com/n-orlov/deck/internal/service",""
"","0","TestSessionAuditRequiresSessionID","","Fri Sep 25 21:37:05 BST 2026","passed","Fri Sep 25 21:37:05 BST 2026","","github.com/n-orlov/deck/internal/audit","github.com/n-orlov/deck/internal/audit",""
"","1110","TestCoalescedTwoKeystrokesWithNoDelayStillDispatchBoth","","Fri Sep 25 21:36:35 BST 2026","passed","Fri Sep 25 21:36:36 BST 2026","","github.com/n-orlov/deck/features","github.com/n-orlov/deck/features",""
"","70","TestTmuxDropsTheAltOnMBTabWhichIsWhyItIsAListedGap","","Fri Sep 25 21:38:11 BST 2026","passed","Fri Sep 25 21:38:11 BST 2026","","github.com/n-orlov/deck/internal/tmux","github.com/n-orlov/deck/internal/tmux",""
"","100","TestReceiveHookAppliesOverAnyStaleSourceExceptStopped/Stop/from_idle/via_hook","","Fri Sep 25 21:37:06 BST 2026","passed","Fri Sep 25 21:37:06 BST 2026","","github.com/n-orlov/deck/internal/hookrecv","github.com/n-orlov/deck/internal/hookrecv",""
"","1160","TestFeatures/the_""parchment""_built-in_theme's_background_token_fills_every_deck-owned_cell_of_the_frame,_pad_columns_past_a_short_row's_own_text_included","","Fri Sep 25 21:39:00 BST 2026","passed","Fri Sep 25 21:39:01 BST 2026","","github.com/n-orlov/deck/features","github.com/n-orlov/deck/features",""
"","0","TestSeamDragAdjustsSidebarWidthLive","","Fri Sep 25 21:38:41 BST 2026","passed","Fri Sep 25 21:38:41 BST 2026","","github.com/n-orlov/deck/internal/tui","github.com/n-orlov/deck/internal/tui",""
"","0","TestClaude_LaunchAndResumeArgv/safe/launch","","Fri Sep 25 21:37:05 BST 2026","passed","Fri Sep 25 21:37:05 BST 2026","","github.com/n-orlov/deck/internal/agent","github.com/n-orlov/deck/internal/agent",""
"","0","TestGroupSessionsBucketsByGroupKeyPreservingOrder","","Fri Sep 25 21:38:41 BST 2026","passed","Fri Sep 25 21:38:41 BST 2026","","github.com/n-orlov/deck/internal/tui","github.com/n-orlov/deck/internal/tui",""
"","0","TestPermissionAndStopRequireAPromptFirst/permission","","Fri Sep 25 21:36:33 BST 2026","passed","Fri Sep 25 21:36:33 BST 2026","","github.com/n-orlov/deck/cmd/fake-codex","github.com/n-orlov/deck/cmd/fake-codex",""
"","707","a tilde-prefixed working directory is accepted and resolved","","","passed","","","Tilde expansion in the create modal's working directory","",""
"","960","TestFeatures/several_matches_with_no_further_common_prefix_ghost_nothing_and_show_a_match_count","","Fri Sep 25 21:39:00 BST 2026","passed","Fri Sep 25 21:39:00 BST 2026","","github.com/n-orlov/deck/features","github.com/n-orlov/deck/features",""
"","0","TestSettingsGroupsListLongerThanViewportKeepsSelectionAndEditorVisible/80x24/create_rejected_name_keeps_the_validation_visible","","Fri Sep 25 21:38:41 BST 2026","passed","Fri Sep 25 21:38:41 BST 2026","","github.com/n-orlov/deck/internal/tui","github.com/n-orlov/deck/internal/tui",""
"","860","TestFeatures/a_real_deck_client's_frame_fits_its_own_terminal_at_several_sizes#02","","Fri Sep 25 21:39:00 BST 2026","passed","Fri Sep 25 21:39:00 BST 2026","","github.com/n-orlov/deck/features","github.com/n-orlov/deck/features",""
"","100","TestPreviewPressEntersInteractiveOnCurrentSelectionAndRecordsAttachment","","Fri Sep 25 21:38:41 BST 2026","passed","Fri Sep 25 21:38:41 BST 2026","","github.com/n-orlov/deck/internal/tui","github.com/n-orlov/deck/internal/tui",""
"","0","TestFooterLineSharesLineWithLongStatusReason/80_columns,_empty_list:_the_reason_goes_with_the_rows","","Fri Sep 25 21:38:41 BST 2026","passed","Fri Sep 25 21:38:41 BST 2026","","github.com/n-orlov/deck/internal/tui","github.com/n-orlov/deck/internal/tui",""
"","330","TestNaivePerLineResetVariantIsWrongInColour","","Fri Sep 25 21:37:23 BST 2026","passed","Fri Sep 25 21:37:23 BST 2026","","github.com/n-orlov/deck/internal/interactive","github.com/n-orlov/deck/internal/interactive",""
"","1040","TestFeatures/scrolling_over_the_passive_preview_panel_does_nothing","","Fri Sep 25 21:39:00 BST 2026","passed","Fri Sep 25 21:39:01 BST 2026","","github.com/n-orlov/deck/features","github.com/n-orlov/deck/features",""
"","1641","r on a terminal row whose tmux session already exists never reaches an error, however fast Reconcile's self-heal lands","","","passed","","","Status recovery chain (requirements 43-47)","",""
"","0","TestPaneFixtureCommandRejectsNamesOutsideCorpus","","Fri Sep 25 21:36:32 BST 2026","passed","Fri Sep 25 21:36:32 BST 2026","","github.com/n-orlov/deck/cmd/fake-claude","github.com/n-orlov/deck/cmd/fake-claude",""
"","10","TestWheelScrollsScrollableOverlaysByOneLine/help_overlay","","Fri Sep 25 21:38:41 BST 2026","passed","Fri Sep 25 21:38:41 BST 2026","","github.com/n-orlov/deck/internal/tui","github.com/n-orlov/deck/internal/tui",""
"","0","TestCreateModalYoloDefaultIsInertWithoutAllowYolo","","Fri Sep 25 21:38:41 BST 2026","passed","Fri Sep 25 21:38:41 BST 2026","","github.com/n-orlov/deck/internal/tui","github.com/n-orlov/deck/internal/tui",""
"","0","TestFingerprintDetectsMutations/symlink_target_swap","","Fri Sep 25 21:36:35 BST 2026","passed","Fri Sep 25 21:36:35 BST 2026","","github.com/n-orlov/deck/features","github.com/n-orlov/deck/features",""
"","60","TestEntryRefusalHolderCheckClearsWhenClientDetaches","","Fri Sep 25 21:38:41 BST 2026","passed","Fri Sep 25 21:38:41 BST 2026","","github.com/n-orlov/deck/internal/tui","github.com/n-orlov/deck/internal/tui",""
"","992","typing in the cwd field replaces the prefill wholesale rather than appending to it","","","passed","","","The create modal's §11.7 cwd prefill (requirement 12)","",""
"","40","TestSendNamedKeyDeliversModifiedNavigationKeysByTmuxsOwnTranslation/C-Down","","Fri Sep 25 21:38:11 BST 2026","passed","Fri Sep 25 21:38:11 BST 2026","","github.com/n-orlov/deck/internal/tmux","github.com/n-orlov/deck/internal/tmux",""
"","0","TestLiveErrorRowFooterAndHandlersAgree/R","","Fri Sep 25 21:38:41 BST 2026","passed","Fri Sep 25 21:38:41 BST 2026","","github.com/n-orlov/deck/internal/tui","github.com/n-orlov/deck/internal/tui",""
"","100","TestReceiveDoesNotReviveCleanStopOrProcessCrash/clean_stopped_row","","Fri Sep 25 21:37:06 BST 2026","passed","Fri Sep 25 21:37:06 BST 2026","","github.com/n-orlov/deck/internal/hookrecv","github.com/n-orlov/deck/internal/hookrecv",""
"","0","TestArchivePurgeAndRefusalMessagesStayWithinFrameBudgetAtEveryLayoutMode/Cannot_kill:_session_is_already_stopped/auto","","Fri Sep 25 21:38:41 BST 2026","passed","Fri Sep 25 21:38:41 BST 2026","","github.com/n-orlov/deck/internal/tui","github.com/n-orlov/deck/internal/tui",""
"","0","TestSettingsGroupsWindowKeepsSelectedBlockWhollyInsideCapacity","","Fri Sep 25 21:38:41 BST 2026","passed","Fri Sep 25 21:38:41 BST 2026","","github.com/n-orlov/deck/internal/tui","github.com/n-orlov/deck/internal/tui",""
"","0","TestSettingsEscDiscardConfirmedLeavesFileUnchanged","","Fri Sep 25 21:38:41 BST 2026","passed","Fri Sep 25 21:38:41 BST 2026","","github.com/n-orlov/deck/internal/tui","github.com/n-orlov/deck/internal/tui",""
"","310","TestEnforceEventRetentionDeletesOldOnesKeepingBoundaryAndRecentRows","","Fri Sep 25 21:38:00 BST 2026","passed","Fri Sep 25 21:38:00 BST 2026","","github.com/n-orlov/deck/internal/store","github.com/n-orlov/deck/internal/store",""
"","3210","TestFeatures/three_clients_racing_resume_on_one_row_produce_exactly_one_launch","","Fri Sep 25 21:39:00 BST 2026","passed","Fri Sep 25 21:39:03 BST 2026","","github.com/n-orlov/deck/features","github.com/n-orlov/deck/features",""
"","0","TestRejectsInvalidUUIDsUnknownFlagsAndModes/unknown_mode","","Fri Sep 25 21:36:32 BST 2026","passed","Fri Sep 25 21:36:32 BST 2026","","github.com/n-orlov/deck/cmd/fake-claude","github.com/n-orlov/deck/cmd/fake-claude",""
"","918","a confirmed archive says what happened and u puts the row back in the default list","","","passed","","","Undo toast after x, and the dd delete/tombstone chord","",""
"","180","TestThemedDialogsDegradeCleanlyUnderNoColorAndASCII/event_log","","Fri Sep 25 21:38:41 BST 2026","passed","Fri Sep 25 21:38:41 BST 2026","","github.com/n-orlov/deck/internal/tui","github.com/n-orlov/deck/internal/tui",""
"","1680","TestFeatures/r_resumes_the_selected_stopped_row_and_passive_preview_re-fits_away_from_tmux's_unfit_80x24_default","","Fri Sep 25 21:39:00 BST 2026","passed","Fri Sep 25 21:39:01 BST 2026","","github.com/n-orlov/deck/features","github.com/n-orlov/deck/features",""
"","0","TestEmptySidebarPressInListModeIsStillANoOp","","Fri Sep 25 21:38:41 BST 2026","passed","Fri Sep 25 21:38:41 BST 2026","","github.com/n-orlov/deck/internal/tui","github.com/n-orlov/deck/internal/tui",""
"","0","TestArchiveConfirmEscCancelsWithoutWritingAnything","","Fri Sep 25 21:38:41 BST 2026","passed","Fri Sep 25 21:38:41 BST 2026","","github.com/n-orlov/deck/internal/tui","github.com/n-orlov/deck/internal/tui",""
"","20","TestFooterHandlerAgreementAcrossEveryRowClass","","Fri Sep 25 21:38:41 BST 2026","passed","Fri Sep 25 21:38:41 BST 2026","","github.com/n-orlov/deck/internal/tui","github.com/n-orlov/deck/internal/tui",""
"","851","the cwd field pre-fills with the most recent recent_cwds entry, labelled ""last used""","","","passed","","","The create modal's §11.7 cwd prefill (requirement 12)","",""
"","0","TestNoPrefixSpecialCasingInImplementationIsNonVacuous","","Fri Sep 25 21:37:23 BST 2026","passed","Fri Sep 25 21:37:23 BST 2026","","github.com/n-orlov/deck/internal/interactive","github.com/n-orlov/deck/internal/interactive",""
"","0","TestProfileSwitchPersistsAndStatesRestartToApply","","Fri Sep 25 21:38:41 BST 2026","passed","Fri Sep 25 21:38:41 BST 2026","","github.com/n-orlov/deck/internal/tui","github.com/n-orlov/deck/internal/tui",""
"","1460","TestFeatures/an_error_row's_preview_shows_the_durable_crash_tail,_headed_by_copy_stating_it_is_not_live","","Fri Sep 25 21:39:00 BST 2026","passed","Fri Sep 25 21:39:01 BST 2026","","github.com/n-orlov/deck/features","github.com/n-orlov/deck/features",""
"","0","TestFooterHandlerAgreementCoversEveryEligibilityGatedFooterKey","","Fri Sep 25 21:38:41 BST 2026","passed","Fri Sep 25 21:38:41 BST 2026","","github.com/n-orlov/deck/internal/tui","github.com/n-orlov/deck/internal/tui",""
"","130","TestFitWindowToPaneUnpinnedHoldsTheSizeWithoutPinningTheWindow","","Fri Sep 25 21:38:11 BST 2026","passed","Fri Sep 25 21:38:11 BST 2026","","github.com/n-orlov/deck/internal/tmux","github.com/n-orlov/deck/internal/tmux",""
"","50","TestSendNamedKeyDeliversHomeAndEndByTmuxsOwnTranslationNotHandEncoded/Home","","Fri Sep 25 21:38:11 BST 2026","passed","Fri Sep 25 21:38:11 BST 2026","","github.com/n-orlov/deck/internal/tmux","github.com/n-orlov/deck/internal/tmux",""
"","60","TestClearEnvDirtyResetsFlagAndPersistsAcrossReopen","","Fri Sep 25 21:38:00 BST 2026","passed","Fri Sep 25 21:38:00 BST 2026","","github.com/n-orlov/deck/internal/store","github.com/n-orlov/deck/internal/store",""
"","545","old tmux is actionable","","","passed","","","Private tmux contract","",""
"","0","TestSettingsFooterUnderNoColorCarriesNoEscapes","","Fri Sep 25 21:38:41 BST 2026","passed","Fri Sep 25 21:38:41 BST 2026","","github.com/n-orlov/deck/internal/tui","github.com/n-orlov/deck/internal/tui",""
"","0","TestSeamStaysFocusedInInteractiveMode","","Fri Sep 25 21:38:41 BST 2026","passed","Fri Sep 25 21:38:41 BST 2026","","github.com/n-orlov/deck/internal/tui","github.com/n-orlov/deck/internal/tui",""
"","10","TestNoLiveCapturePreviewInteriorCarriesDeckBackgroundSideBySide","","Fri Sep 25 21:38:41 BST 2026","passed","Fri Sep 25 21:38:41 BST 2026","","github.com/n-orlov/deck/internal/tui","github.com/n-orlov/deck/internal/tui",""
"","0","TestColorTokenRespectsNoColor","","Fri Sep 25 21:38:41 BST 2026","passed","Fri Sep 25 21:38:41 BST 2026","","github.com/n-orlov/deck/internal/tui","github.com/n-orlov/deck/internal/tui",""
"","0","TestBelowMinimumFrameStaysWithinBudget/70x24/attachError/short","","Fri Sep 25 21:38:41 BST 2026","passed","Fri Sep 25 21:38:41 BST 2026","","github.com/n-orlov/deck/internal/tui","github.com/n-orlov/deck/internal/tui",""
"","60","TestReceiveHookAppliesOverAnyStaleSourceExceptStopped/SessionStart/from_running/via_tmux","","Fri Sep 25 21:37:06 BST 2026","passed","Fri Sep 25 21:37:06 BST 2026","","github.com/n-orlov/deck/internal/hookrecv","github.com/n-orlov/deck/internal/hookrecv",""
"","795","private server options, safe naming, and slug collisions","","","passed","","","Private tmux contract","",""
"","596","DECK_COLOR_DEPTH=16 renders the quantised reference-palette colour for a real client","","","passed","","","theme rendering end-to-end (requirement 49)","",""
"","2178","an unknown conversation id keeps the row as a retained, explained error","","","passed","","","Resume failure causes leave a retained, explained error row","",""
"","1910","TestScenarioHarnessTeardownReportsLeaks/surviving_child","","Fri Sep 25 21:36:35 BST 2026","passed","Fri Sep 25 21:36:36 BST 2026","","github.com/n-orlov/deck/features","github.com/n-orlov/deck/features",""
"","0","TestEveryGroupIndividuallyUnfoldableWithAllGroupsFolded","","Fri Sep 25 21:38:41 BST 2026","passed","Fri Sep 25 21:38:41 BST 2026","","github.com/n-orlov/deck/internal/tui","github.com/n-orlov/deck/internal/tui",""
"","0","TestListBadgesStatusSourceQuality","","Fri Sep 25 21:38:41 BST 2026","passed","Fri Sep 25 21:38:41 BST 2026","","github.com/n-orlov/deck/internal/tui","github.com/n-orlov/deck/internal/tui",""
"","60","TestSettingsGroupDeleteNonEmptyOpensTwoBranchPrompt","","Fri Sep 25 21:38:41 BST 2026","passed","Fri Sep 25 21:38:41 BST 2026","","github.com/n-orlov/deck/internal/tui","github.com/n-orlov/deck/internal/tui",""
"","0","TestLeftRightFoldUnfoldEmptyDefinedGroup","","Fri Sep 25 21:38:41 BST 2026","passed","Fri Sep 25 21:38:41 BST 2026","","github.com/n-orlov/deck/internal/tui","github.com/n-orlov/deck/internal/tui",""
"","0","TestReferencePaletteMatchesSPEC","","Fri Sep 25 21:38:10 BST 2026","passed","Fri Sep 25 21:38:10 BST 2026","","github.com/n-orlov/deck/internal/theme","github.com/n-orlov/deck/internal/theme",""
"","60","TestAcquireLaunchLeaseDeadPIDIsBreakable","","Fri Sep 25 21:38:00 BST 2026","passed","Fri Sep 25 21:38:00 BST 2026","","github.com/n-orlov/deck/internal/store","github.com/n-orlov/deck/internal/store",""
"","100","TestCreateGroupRejectsCaseInsensitiveDuplicate","","Fri Sep 25 21:38:00 BST 2026","passed","Fri Sep 25 21:38:00 BST 2026","","github.com/n-orlov/deck/internal/store","github.com/n-orlov/deck/internal/store",""
"","50","TestPreviewPressRefusesOnStoppedAndAttachedElsewhereSessions/attached_elsewhere","","Fri Sep 25 21:38:41 BST 2026","passed","Fri Sep 25 21:38:41 BST 2026","","github.com/n-orlov/deck/internal/tui","github.com/n-orlov/deck/internal/tui",""
"","20","TestSendKeysUnknownKeyNameIsDeliveredAsLiteralTextWithExitZero","","Fri Sep 25 21:38:11 BST 2026","passed","Fri Sep 25 21:38:11 BST 2026","","github.com/n-orlov/deck/internal/tmux","github.com/n-orlov/deck/internal/tmux",""
"","0","TestRunningClientSIGUSR1AdvancesSharedClock","","Fri Sep 25 21:36:22 BST 2026","passed","Fri Sep 25 21:36:22 BST 2026","","github.com/n-orlov/deck/cmd/deck","github.com/n-orlov/deck/cmd/deck",""
"","848","DECK_COLOR_DEPTH=truecolor forces the truecolour render path from a real pty","","","passed","","","Godog harness wiring","",""
"","60","TestReceiveHookAppliesOverAnyStaleSourceExceptStopped/StopFailure/from_stopped/via_probe","","Fri Sep 25 21:37:06 BST 2026","passed","Fri Sep 25 21:37:06 BST 2026","","github.com/n-orlov/deck/internal/hookrecv","github.com/n-orlov/deck/internal/hookrecv",""
"","20","TestPaneDeadRejectsAnAbsentTarget","","Fri Sep 25 21:38:11 BST 2026","passed","Fri Sep 25 21:38:11 BST 2026","","github.com/n-orlov/deck/internal/tmux","github.com/n-orlov/deck/internal/tmux",""
"","40","TestSendNamedKeyDeliversModifiedNavigationKeysByTmuxsOwnTranslation/C-PgDn","","Fri Sep 25 21:38:11 BST 2026","passed","Fri Sep 25 21:38:11 BST 2026","","github.com/n-orlov/deck/internal/tmux","github.com/n-orlov/deck/internal/tmux",""
"","70","TestResumeFailsOnUnknownConversationID","","Fri Sep 25 21:37:44 BST 2026","passed","Fri Sep 25 21:37:44 BST 2026","","github.com/n-orlov/deck/internal/service","github.com/n-orlov/deck/internal/service",""
"","1468","detail dialog -- the mouse can neither cancel nor confirm it, at its border, its body or outside it","","","passed","","","The §11.4 dialog contract, asserted per dialog (requirements 7, 8, 9, 10, 11, 50)","",""
"","1380","TestFeatures/u_does_nothing_once_the_undo_window_has_expired","","Fri Sep 25 21:39:00 BST 2026","passed","Fri Sep 25 21:39:01 BST 2026","","github.com/n-orlov/deck/features","github.com/n-orlov/deck/features",""
"","60","TestCreateListAndKillRealTmux","","Fri Sep 25 21:38:11 BST 2026","passed","Fri Sep 25 21:38:11 BST 2026","","github.com/n-orlov/deck/internal/tmux","github.com/n-orlov/deck/internal/tmux",""
"","60","TestSupersededLaunchGenerationDropsTheWholeHookClass/StopFailure/row_carries_no_token,_hook_does","","Fri Sep 25 21:37:06 BST 2026","passed","Fri Sep 25 21:37:06 BST 2026","","github.com/n-orlov/deck/internal/hookrecv","github.com/n-orlov/deck/internal/hookrecv",""
"","100","TestResumedRowAcceptsTheNewPanesFirstHook/UserPromptSubmit","","Fri Sep 25 21:37:06 BST 2026","passed","Fri Sep 25 21:37:06 BST 2026","","github.com/n-orlov/deck/internal/hookrecv","github.com/n-orlov/deck/internal/hookrecv",""
"","0","TestBelowMinimumFrameStaysWithinBudget/70x24/resumeNote/wraps-at-w","","Fri Sep 25 21:38:41 BST 2026","passed","Fri Sep 25 21:38:41 BST 2026","","github.com/n-orlov/deck/internal/tui","github.com/n-orlov/deck/internal/tui",""
"","0","TestUnarchiveKeyStatesItIsUnavailableWhenUnwired","","Fri Sep 25 21:38:41 BST 2026","passed","Fri Sep 25 21:38:41 BST 2026","","github.com/n-orlov/deck/internal/tui","github.com/n-orlov/deck/internal/tui",""
"","40","TestAssertTmuxOptionInScopeFailsWhenValueIsInTheWrongScope","","Fri Sep 25 21:36:35 BST 2026","passed","Fri Sep 25 21:36:35 BST 2026","","github.com/n-orlov/deck/features","github.com/n-orlov/deck/features",""
"","0","TestSidebarContentHasOneColumnPaddingBeforeSeam","","Fri Sep 25 21:38:41 BST 2026","passed","Fri Sep 25 21:38:41 BST 2026","","github.com/n-orlov/deck/internal/tui","github.com/n-orlov/deck/internal/tui",""
"","0","TestDetailKeyTogglesAndEscCloses","","Fri Sep 25 21:38:41 BST 2026","passed","Fri Sep 25 21:38:41 BST 2026","","github.com/n-orlov/deck/internal/tui","github.com/n-orlov/deck/internal/tui",""
"","1480","TestFeatures/a_live_unsignalled_agent_remains_starting","","Fri Sep 25 21:39:00 BST 2026","passed","Fri Sep 25 21:39:01 BST 2026","","github.com/n-orlov/deck/features","github.com/n-orlov/deck/features",""
"","0","TestDeleteUndoNoteStaysWithinFrameBudgetAtEveryLayoutMode/single-delete-undo/side-by-side","","Fri Sep 25 21:38:41 BST 2026","passed","Fri Sep 25 21:38:41 BST 2026","","github.com/n-orlov/deck/internal/tui","github.com/n-orlov/deck/internal/tui",""
"","100","TestReceiveHookAppliesOverAnyStaleSourceExceptStopped/StopFailure/from_waiting/via_tmux","","Fri Sep 25 21:37:06 BST 2026","passed","Fri Sep 25 21:37:06 BST 2026","","github.com/n-orlov/deck/internal/hookrecv","github.com/n-orlov/deck/internal/hookrecv",""
"","60","TestRecordAttachmentHandlesWaitingErrorAndRacedStatusAtomically","","Fri Sep 25 21:38:00 BST 2026","passed","Fri Sep 25 21:38:00 BST 2026","","github.com/n-orlov/deck/internal/store","github.com/n-orlov/deck/internal/store",""
"","0","TestEncodeIsizeGeometryFixedForm","","Fri Sep 25 21:38:11 BST 2026","passed","Fri Sep 25 21:38:11 BST 2026","","github.com/n-orlov/deck/internal/tmux","github.com/n-orlov/deck/internal/tmux",""
"","0","TestContrastRatioKnownValues","","Fri Sep 25 21:38:10 BST 2026","passed","Fri Sep 25 21:38:10 BST 2026","","github.com/n-orlov/deck/internal/theme","github.com/n-orlov/deck/internal/theme",""
"","0","TestPreviewTitleNamesTheTargetSessionWhileInteractive","","Fri Sep 25 21:38:41 BST 2026","passed","Fri Sep 25 21:38:41 BST 2026","","github.com/n-orlov/deck/internal/tui","github.com/n-orlov/deck/internal/tui",""
"","0","TestClickSidebarRowEntersInteractiveModeOnOnePress","","Fri Sep 25 21:38:41 BST 2026","passed","Fri Sep 25 21:38:41 BST 2026","","github.com/n-orlov/deck/internal/tui","github.com/n-orlov/deck/internal/tui",""
"","0","TestDriftPreservingKeysLeaveTheDriftInPlace/key=""q""","","Fri Sep 25 21:38:41 BST 2026","passed","Fri Sep 25 21:38:41 BST 2026","","github.com/n-orlov/deck/internal/tui","github.com/n-orlov/deck/internal/tui",""
"","0","TestThemedDialogsDegradeCleanlyUnderNoColorAndASCII/create_modal/initial_state","","Fri Sep 25 21:38:41 BST 2026","passed","Fri Sep 25 21:38:41 BST 2026","","github.com/n-orlov/deck/internal/tui","github.com/n-orlov/deck/internal/tui",""
"","40","TestForceClaimWindowOwnershipTwoClaimsHoldExactlyOneValue","","Fri Sep 25 21:38:11 BST 2026","passed","Fri Sep 25 21:38:11 BST 2026","","github.com/n-orlov/deck/internal/tmux","github.com/n-orlov/deck/internal/tmux",""
"","120","TestEventLogScrollReachesEveryLine","","Fri Sep 25 21:38:41 BST 2026","passed","Fri Sep 25 21:38:41 BST 2026","","github.com/n-orlov/deck/internal/tui","github.com/n-orlov/deck/internal/tui",""
"","100","TestReceiveHookAppliesOverAnyStaleSourceExceptStopped/StopFailure/from_running/via_user","","Fri Sep 25 21:37:06 BST 2026","passed","Fri Sep 25 21:37:06 BST 2026","","github.com/n-orlov/deck/internal/hookrecv","github.com/n-orlov/deck/internal/hookrecv",""
"","0","TestDriftEndingKeysBringSelectionBackIntoView/key=""U""","","Fri Sep 25 21:38:41 BST 2026","passed","Fri Sep 25 21:38:41 BST 2026","","github.com/n-orlov/deck/internal/tui","github.com/n-orlov/deck/internal/tui",""
"","200","TestReceiveDoesNotReviveCleanStopOrProcessCrash","","Fri Sep 25 21:37:06 BST 2026","passed","Fri Sep 25 21:37:06 BST 2026","","github.com/n-orlov/deck/internal/hookrecv","github.com/n-orlov/deck/internal/hookrecv",""
"","0","TestParseHookOverrideRoundTripsAgainstTheRealEncoder/quote_and_backslash","","Fri Sep 25 21:36:33 BST 2026","passed","Fri Sep 25 21:36:33 BST 2026","","github.com/n-orlov/deck/cmd/fake-codex","github.com/n-orlov/deck/cmd/fake-codex",""
"","0","TestCropDecorationsCarryDeckBackground/SideBySide/cobalt","","Fri Sep 25 21:38:41 BST 2026","passed","Fri Sep 25 21:38:41 BST 2026","","github.com/n-orlov/deck/internal/tui","github.com/n-orlov/deck/internal/tui",""
"","0","TestFitForegroundMovesAwayFromTheCanvas","","Fri Sep 25 21:38:10 BST 2026","passed","Fri Sep 25 21:38:10 BST 2026","","github.com/n-orlov/deck/internal/theme","github.com/n-orlov/deck/internal/theme",""
"","180","TestEventLogStyledBodyMatchesPlainBodyOnceStripped","","Fri Sep 25 21:38:41 BST 2026","passed","Fri Sep 25 21:38:41 BST 2026","","github.com/n-orlov/deck/internal/tui","github.com/n-orlov/deck/internal/tui",""
"","0","TestSessionGroupKeyReadsGroupNameVerbatim/no_group_recorded","","Fri Sep 25 21:38:41 BST 2026","passed","Fri Sep 25 21:38:41 BST 2026","","github.com/n-orlov/deck/internal/tui","github.com/n-orlov/deck/internal/tui",""
"","1240","TestFeatures/a_resumeNote_message_('starting_elsewhere')_never_pushes_the_frame_past_the_terminal's_own_budget","","Fri Sep 25 21:39:00 BST 2026","passed","Fri Sep 25 21:39:01 BST 2026","","github.com/n-orlov/deck/features","github.com/n-orlov/deck/features",""
"","0","TestCoalescedKeyMsgDispatchesNavigationalThenDestructiveRune","","Fri Sep 25 21:38:41 BST 2026","passed","Fri Sep 25 21:38:41 BST 2026","","github.com/n-orlov/deck/internal/tui","github.com/n-orlov/deck/internal/tui",""
"","1090","TestDispatcherRefusesAfterSessionRenameEvenThoughPaneIDIsUnchanged","","Fri Sep 25 21:38:11 BST 2026","passed","Fri Sep 25 21:38:12 BST 2026","","github.com/n-orlov/deck/internal/tmux","github.com/n-orlov/deck/internal/tmux",""
"","0","TestPreviewContentLineDistinguishesAttachedFromUnattachedEndToEnd","","Fri Sep 25 21:38:41 BST 2026","passed","Fri Sep 25 21:38:41 BST 2026","","github.com/n-orlov/deck/internal/tui","github.com/n-orlov/deck/internal/tui",""
"","50","TestSendNamedKeyDeliversModifiedNavigationKeysByTmuxsOwnTranslation/C-Home","","Fri Sep 25 21:38:11 BST 2026","passed","Fri Sep 25 21:38:11 BST 2026","","github.com/n-orlov/deck/internal/tmux","github.com/n-orlov/deck/internal/tmux",""
"","0","TestThemeFallbackNoticeAbsentWhenThemeResolvedCleanly","","Fri Sep 25 21:38:41 BST 2026","passed","Fri Sep 25 21:38:41 BST 2026","","github.com/n-orlov/deck/internal/tui","github.com/n-orlov/deck/internal/tui",""
"","0","TestSeamBodyRowIsPlainBorderWhenNeitherPanelFocused/theme_picker_open","","Fri Sep 25 21:38:41 BST 2026","passed","Fri Sep 25 21:38:41 BST 2026","","github.com/n-orlov/deck/internal/tui","github.com/n-orlov/deck/internal/tui",""
"","2580","TestDeckBinaryRefreshesAllConcurrentClients","","Fri Sep 25 21:36:22 BST 2026","passed","Fri Sep 25 21:36:24 BST 2026","","github.com/n-orlov/deck/cmd/deck","github.com/n-orlov/deck/cmd/deck",""
"","0","TestSGRMouseEncodesColumnsPastX10Ceiling/motion_at_column_224","","Fri Sep 25 21:36:35 BST 2026","passed","Fri Sep 25 21:36:35 BST 2026","","github.com/n-orlov/deck/features","github.com/n-orlov/deck/features",""
"","1875","a built-in theme colours each of the seven §7 status tokens, read per cell from a real client #2","","","passed","","","theme rendering end-to-end (requirement 49)","",""
"","0","TestLessByNameStableOrdersCaseInsensitiveAscending","","Fri Sep 25 21:38:41 BST 2026","passed","Fri Sep 25 21:38:41 BST 2026","","github.com/n-orlov/deck/internal/tui","github.com/n-orlov/deck/internal/tui",""
"","0","TestDeckOwnedCellsCarryExplicitForegroundOnEveryBuiltin/daylight/below_deck's_supported_minimum","","Fri Sep 25 21:38:41 BST 2026","passed","Fri Sep 25 21:38:41 BST 2026","","github.com/n-orlov/deck/internal/tui","github.com/n-orlov/deck/internal/tui",""
"","170","TestKillingAndRecreatingAnIDlessCodexRowIsAFreshLaunchNotAResume","","Fri Sep 25 21:37:44 BST 2026","passed","Fri Sep 25 21:37:44 BST 2026","","github.com/n-orlov/deck/internal/service","github.com/n-orlov/deck/internal/service",""
"","0","TestViewportFlushDegradesAt80x24WithNoBlankTail","","Fri Sep 25 21:38:41 BST 2026","passed","Fri Sep 25 21:38:41 BST 2026","","github.com/n-orlov/deck/internal/tui","github.com/n-orlov/deck/internal/tui",""
"","30","TestCaptureSeedWithHistoryDegradesToNoHistoryRatherThanFailing","","Fri Sep 25 21:37:23 BST 2026","passed","Fri Sep 25 21:37:23 BST 2026","","github.com/n-orlov/deck/internal/interactive","github.com/n-orlov/deck/internal/interactive",""
"","0","TestSortSessionsByAttentionUnknownStatusSortsLast","","Fri Sep 25 21:38:41 BST 2026","passed","Fri Sep 25 21:38:41 BST 2026","","github.com/n-orlov/deck/internal/tui","github.com/n-orlov/deck/internal/tui",""
"","0","TestCanvasDefaultForegroundClearsFloor/empire","","Fri Sep 25 21:38:10 BST 2026","passed","Fri Sep 25 21:38:10 BST 2026","","github.com/n-orlov/deck/internal/theme","github.com/n-orlov/deck/internal/theme",""
"","0","TestContentionRefusalsNameFFloorAndNoWidthRefusalsDoNot/no_width","","Fri Sep 25 21:38:41 BST 2026","passed","Fri Sep 25 21:38:41 BST 2026","","github.com/n-orlov/deck/internal/tui","github.com/n-orlov/deck/internal/tui",""
"","0","TestBelowMinimumFrameStaysWithinBudget/70x20/attachError/wraps-at-w","","Fri Sep 25 21:38:41 BST 2026","passed","Fri Sep 25 21:38:41 BST 2026","","github.com/n-orlov/deck/internal/tui","github.com/n-orlov/deck/internal/tui",""
"","10","TestThemePickerEnterSelectsAndPersists","","Fri Sep 25 21:38:41 BST 2026","passed","Fri Sep 25 21:38:41 BST 2026","","github.com/n-orlov/deck/internal/tui","github.com/n-orlov/deck/internal/tui",""
"","850","TestFeatures/DECK_COLOR_DEPTH=truecolor_forces_the_truecolour_render_path_from_a_real_pty","","Fri Sep 25 21:39:00 BST 2026","passed","Fri Sep 25 21:39:00 BST 2026","","github.com/n-orlov/deck/features","github.com/n-orlov/deck/features",""
"","0","TestStackedSidebarGutterMarkedUnselectedRowIsBadgeWithCheck/ascii","","Fri Sep 25 21:38:41 BST 2026","passed","Fri Sep 25 21:38:41 BST 2026","","github.com/n-orlov/deck/internal/tui","github.com/n-orlov/deck/internal/tui",""
"","990","TestFeatures/a_shell_session_carries_the_deck-owned_session_context,_the_adapter_that_had_none_before","","Fri Sep 25 21:39:00 BST 2026","passed","Fri Sep 25 21:39:00 BST 2026","","github.com/n-orlov/deck/features","github.com/n-orlov/deck/features",""
"","0","TestPendingDeleteIndicatorStaysWithinFrameBudgetAtEveryLayoutMode","","Fri Sep 25 21:38:41 BST 2026","passed","Fri Sep 25 21:38:41 BST 2026","","github.com/n-orlov/deck/internal/tui","github.com/n-orlov/deck/internal/tui",""
"","600","TestFeatures/an_unknown_theme_name_falls_back_to_the_default_AND_says_so_on_the_very_first_painted_frame","","Fri Sep 25 21:39:00 BST 2026","passed","Fri Sep 25 21:39:00 BST 2026","","github.com/n-orlov/deck/features","github.com/n-orlov/deck/features",""
"","0","TestAllDialogsRejectMouseAtBorderBodyAndOutside/create","","Fri Sep 25 21:38:41 BST 2026","passed","Fri Sep 25 21:38:41 BST 2026","","github.com/n-orlov/deck/internal/tui","github.com/n-orlov/deck/internal/tui",""
"","50","TestReceiveHookAppliesOverAnyStaleSourceExceptStopped/SessionEnd/from_starting/via_probe","","Fri Sep 25 21:37:06 BST 2026","passed","Fri Sep 25 21:37:06 BST 2026","","github.com/n-orlov/deck/internal/hookrecv","github.com/n-orlov/deck/internal/hookrecv",""
"","0","TestFooterHandlerAgreementAcrossEveryRowClass/stopped/Y","","Fri Sep 25 21:38:41 BST 2026","passed","Fri Sep 25 21:38:41 BST 2026","","github.com/n-orlov/deck/internal/tui","github.com/n-orlov/deck/internal/tui",""
"","60","TestSupersededLaunchGenerationDropsTheWholeHookClass/SessionEnd/hook_carries_no_token","","Fri Sep 25 21:37:06 BST 2026","passed","Fri Sep 25 21:37:06 BST 2026","","github.com/n-orlov/deck/internal/hookrecv","github.com/n-orlov/deck/internal/hookrecv",""
"","0","TestWheelOverUnscrollableOverlayDoesNothing","","Fri Sep 25 21:38:41 BST 2026","passed","Fri Sep 25 21:38:41 BST 2026","","github.com/n-orlov/deck/internal/tui","github.com/n-orlov/deck/internal/tui",""
"","0","TestSessionRowTokensClearContrastFloorOnSurface/daylight","","Fri Sep 25 21:38:10 BST 2026","passed","Fri Sep 25 21:38:10 BST 2026","","github.com/n-orlov/deck/internal/theme","github.com/n-orlov/deck/internal/theme",""
"","1430","TestFeatures/reaping_a_deleted_session_leaves_its_adversarially-seeded_cwd_fingerprint_unchanged","","Fri Sep 25 21:39:00 BST 2026","passed","Fri Sep 25 21:39:01 BST 2026","","github.com/n-orlov/deck/features","github.com/n-orlov/deck/features",""
"","0","TestArchivePurgeAndRefusalMessagesStayWithinFrameBudgetAtEveryLayoutMode/Deleted,_but_purge_failed:_no_such_file_or_directory/auto","","Fri Sep 25 21:38:41 BST 2026","passed","Fri Sep 25 21:38:41 BST 2026","","github.com/n-orlov/deck/internal/tui","github.com/n-orlov/deck/internal/tui",""
"","0","TestFooterHandlerAgreementAcrossEveryRowClass/stopped/A","","Fri Sep 25 21:38:41 BST 2026","passed","Fri Sep 25 21:38:41 BST 2026","","github.com/n-orlov/deck/internal/tui","github.com/n-orlov/deck/internal/tui",""
"","0","TestSettingsTakeoverMouseIgnoredWhileOpen","","Fri Sep 25 21:38:41 BST 2026","passed","Fri Sep 25 21:38:41 BST 2026","","github.com/n-orlov/deck/internal/tui","github.com/n-orlov/deck/internal/tui",""
"","60","TestReceiveCodexFiveEvents/Stop","","Fri Sep 25 21:37:06 BST 2026","passed","Fri Sep 25 21:37:06 BST 2026","","github.com/n-orlov/deck/internal/hookrecv","github.com/n-orlov/deck/internal/hookrecv",""
"","0","TestSessionRowTokensClearContrastFloorOnSurface/parchment","","Fri Sep 25 21:38:10 BST 2026","passed","Fri Sep 25 21:38:10 BST 2026","","github.com/n-orlov/deck/internal/theme","github.com/n-orlov/deck/internal/theme",""
"","0","TestDiscoverRejectsPre32Tmux","","Fri Sep 25 21:38:11 BST 2026","passed","Fri Sep 25 21:38:11 BST 2026","","github.com/n-orlov/deck/internal/tmux","github.com/n-orlov/deck/internal/tmux",""
"","100","TestReceiveHookAppliesOverAnyStaleSourceExceptStopped/SessionStart/from_error/via_hook","","Fri Sep 25 21:37:06 BST 2026","passed","Fri Sep 25 21:37:06 BST 2026","","github.com/n-orlov/deck/internal/hookrecv","github.com/n-orlov/deck/internal/hookrecv",""
"","0","TestCreateFieldRowsEveryFieldHasANonEmptyLabelAndHelp","","Fri Sep 25 21:38:41 BST 2026","passed","Fri Sep 25 21:38:41 BST 2026","","github.com/n-orlov/deck/internal/tui","github.com/n-orlov/deck/internal/tui",""
"","280","TestTwoSequentialStealsRestorePreEntryGeometry","","Fri Sep 25 21:38:41 BST 2026","passed","Fri Sep 25 21:38:41 BST 2026","","github.com/n-orlov/deck/internal/tui","github.com/n-orlov/deck/internal/tui",""
"","0","TestReseedIntoSameGridCorruptsAfterTruncatedControlSequence","","Fri Sep 25 21:37:23 BST 2026","passed","Fri Sep 25 21:37:23 BST 2026","","github.com/n-orlov/deck/internal/interactive","github.com/n-orlov/deck/internal/interactive",""
"","0","TestWheelOverUnscrollableOverlayDoesNothing/rename_dialog_(not_scrollable)","","Fri Sep 25 21:38:41 BST 2026","passed","Fri Sep 25 21:38:41 BST 2026","","github.com/n-orlov/deck/internal/tui","github.com/n-orlov/deck/internal/tui",""
"","0","TestProbeGoldenPaneCorpus/pi/sleep-midrun.txt","","Fri Sep 25 21:37:05 BST 2026","passed","Fri Sep 25 21:37:05 BST 2026","","github.com/n-orlov/deck/internal/agent","github.com/n-orlov/deck/internal/agent",""
"","1550","TestAbandonedDDIsReapedAtNextStoreOpen","","Fri Sep 25 21:36:22 BST 2026","passed","Fri Sep 25 21:36:23 BST 2026","","github.com/n-orlov/deck/cmd/deck","github.com/n-orlov/deck/cmd/deck",""
"","180","TestSettingsGroupDeleteDBranchOffersPurgeChoiceAndOneUndoStillRestoresTombstones","","Fri Sep 25 21:38:41 BST 2026","passed","Fri Sep 25 21:38:41 BST 2026","","github.com/n-orlov/deck/internal/tui","github.com/n-orlov/deck/internal/tui",""
"","1330","TestFeatures/A_archives_an_already-stopped_session,_hidden_from_the_default_list_with_its_status_unchanged","","Fri Sep 25 21:39:00 BST 2026","passed","Fri Sep 25 21:39:01 BST 2026","","github.com/n-orlov/deck/features","github.com/n-orlov/deck/features",""
"","840","TestCapturePaneSeedAtomicAlternateScreenHistoryRangeIsByteIdenticalToVisibleOnly","","Fri Sep 25 21:38:11 BST 2026","passed","Fri Sep 25 21:38:11 BST 2026","","github.com/n-orlov/deck/internal/tmux","github.com/n-orlov/deck/internal/tmux",""
"","0","TestSettingsNavTabAndLeftRightSwitchFocus","","Fri Sep 25 21:38:41 BST 2026","passed","Fri Sep 25 21:38:41 BST 2026","","github.com/n-orlov/deck/internal/tui","github.com/n-orlov/deck/internal/tui",""
"","0","TestFooterHandlerAgreementAcrossEveryRowClass/non-empty_mark_set:_selected_row_differs_from_the_marked_row/R","","Fri Sep 25 21:38:41 BST 2026","passed","Fri Sep 25 21:38:41 BST 2026","","github.com/n-orlov/deck/internal/tui","github.com/n-orlov/deck/internal/tui",""
"","0","TestClaude_LaunchAndResumeArgv/plan/launch","","Fri Sep 25 21:37:05 BST 2026","passed","Fri Sep 25 21:37:05 BST 2026","","github.com/n-orlov/deck/internal/agent","github.com/n-orlov/deck/internal/agent",""
"","670","TestOpenMigratesV1V2V3FixturesToRecentCwdsWithoutRecreatingSessionRow","","Fri Sep 25 21:38:00 BST 2026","passed","Fri Sep 25 21:38:00 BST 2026","","github.com/n-orlov/deck/internal/store","github.com/n-orlov/deck/internal/store",""
"","160","TestRepaintModesProduceDistinguishingObservables/sigwinch_mode_repaints_immediately_on_SIGWINCH,_not_on_a_keystroke","","Fri Sep 25 21:36:32 BST 2026","passed","Fri Sep 25 21:36:32 BST 2026","","github.com/n-orlov/deck/cmd/fake-claude","github.com/n-orlov/deck/cmd/fake-claude",""
"","60","TestSweepTombstonesIsCheapNoOpInsideInterval","","Fri Sep 25 21:38:00 BST 2026","passed","Fri Sep 25 21:38:00 BST 2026","","github.com/n-orlov/deck/internal/store","github.com/n-orlov/deck/internal/store",""
"","60","TestStatusTransitionDoesNotReviveProcessCrashWithHook","","Fri Sep 25 21:38:00 BST 2026","passed","Fri Sep 25 21:38:00 BST 2026","","github.com/n-orlov/deck/internal/store","github.com/n-orlov/deck/internal/store",""
"","110","TestFoldStateSurvivesRestartAndRenameButNotTheCursor","","Fri Sep 25 21:38:41 BST 2026","passed","Fri Sep 25 21:38:41 BST 2026","","github.com/n-orlov/deck/internal/tui","github.com/n-orlov/deck/internal/tui",""
"","8584","< and > clamp sidebar_width at both ends","","","passed","","","§11.2 layout modes, their keys, and their persistence","",""
"","0","TestSettingsStringEmptyValueRendersNotSetPlaceholder","","Fri Sep 25 21:38:41 BST 2026","passed","Fri Sep 25 21:38:41 BST 2026","","github.com/n-orlov/deck/internal/tui","github.com/n-orlov/deck/internal/tui",""
"","110","TestSetLaunchInputsPersistsAllFourAndMarksLaunchDirty","","Fri Sep 25 21:37:44 BST 2026","passed","Fri Sep 25 21:37:44 BST 2026","","github.com/n-orlov/deck/internal/service","github.com/n-orlov/deck/internal/service",""
"","1235","the gutter's selection arrow and mark glyph survive as plain text in their own fixed columns under NO_COLOR","","","passed","","","A selected/striped sidebar row's background fills a real rectangle, and the seam stays clear (requirement 58, task 323)","",""
"","0","TestSuccessfulArchiveStartsAnUndoWindowSayingWhatHappened/stopped-row-only-hidden","","Fri Sep 25 21:38:41 BST 2026","passed","Fri Sep 25 21:38:41 BST 2026","","github.com/n-orlov/deck/internal/tui","github.com/n-orlov/deck/internal/tui",""
"","150","TestResumeAuditsAndStaysTTLBoundedWhenReleasingTheLaunchLeaseFails","","Fri Sep 25 21:37:44 BST 2026","passed","Fri Sep 25 21:37:44 BST 2026","","github.com/n-orlov/deck/internal/service","github.com/n-orlov/deck/internal/service",""
"","1484","a live unsignalled agent remains starting","","","passed","","","Shell liveness does not fabricate agent status","",""
"","100","TestReceiveHookAppliesOverAnyStaleSourceExceptStopped/StopFailure/from_waiting/via_probe","","Fri Sep 25 21:37:06 BST 2026","passed","Fri Sep 25 21:37:06 BST 2026","","github.com/n-orlov/deck/internal/hookrecv","github.com/n-orlov/deck/internal/hookrecv",""
"","0","TestDeckOwnedCellsCarryExplicitForegroundOnEveryBuiltin/parchment/create_dialog","","Fri Sep 25 21:38:41 BST 2026","passed","Fri Sep 25 21:38:41 BST 2026","","github.com/n-orlov/deck/internal/tui","github.com/n-orlov/deck/internal/tui",""
"","1194","the dd confirm dialog obeys the §11.4 contract -- the mouse can neither cancel nor confirm it, at its border, its body or outside it","","","passed","","","Undo toast after x, and the dd delete/tombstone chord","",""
"","60","TestPaneArgvLeavesADeclaredExecutableAlone","","Fri Sep 25 21:37:44 BST 2026","passed","Fri Sep 25 21:37:44 BST 2026","","github.com/n-orlov/deck/internal/service","github.com/n-orlov/deck/internal/service",""
"","0","TestEffectiveSortOrderResolvesKnownValuesWithNoReason","","Fri Sep 25 21:38:41 BST 2026","passed","Fri Sep 25 21:38:41 BST 2026","","github.com/n-orlov/deck/internal/tui","github.com/n-orlov/deck/internal/tui",""
"","1017","a fake agent renders a preview fixture once and then falls silent #6","","","passed","","","Godog harness wiring","",""
"","0","TestScrollableOverlaysScrollOneLineWithJK/event_log","","Fri Sep 25 21:38:41 BST 2026","passed","Fri Sep 25 21:38:41 BST 2026","","github.com/n-orlov/deck/internal/tui","github.com/n-orlov/deck/internal/tui",""
"","0","TestDeckOwnedCellsCarryExplicitForegroundOnEveryBuiltin/daylight/empty_store","","Fri Sep 25 21:38:41 BST 2026","passed","Fri Sep 25 21:38:41 BST 2026","","github.com/n-orlov/deck/internal/tui","github.com/n-orlov/deck/internal/tui",""
"","0","TestDriftEndingKeysBringSelectionBackIntoView/key=""l""","","Fri Sep 25 21:38:41 BST 2026","passed","Fri Sep 25 21:38:41 BST 2026","","github.com/n-orlov/deck/internal/tui","github.com/n-orlov/deck/internal/tui",""
"","1257","the gutter bar's background token is accent when selected, badge when marked, and accent again when both","","","passed","","","A selected/striped sidebar row's background fills a real rectangle, and the seam stays clear (requirement 58, task 323)","",""
"","2038","the error status token colours the error status word","","","passed","","","the seven §7 status tokens colour the sidebar's status word (task 014)","",""
"","0","TestGodogFormatBuildsJUnitOnlyWhenTheEnvVarIsSet/set_adds_the_junit_multi-formatter_at_that_path","","Fri Sep 25 21:36:35 BST 2026","passed","Fri Sep 25 21:36:35 BST 2026","","github.com/n-orlov/deck/features","github.com/n-orlov/deck/features",""
"","40","TestFailedInteractiveSelectionCopySetsNoConfirmation","","Fri Sep 25 21:38:41 BST 2026","passed","Fri Sep 25 21:38:41 BST 2026","","github.com/n-orlov/deck/internal/tui","github.com/n-orlov/deck/internal/tui",""
"","0","TestNoSendPathBypassesTheDispatcherVerifyIsNonVacuous","","Fri Sep 25 21:38:11 BST 2026","passed","Fri Sep 25 21:38:11 BST 2026","","github.com/n-orlov/deck/internal/tmux","github.com/n-orlov/deck/internal/tmux",""
"","1290","TestFeatures/a_selected_row's_background_fills_every_content_column_on_both_lines,_even_with_a_truncating_name,_and_the_seam_stays_clear","","Fri Sep 25 21:39:00 BST 2026","passed","Fri Sep 25 21:39:01 BST 2026","","github.com/n-orlov/deck/features","github.com/n-orlov/deck/features",""
"","0","TestMarkedSetKMJSurvivesBothSessionsRacingToRunningTogether","","Fri Sep 25 21:38:41 BST 2026","passed","Fri Sep 25 21:38:41 BST 2026","","github.com/n-orlov/deck/internal/tui","github.com/n-orlov/deck/internal/tui",""
"","0","TestFrameBudgetCanFail","","Fri Sep 25 21:36:35 BST 2026","passed","Fri Sep 25 21:36:35 BST 2026","","github.com/n-orlov/deck/features","github.com/n-orlov/deck/features",""
"","0","TestGroupHeaderTextElidesNameAtSidebarFloorKeepingChevronAndCount/collapsed","","Fri Sep 25 21:38:41 BST 2026","passed","Fri Sep 25 21:38:41 BST 2026","","github.com/n-orlov/deck/internal/tui","github.com/n-orlov/deck/internal/tui",""
"","90","TestReceiveHookAppliesOverAnyStaleSourceExceptStopped/SessionEnd/from_running/via_hook","","Fri Sep 25 21:37:06 BST 2026","passed","Fri Sep 25 21:37:06 BST 2026","","github.com/n-orlov/deck/internal/hookrecv","github.com/n-orlov/deck/internal/hookrecv",""
"","0","TestSortOrderFallbackNoticeAbsentForKnownValues","","Fri Sep 25 21:38:41 BST 2026","passed","Fri Sep 25 21:38:41 BST 2026","","github.com/n-orlov/deck/internal/tui","github.com/n-orlov/deck/internal/tui",""
"","0","TestSessionScopedKeysAreInertOnAHeader/detail_g_(move-group_picker)","","Fri Sep 25 21:38:41 BST 2026","passed","Fri Sep 25 21:38:41 BST 2026","","github.com/n-orlov/deck/internal/tui","github.com/n-orlov/deck/internal/tui",""
"","0","TestStackedSidebarGutterGlyphsSurviveNoColor/ascii","","Fri Sep 25 21:38:41 BST 2026","passed","Fri Sep 25 21:38:41 BST 2026","","github.com/n-orlov/deck/internal/tui","github.com/n-orlov/deck/internal/tui",""
"","0","TestEntryRefusalClearsOnSelectionMove","","Fri Sep 25 21:38:41 BST 2026","passed","Fri Sep 25 21:38:41 BST 2026","","github.com/n-orlov/deck/internal/tui","github.com/n-orlov/deck/internal/tui",""
"","0","TestNormalizeFrame/unfrozen_numeric_day_age","","Fri Sep 25 21:36:35 BST 2026","passed","Fri Sep 25 21:36:35 BST 2026","","github.com/n-orlov/deck/features","github.com/n-orlov/deck/features",""
"","0","TestReview152ClosedFilterEscapeKeepsSelectionVisible","","Fri Sep 25 21:38:41 BST 2026","passed","Fri Sep 25 21:38:41 BST 2026","","github.com/n-orlov/deck/internal/tui","github.com/n-orlov/deck/internal/tui",""
"","0","TestDeclaredExecutableEqualsLaunchArgv0/shell","","Fri Sep 25 21:37:05 BST 2026","passed","Fri Sep 25 21:37:05 BST 2026","","github.com/n-orlov/deck/internal/agent","github.com/n-orlov/deck/internal/agent",""
"","0","TestResumeFailureRendersAsError","","Fri Sep 25 21:38:41 BST 2026","passed","Fri Sep 25 21:38:41 BST 2026","","github.com/n-orlov/deck/internal/tui","github.com/n-orlov/deck/internal/tui",""
"","0","TestBelowMinimumFrameStaysWithinBudget/80x24/attachError/wraps-at-w","","Fri Sep 25 21:38:41 BST 2026","passed","Fri Sep 25 21:38:41 BST 2026","","github.com/n-orlov/deck/internal/tui","github.com/n-orlov/deck/internal/tui",""
"","1099","a leading tilde expands for scanning without being rewritten in the field","","","passed","","","The create modal's §11.7 directory-only ghost completion (requirement 14)","",""
"","0","TestFooterHandlerAgreementAcrossEveryRowClass/live/running/r","","Fri Sep 25 21:38:41 BST 2026","passed","Fri Sep 25 21:38:41 BST 2026","","github.com/n-orlov/deck/internal/tui","github.com/n-orlov/deck/internal/tui",""
"","0","TestSetEntryRefusalNeverLeavesItFooterOnly/no_live_pane","","Fri Sep 25 21:38:41 BST 2026","passed","Fri Sep 25 21:38:41 BST 2026","","github.com/n-orlov/deck/internal/tui","github.com/n-orlov/deck/internal/tui",""
"","50","TestSendNamedKeyDeliversAltModifiedNavigationKeysByTmuxsOwnTranslation/S-M-Down","","Fri Sep 25 21:38:11 BST 2026","passed","Fri Sep 25 21:38:11 BST 2026","","github.com/n-orlov/deck/internal/tmux","github.com/n-orlov/deck/internal/tmux",""
"","0","TestShellTranscriptPathAlwaysDeclines","","Fri Sep 25 21:37:05 BST 2026","passed","Fri Sep 25 21:37:05 BST 2026","","github.com/n-orlov/deck/internal/agent","github.com/n-orlov/deck/internal/agent",""
"","0","TestColorTokenEmitsTruecolorByDefault","","Fri Sep 25 21:38:41 BST 2026","passed","Fri Sep 25 21:38:41 BST 2026","","github.com/n-orlov/deck/internal/tui","github.com/n-orlov/deck/internal/tui",""
"","0","TestCreateViewLabelHintValueTextTitleDimmed","","Fri Sep 25 21:38:41 BST 2026","passed","Fri Sep 25 21:38:41 BST 2026","","github.com/n-orlov/deck/internal/tui","github.com/n-orlov/deck/internal/tui",""
"","0","TestFooterHandlerAgreementAcrossEveryRowClass/attention-pending/R","","Fri Sep 25 21:38:41 BST 2026","passed","Fri Sep 25 21:38:41 BST 2026","","github.com/n-orlov/deck/internal/tui","github.com/n-orlov/deck/internal/tui",""
"","0","TestUndoAndDeleteGraceDefaultWhenUnset","","Fri Sep 25 21:37:05 BST 2026","passed","Fri Sep 25 21:37:05 BST 2026","","github.com/n-orlov/deck/internal/config","github.com/n-orlov/deck/internal/config",""
"","0","TestEnvViewLabelHintValueTextTitleDimmed","","Fri Sep 25 21:38:41 BST 2026","passed","Fri Sep 25 21:38:41 BST 2026","","github.com/n-orlov/deck/internal/tui","github.com/n-orlov/deck/internal/tui",""
"","1562","a single click on a sidebar row selects it and enters interactive mode on the same press, and Ctrl+Q returns to the list","","","passed","","","§11.8 mouse bindings and the [ui] mouse / DECK_MOUSE opt-out (requirements 33-37, 41)","",""
"","10","TestHelpNonKeysSectionBodyStaysUnstyled","","Fri Sep 25 21:38:41 BST 2026","passed","Fri Sep 25 21:38:41 BST 2026","","github.com/n-orlov/deck/internal/tui","github.com/n-orlov/deck/internal/tui",""
"","0","TestConfigFileStaleAfter/duration","","Fri Sep 25 21:37:05 BST 2026","passed","Fri Sep 25 21:37:05 BST 2026","","github.com/n-orlov/deck/internal/config","github.com/n-orlov/deck/internal/config",""
"","2000","TestFeatures/dd_without_purge_leaves_the_codex_agent's_transcript_intact_through_delete_and_reap","","Fri Sep 25 21:39:00 BST 2026","passed","Fri Sep 25 21:39:02 BST 2026","","github.com/n-orlov/deck/features","github.com/n-orlov/deck/features",""
"","0","TestThemedDialogsDegradeCleanlyUnderNoColorAndASCII/create_modal/with_a_validation_error","","Fri Sep 25 21:38:41 BST 2026","passed","Fri Sep 25 21:38:41 BST 2026","","github.com/n-orlov/deck/internal/tui","github.com/n-orlov/deck/internal/tui",""
"","0","TestPendingSelectSessionIDNeverAppearing","","Fri Sep 25 21:38:41 BST 2026","passed","Fri Sep 25 21:38:41 BST 2026","","github.com/n-orlov/deck/internal/tui","github.com/n-orlov/deck/internal/tui",""
"","0","TestFitWindowToPaneNeverCallsResizePane","","Fri Sep 25 21:38:11 BST 2026","passed","Fri Sep 25 21:38:11 BST 2026","","github.com/n-orlov/deck/internal/tmux","github.com/n-orlov/deck/internal/tmux",""
"","0","TestSessionScopedKeysAreInertOnAHeader/x","","Fri Sep 25 21:38:41 BST 2026","passed","Fri Sep 25 21:38:41 BST 2026","","github.com/n-orlov/deck/internal/tui","github.com/n-orlov/deck/internal/tui",""
"","60","TestReceiveMappingTable/idle_notification","","Fri Sep 25 21:37:06 BST 2026","passed","Fri Sep 25 21:37:06 BST 2026","","github.com/n-orlov/deck/internal/hookrecv","github.com/n-orlov/deck/internal/hookrecv",""
"","0","TestStartupTmuxNoteRendersAndPersistsAcrossReloads","","Fri Sep 25 21:38:41 BST 2026","passed","Fri Sep 25 21:38:41 BST 2026","","github.com/n-orlov/deck/internal/tui","github.com/n-orlov/deck/internal/tui",""
"","1619","interactive mode states the fitted geometry, never the crop form","","","passed","","","The preview capture engine and its visible behaviour","",""
"","1010","TestFeatures/SGR_mouse_reports_are_synthesized_for_click,_double-click,_wheel_and_drag","","Fri Sep 25 21:39:00 BST 2026","passed","Fri Sep 25 21:39:01 BST 2026","","github.com/n-orlov/deck/features","github.com/n-orlov/deck/features",""
"","130","TestSessionContextEnvExportsNamedGroupThroughRealPaneLaunch/pi","","Fri Sep 25 21:37:44 BST 2026","passed","Fri Sep 25 21:37:44 BST 2026","","github.com/n-orlov/deck/internal/service","github.com/n-orlov/deck/internal/service",""
"","1220","TestFeatures/a_fake_agent_renders_a_preview_fixture_once_and_then_falls_silent#03","","Fri Sep 25 21:39:00 BST 2026","passed","Fri Sep 25 21:39:01 BST 2026","","github.com/n-orlov/deck/features","github.com/n-orlov/deck/features",""
"","904","adding an [env] entry and saving with ctrl+s round-trips through config.toml, preserving keys and sections the takeover does not understand (requirement 17)","","","passed","","","The `,` settings takeover (requirement 48)","",""
"","300","TestRepaintModesProduceDistinguishingObservables/never_mode_never_repaints,_whatever_arrives","","Fri Sep 25 21:36:32 BST 2026","passed","Fri Sep 25 21:36:32 BST 2026","","github.com/n-orlov/deck/cmd/fake-claude","github.com/n-orlov/deck/cmd/fake-claude",""
"","0","TestCreateModalTildeCWDValidatesAndSubmitsResolvedPath","","Fri Sep 25 21:38:41 BST 2026","passed","Fri Sep 25 21:38:41 BST 2026","","github.com/n-orlov/deck/internal/tui","github.com/n-orlov/deck/internal/tui",""
"","100","TestReceiveHookAppliesOverAnyStaleSourceExceptStopped/SessionEnd/from_error/via_probe","","Fri Sep 25 21:37:06 BST 2026","passed","Fri Sep 25 21:37:06 BST 2026","","github.com/n-orlov/deck/internal/hookrecv","github.com/n-orlov/deck/internal/hookrecv",""
"","360","TestOpenMigratesV4FixtureAddsEventsIndexesWithoutTouchingExistingRows","","Fri Sep 25 21:38:00 BST 2026","passed","Fri Sep 25 21:38:00 BST 2026","","github.com/n-orlov/deck/internal/store","github.com/n-orlov/deck/internal/store",""
"","60","TestReceiveMappingTable/stop","","Fri Sep 25 21:37:06 BST 2026","passed","Fri Sep 25 21:37:06 BST 2026","","github.com/n-orlov/deck/internal/hookrecv","github.com/n-orlov/deck/internal/hookrecv",""
"","0","TestLaunchInputsSubmitWithoutASetterSaysSoAndCallsNothing","","Fri Sep 25 21:38:41 BST 2026","passed","Fri Sep 25 21:38:41 BST 2026","","github.com/n-orlov/deck/internal/tui","github.com/n-orlov/deck/internal/tui",""
"","0","TestFooterHandlerAgreementAcrossEveryRowClass/attention-pending/i","","Fri Sep 25 21:38:41 BST 2026","passed","Fri Sep 25 21:38:41 BST 2026","","github.com/n-orlov/deck/internal/tui","github.com/n-orlov/deck/internal/tui",""
"","1440","TestFeatures/right_explicitly_unfolds_a_folded_group_under_the_header_cursor","","Fri Sep 25 21:39:00 BST 2026","passed","Fri Sep 25 21:39:01 BST 2026","","github.com/n-orlov/deck/features","github.com/n-orlov/deck/features",""
"","0","TestPi_SupportedProfileDoesNotDegrade","","Fri Sep 25 21:37:05 BST 2026","passed","Fri Sep 25 21:37:05 BST 2026","","github.com/n-orlov/deck/internal/agent","github.com/n-orlov/deck/internal/agent",""
"","2060","TestFeatures/a_built-in_theme_colours_the_error_status_token,_read_per_cell_from_a_real_client","","Fri Sep 25 21:39:00 BST 2026","passed","Fri Sep 25 21:39:02 BST 2026","","github.com/n-orlov/deck/features","github.com/n-orlov/deck/features",""
"","0","TestArchiveUndoSaysTheNextRRebuildsWhatPostDestroyReleased","","Fri Sep 25 21:38:41 BST 2026","passed","Fri Sep 25 21:38:41 BST 2026","","github.com/n-orlov/deck/internal/tui","github.com/n-orlov/deck/internal/tui",""
"","0","TestProfileSwitchAwayFromYoloNeedsNoConfirm","","Fri Sep 25 21:38:41 BST 2026","passed","Fri Sep 25 21:38:41 BST 2026","","github.com/n-orlov/deck/internal/tui","github.com/n-orlov/deck/internal/tui",""
"","0","TestUndoToastStaysWithinFrameBudgetAtEveryLayoutMode/collapsed","","Fri Sep 25 21:38:41 BST 2026","passed","Fri Sep 25 21:38:41 BST 2026","","github.com/n-orlov/deck/internal/tui","github.com/n-orlov/deck/internal/tui",""
"","0","TestCtrlQExitsInteractiveModeAndClearsEveryField","","Fri Sep 25 21:38:41 BST 2026","passed","Fri Sep 25 21:38:41 BST 2026","","github.com/n-orlov/deck/internal/tui","github.com/n-orlov/deck/internal/tui",""
"","0","TestAllDialogsRejectMouseAtBorderBodyAndOutside/profile/outside","","Fri Sep 25 21:38:41 BST 2026","passed","Fri Sep 25 21:38:41 BST 2026","","github.com/n-orlov/deck/internal/tui","github.com/n-orlov/deck/internal/tui",""
"","1460","TestFeatures/A_on_a_running_session_opens_a_confirm_that_names_the_kill_and_writes_nothing_until_it_is_confirmed","","Fri Sep 25 21:39:00 BST 2026","passed","Fri Sep 25 21:39:01 BST 2026","","github.com/n-orlov/deck/features","github.com/n-orlov/deck/features",""
"","0","TestSettingsFooterCarriesDeckBackground/parchment/env-list","","Fri Sep 25 21:38:41 BST 2026","passed","Fri Sep 25 21:38:41 BST 2026","","github.com/n-orlov/deck/internal/tui","github.com/n-orlov/deck/internal/tui",""
"","0","TestRejectsInvalidUUIDsUnknownFlagsAndModes/malformed_session_ID","","Fri Sep 25 21:36:32 BST 2026","passed","Fri Sep 25 21:36:32 BST 2026","","github.com/n-orlov/deck/cmd/fake-claude","github.com/n-orlov/deck/cmd/fake-claude",""
"","0","TestComputeLayoutGoldenMinimum","","Fri Sep 25 21:38:41 BST 2026","passed","Fri Sep 25 21:38:41 BST 2026","","github.com/n-orlov/deck/internal/tui","github.com/n-orlov/deck/internal/tui",""
"","90","TestReceiveHookAppliesOverAnyStaleSourceExceptStopped/SessionEnd/from_running/via_probe","","Fri Sep 25 21:37:06 BST 2026","passed","Fri Sep 25 21:37:06 BST 2026","","github.com/n-orlov/deck/internal/hookrecv","github.com/n-orlov/deck/internal/hookrecv",""
"","1110","TestFeatures/esc_clears_a_filter_held_in_force_at_the_plain_list,_with_the_text_field_never_reopened","","Fri Sep 25 21:39:00 BST 2026","passed","Fri Sep 25 21:39:01 BST 2026","","github.com/n-orlov/deck/features","github.com/n-orlov/deck/features",""
"","10","TestSettingsScopeParityMatchesSaveBehaviour/event_retention_days","","Fri Sep 25 21:38:41 BST 2026","passed","Fri Sep 25 21:38:41 BST 2026","","github.com/n-orlov/deck/internal/tui","github.com/n-orlov/deck/internal/tui",""
"","0","TestPreviewFitDoneForUnselectedSessionClearsTheMarker","","Fri Sep 25 21:38:41 BST 2026","passed","Fri Sep 25 21:38:41 BST 2026","","github.com/n-orlov/deck/internal/tui","github.com/n-orlov/deck/internal/tui",""
"","10","TestScrollableOverlaysScrollOneLineWithArrows/help_overlay","","Fri Sep 25 21:38:41 BST 2026","passed","Fri Sep 25 21:38:41 BST 2026","","github.com/n-orlov/deck/internal/tui","github.com/n-orlov/deck/internal/tui",""
"","2836","preview_fit = false restores the wholly passive preview, and settling never resizes","","","passed","","","The preview capture engine and its visible behaviour","",""
"","0","TestDriftPreservingGlobalKeysLeaveTheDriftInPlace/key=""|""","","Fri Sep 25 21:38:41 BST 2026","passed","Fri Sep 25 21:38:41 BST 2026","","github.com/n-orlov/deck/internal/tui","github.com/n-orlov/deck/internal/tui",""
"","0","TestFramedDialogBoxWidthMatchesDialogWidth","","Fri Sep 25 21:38:41 BST 2026","passed","Fri Sep 25 21:38:41 BST 2026","","github.com/n-orlov/deck/internal/tui","github.com/n-orlov/deck/internal/tui",""
"","130","TestCreateShellFailingGlobalPreLaunchLeavesRowInErrorWithPaneRetained","","Fri Sep 25 21:37:44 BST 2026","passed","Fri Sep 25 21:37:44 BST 2026","","github.com/n-orlov/deck/internal/service","github.com/n-orlov/deck/internal/service",""
"","290","TestListEventsQueryPlanUsesEventsAtIndexOnSeededLargeTable","","Fri Sep 25 21:38:00 BST 2026","passed","Fri Sep 25 21:38:00 BST 2026","","github.com/n-orlov/deck/internal/store","github.com/n-orlov/deck/internal/store",""
"","30","TestDeckOwnedCellsCarryExplicitForegroundOnEveryBuiltin/cobalt","","Fri Sep 25 21:38:41 BST 2026","passed","Fri Sep 25 21:38:41 BST 2026","","github.com/n-orlov/deck/internal/tui","github.com/n-orlov/deck/internal/tui",""
"","980","TestFeatures/a_mid-scenario_terminal_resize_changes_the_grid_the_frame_is_read_from","","Fri Sep 25 21:39:00 BST 2026","passed","Fri Sep 25 21:39:00 BST 2026","","github.com/n-orlov/deck/features","github.com/n-orlov/deck/features",""
"","40","TestSendNamedKeyDeliversAltModifiedNavigationKeysByTmuxsOwnTranslation/S-M-Home","","Fri Sep 25 21:38:11 BST 2026","passed","Fri Sep 25 21:38:11 BST 2026","","github.com/n-orlov/deck/internal/tmux","github.com/n-orlov/deck/internal/tmux",""
"","0","TestThemedDialogsDegradeCleanlyUnderNoColorAndASCII/delete/purge_confirm/keep_chosen","","Fri Sep 25 21:38:41 BST 2026","passed","Fri Sep 25 21:38:41 BST 2026","","github.com/n-orlov/deck/internal/tui","github.com/n-orlov/deck/internal/tui",""
"","1676","profile switch dialog -- enter submits the cycled value","","","passed","","","The §11.4 dialog contract, asserted per dialog (requirements 7, 8, 9, 10, 11, 50)","",""
"","60","TestReceiveHookAppliesOverAnyStaleSourceExceptStopped/UserPromptSubmit/from_stopped/via_probe","","Fri Sep 25 21:37:06 BST 2026","passed","Fri Sep 25 21:37:06 BST 2026","","github.com/n-orlov/deck/internal/hookrecv","github.com/n-orlov/deck/internal/hookrecv",""
"","0","TestSetEntryRefusalNeverLeavesItFooterOnly/stopped","","Fri Sep 25 21:38:41 BST 2026","passed","Fri Sep 25 21:38:41 BST 2026","","github.com/n-orlov/deck/internal/tui","github.com/n-orlov/deck/internal/tui",""
"","0","TestCropPreviewBottomLeftZeroSize","","Fri Sep 25 21:38:41 BST 2026","passed","Fri Sep 25 21:38:41 BST 2026","","github.com/n-orlov/deck/internal/tui","github.com/n-orlov/deck/internal/tui",""
"","840","TestScreenDriverLaunchesDeckAndAnswersTerminalProbes","","Fri Sep 25 21:36:35 BST 2026","passed","Fri Sep 25 21:36:35 BST 2026","","github.com/n-orlov/deck/features","github.com/n-orlov/deck/features",""
"","80","TestReceiveHookAppliesOverAnyStaleSourceExceptStopped/Stop/from_waiting/via_probe","","Fri Sep 25 21:37:06 BST 2026","passed","Fri Sep 25 21:37:06 BST 2026","","github.com/n-orlov/deck/internal/hookrecv","github.com/n-orlov/deck/internal/hookrecv",""
"","90","TestSetLaunchInputsRejectsBlankAndUnknownSession","","Fri Sep 25 21:37:44 BST 2026","passed","Fri Sep 25 21:37:44 BST 2026","","github.com/n-orlov/deck/internal/service","github.com/n-orlov/deck/internal/service",""
"","60","TestSettingsGroupsPanelReloadPreservesSelectionAndInProgressEditing","","Fri Sep 25 21:38:41 BST 2026","passed","Fri Sep 25 21:38:41 BST 2026","","github.com/n-orlov/deck/internal/tui","github.com/n-orlov/deck/internal/tui",""
"","0","TestLookPathInFindsExecutableOnPath","","Fri Sep 25 21:37:44 BST 2026","passed","Fri Sep 25 21:37:44 BST 2026","","github.com/n-orlov/deck/internal/service","github.com/n-orlov/deck/internal/service",""
"","40","TestSendNamedKeyDeliversAltModifiedNavigationKeysByTmuxsOwnTranslation/M-Home","","Fri Sep 25 21:38:11 BST 2026","passed","Fri Sep 25 21:38:11 BST 2026","","github.com/n-orlov/deck/internal/tmux","github.com/n-orlov/deck/internal/tmux",""
"","1221","malformed launch_args JSON names the problem and keeps the modal open","","","passed","","","The create modal's §11.7 cwd prefill (requirement 12)","",""
"","100","TestSessionContextEnvExportsNamedGroupThroughRealPaneLaunch/claude","","Fri Sep 25 21:37:44 BST 2026","passed","Fri Sep 25 21:37:44 BST 2026","","github.com/n-orlov/deck/internal/service","github.com/n-orlov/deck/internal/service",""
"","0","TestSetSelectionKeepsWholeContextRowAcrossAGroupHeader","","Fri Sep 25 21:38:41 BST 2026","passed","Fri Sep 25 21:38:41 BST 2026","","github.com/n-orlov/deck/internal/tui","github.com/n-orlov/deck/internal/tui",""
"","0","TestDeckOwnedCellsCarryExplicitForegroundOnEveryBuiltin/cobalt/create_dialog","","Fri Sep 25 21:38:41 BST 2026","passed","Fri Sep 25 21:38:41 BST 2026","","github.com/n-orlov/deck/internal/tui","github.com/n-orlov/deck/internal/tui",""
"","330","TestHomeAndEndEscapesMatchARealAttachedClientTypingTheSameKeys/End","","Fri Sep 25 21:38:11 BST 2026","passed","Fri Sep 25 21:38:11 BST 2026","","github.com/n-orlov/deck/internal/tmux","github.com/n-orlov/deck/internal/tmux",""
"","1216","a fake agent renders a preview fixture once and then falls silent #4","","","passed","","","Godog harness wiring","",""
"","2040","TestFeatures/the_error_status_token_colours_the_error_status_word","","Fri Sep 25 21:39:00 BST 2026","passed","Fri Sep 25 21:39:02 BST 2026","","github.com/n-orlov/deck/features","github.com/n-orlov/deck/features",""
"","50","TestCaptureTransportPicksUpNewContentByPolling","","Fri Sep 25 21:37:23 BST 2026","passed","Fri Sep 25 21:37:23 BST 2026","","github.com/n-orlov/deck/internal/interactive","github.com/n-orlov/deck/internal/interactive",""
"","290","TestReceiveSessionEndReasonTaxonomy","","Fri Sep 25 21:37:06 BST 2026","passed","Fri Sep 25 21:37:06 BST 2026","","github.com/n-orlov/deck/internal/hookrecv","github.com/n-orlov/deck/internal/hookrecv",""
"","940","TestFeatures/a_fake_agent_records_its_initial_size_and_every_SIGWINCH-observed_size#01","","Fri Sep 25 21:39:00 BST 2026","passed","Fri Sep 25 21:39:00 BST 2026","","github.com/n-orlov/deck/features","github.com/n-orlov/deck/features",""
"","0","TestToggleGroupCollapseFlipsState","","Fri Sep 25 21:38:41 BST 2026","passed","Fri Sep 25 21:38:41 BST 2026","","github.com/n-orlov/deck/internal/tui","github.com/n-orlov/deck/internal/tui",""
"","0","TestSGRMouseEncodesColumnsPastX10Ceiling/wheel_up_at_column_224","","Fri Sep 25 21:36:35 BST 2026","passed","Fri Sep 25 21:36:35 BST 2026","","github.com/n-orlov/deck/features","github.com/n-orlov/deck/features",""
"","80","TestReceiveHookOverridesStaleTmuxLaunchFailure/error_to_waiting_via_Notification","","Fri Sep 25 21:37:06 BST 2026","passed","Fri Sep 25 21:37:06 BST 2026","","github.com/n-orlov/deck/internal/hookrecv","github.com/n-orlov/deck/internal/hookrecv",""
"","0","TestSessionRowTokensClearContrastFloorOnSurface","","Fri Sep 25 21:38:10 BST 2026","passed","Fri Sep 25 21:38:10 BST 2026","","github.com/n-orlov/deck/internal/theme","github.com/n-orlov/deck/internal/theme",""
"","1630","TestFeatures/dd_on_a_marked_set_leaves_both_adversarially-seeded_cwd_fingerprints_unchanged","","Fri Sep 25 21:39:00 BST 2026","passed","Fri Sep 25 21:39:01 BST 2026","","github.com/n-orlov/deck/features","github.com/n-orlov/deck/features",""
"","656","the frame's geometry is identical across every built-in theme -- only colour differs","","","passed","","","theme rendering end-to-end (requirement 49)","",""
"","0","TestJSONLRecordsTransitionsAndLaunchAudit","","Fri Sep 25 21:37:05 BST 2026","passed","Fri Sep 25 21:37:05 BST 2026","","github.com/n-orlov/deck/internal/audit","github.com/n-orlov/deck/internal/audit",""
"","0","TestSortComparatorsThreeWayTieIsTransitive/name","","Fri Sep 25 21:38:41 BST 2026","passed","Fri Sep 25 21:38:41 BST 2026","","github.com/n-orlov/deck/internal/tui","github.com/n-orlov/deck/internal/tui",""
"","140","TestInteractiveNotRepaintedNoticeCarriesDeckBackground/Stacked/parchment","","Fri Sep 25 21:38:41 BST 2026","passed","Fri Sep 25 21:38:41 BST 2026","","github.com/n-orlov/deck/internal/tui","github.com/n-orlov/deck/internal/tui",""
"","730","TestFeatures/every_category_and_its_schema-declared_fields_are_reachable,_including_the_honestly-unavailable_[notify]_entry","","Fri Sep 25 21:39:00 BST 2026","passed","Fri Sep 25 21:39:00 BST 2026","","github.com/n-orlov/deck/features","github.com/n-orlov/deck/features",""
"","0","TestTokenFormAssertionsResolveThroughPinnedThemeAndCanFail","","Fri Sep 25 21:36:35 BST 2026","passed","Fri Sep 25 21:36:35 BST 2026","","github.com/n-orlov/deck/features","github.com/n-orlov/deck/features",""
"","0","TestListShowsArchivedGlyphInASCIIModeAsBracketedWord","","Fri Sep 25 21:38:41 BST 2026","passed","Fri Sep 25 21:38:41 BST 2026","","github.com/n-orlov/deck/internal/tui","github.com/n-orlov/deck/internal/tui",""
"","0","TestCreateViewSubmitLineReachableViaPgDown","","Fri Sep 25 21:38:41 BST 2026","passed","Fri Sep 25 21:38:41 BST 2026","","github.com/n-orlov/deck/internal/tui","github.com/n-orlov/deck/internal/tui",""
"","2090","TestFeatures/`space`_walks_only_what_needs_attention,_wraps,_and_changes_no_session's_status","","Fri Sep 25 21:39:00 BST 2026","passed","Fri Sep 25 21:39:02 BST 2026","","github.com/n-orlov/deck/features","github.com/n-orlov/deck/features",""
"","0","TestConfigFileMalformedIsRejected/unterminated_section","","Fri Sep 25 21:37:05 BST 2026","passed","Fri Sep 25 21:37:05 BST 2026","","github.com/n-orlov/deck/internal/config","github.com/n-orlov/deck/internal/config",""
"","440","TestSchemaV7MigrationIsAtomicOnMidMigrationFailure","","Fri Sep 25 21:38:00 BST 2026","passed","Fri Sep 25 21:38:00 BST 2026","","github.com/n-orlov/deck/internal/store","github.com/n-orlov/deck/internal/store",""
"","0","TestRolloutTranscriptIsWrittenAndLocatedByTranscriptPaths","","Fri Sep 25 21:36:33 BST 2026","passed","Fri Sep 25 21:36:33 BST 2026","","github.com/n-orlov/deck/cmd/fake-codex","github.com/n-orlov/deck/cmd/fake-codex",""
"","0","TestCapturedPaneFillPastCaptureCarriesDeckBackground","","Fri Sep 25 21:38:41 BST 2026","passed","Fri Sep 25 21:38:41 BST 2026","","github.com/n-orlov/deck/internal/tui","github.com/n-orlov/deck/internal/tui",""
"","0","TestSettingsFooterCarriesDeckBackground/matrix/search","","Fri Sep 25 21:38:41 BST 2026","passed","Fri Sep 25 21:38:41 BST 2026","","github.com/n-orlov/deck/internal/tui","github.com/n-orlov/deck/internal/tui",""
"","950","TestFeatures/submitting_a_working_directory_that_does_not_exist_names_it_and_keeps_the_modal_open","","Fri Sep 25 21:39:00 BST 2026","passed","Fri Sep 25 21:39:00 BST 2026","","github.com/n-orlov/deck/features","github.com/n-orlov/deck/features",""
"","1460","TestFeatures/clicking_the_preview_enters_interactive_mode_and_records_the_same_attachment_enter_does,_and_clicking_below_the_last_row_leaves","","Fri Sep 25 21:39:00 BST 2026","passed","Fri Sep 25 21:39:01 BST 2026","","github.com/n-orlov/deck/features","github.com/n-orlov/deck/features",""
"","50","TestReceiveHookAppliesOverAnyStaleSourceExceptStopped/SessionEnd/from_idle/via_hook","","Fri Sep 25 21:37:06 BST 2026","passed","Fri Sep 25 21:37:06 BST 2026","","github.com/n-orlov/deck/internal/hookrecv","github.com/n-orlov/deck/internal/hookrecv",""
"","0","TestDiscoverUserThemesDuplicateNameLaterFileWins","","Fri Sep 25 21:38:10 BST 2026","passed","Fri Sep 25 21:38:10 BST 2026","","github.com/n-orlov/deck/internal/theme","github.com/n-orlov/deck/internal/theme",""
"","60","TestAAcknowledgesErrorWithoutChangingVerdict","","Fri Sep 25 21:38:41 BST 2026","passed","Fri Sep 25 21:38:41 BST 2026","","github.com/n-orlov/deck/internal/tui","github.com/n-orlov/deck/internal/tui",""
"","1007","a unique directory match ghosts in the hint token and right accepts it with a trailing slash","","","passed","","","The create modal's §11.7 directory-only ghost completion (requirement 14)","",""
"","0","TestCure0105FirstSessionUnderHeaderOnlyLoadFollowsSelection","","Fri Sep 25 21:38:41 BST 2026","passed","Fri Sep 25 21:38:41 BST 2026","","github.com/n-orlov/deck/internal/tui","github.com/n-orlov/deck/internal/tui",""
"","60","TestDispatcherSendLiteralDeliversTwoTrailingSemicolons","","Fri Sep 25 21:38:11 BST 2026","passed","Fri Sep 25 21:38:11 BST 2026","","github.com/n-orlov/deck/internal/tmux","github.com/n-orlov/deck/internal/tmux",""
"","10","TestSettingsSaveAppliesLiveScopeFieldsWithoutRestart/ui.theme","","Fri Sep 25 21:38:41 BST 2026","passed","Fri Sep 25 21:38:41 BST 2026","","github.com/n-orlov/deck/internal/tui","github.com/n-orlov/deck/internal/tui",""
"","0","TestResumeKeyRendersAwaitingSignalNeverRunning","","Fri Sep 25 21:38:41 BST 2026","passed","Fri Sep 25 21:38:41 BST 2026","","github.com/n-orlov/deck/internal/tui","github.com/n-orlov/deck/internal/tui",""
"","0","TestCreateFieldRowsSourceContainsNoColorToken","","Fri Sep 25 21:38:41 BST 2026","passed","Fri Sep 25 21:38:41 BST 2026","","github.com/n-orlov/deck/internal/tui","github.com/n-orlov/deck/internal/tui",""
"","0","TestKillKeyHandlerConsultsCanKillForTheSingleSelectedRow/live_row_dispatches_a_kill_command","","Fri Sep 25 21:38:41 BST 2026","passed","Fri Sep 25 21:38:41 BST 2026","","github.com/n-orlov/deck/internal/tui","github.com/n-orlov/deck/internal/tui",""
"","3021","Stale sampling is visible, precedence-aware, and agent-only","","","passed","","","Sampled probe status truth","",""
"","90","TestSetConversationIDPermissionProfileAndResumeStateRecordEvents","","Fri Sep 25 21:38:00 BST 2026","passed","Fri Sep 25 21:38:00 BST 2026","","github.com/n-orlov/deck/internal/store","github.com/n-orlov/deck/internal/store",""
"","40","TestSessionResizeRejectsNilSeed","","Fri Sep 25 21:37:23 BST 2026","passed","Fri Sep 25 21:37:23 BST 2026","","github.com/n-orlov/deck/internal/interactive","github.com/n-orlov/deck/internal/interactive",""
"","0","TestFooterHandlerAgreementAcrossEveryRowClass/non-empty_mark_set:_selected_row_differs_from_the_marked_row/↵","","Fri Sep 25 21:38:41 BST 2026","passed","Fri Sep 25 21:38:41 BST 2026","","github.com/n-orlov/deck/internal/tui","github.com/n-orlov/deck/internal/tui",""
"","60","TestSweepTombstonesReapsExpiredLeavesFresh","","Fri Sep 25 21:38:00 BST 2026","passed","Fri Sep 25 21:38:00 BST 2026","","github.com/n-orlov/deck/internal/store","github.com/n-orlov/deck/internal/store",""
"","60","TestSendNamedKeyDeliversModifiedNavigationKeysByTmuxsOwnTranslation/C-S-Down","","Fri Sep 25 21:38:11 BST 2026","passed","Fri Sep 25 21:38:11 BST 2026","","github.com/n-orlov/deck/internal/tmux","github.com/n-orlov/deck/internal/tmux",""
"","0","TestSidebarBorderIsFocusPreviewBorderIsUnfocused","","Fri Sep 25 21:38:41 BST 2026","passed","Fri Sep 25 21:38:41 BST 2026","","github.com/n-orlov/deck/internal/tui","github.com/n-orlov/deck/internal/tui",""
"","0","TestSettingsFieldValueDisplayPerKind/toggle_on","","Fri Sep 25 21:38:41 BST 2026","passed","Fri Sep 25 21:38:41 BST 2026","","github.com/n-orlov/deck/internal/tui","github.com/n-orlov/deck/internal/tui",""
"","10","TestForeignBoundaryResetClosesRealTmuxCaptureUnderNoColor/side-by-side/color-control","","Fri Sep 25 21:38:41 BST 2026","passed","Fri Sep 25 21:38:41 BST 2026","","github.com/n-orlov/deck/internal/tui","github.com/n-orlov/deck/internal/tui",""
"","0","TestCombinedFunctionKeyWriteDecodesAsOneNamedKeypress","","Fri Sep 25 21:37:23 BST 2026","passed","Fri Sep 25 21:37:23 BST 2026","","github.com/n-orlov/deck/internal/interactive","github.com/n-orlov/deck/internal/interactive",""
"","60","TestPromoteRecentCwdLimitZeroKeepsNothing","","Fri Sep 25 21:38:00 BST 2026","passed","Fri Sep 25 21:38:00 BST 2026","","github.com/n-orlov/deck/internal/store","github.com/n-orlov/deck/internal/store",""
"","130","TestCreateAgentPromotesCWDToRecentCwds","","Fri Sep 25 21:37:44 BST 2026","passed","Fri Sep 25 21:37:44 BST 2026","","github.com/n-orlov/deck/internal/service","github.com/n-orlov/deck/internal/service",""
"","2140","TestSupersededLaunchGenerationDropsTheWholeHookClass","","Fri Sep 25 21:37:06 BST 2026","passed","Fri Sep 25 21:37:08 BST 2026","","github.com/n-orlov/deck/internal/hookrecv","github.com/n-orlov/deck/internal/hookrecv",""
"","0","TestBelowMinimumFrameStaysWithinBudget/100x30/none/none","","Fri Sep 25 21:38:41 BST 2026","passed","Fri Sep 25 21:38:41 BST 2026","","github.com/n-orlov/deck/internal/tui","github.com/n-orlov/deck/internal/tui",""
"","0","TestViewportFollowsUpAndK","","Fri Sep 25 21:38:41 BST 2026","passed","Fri Sep 25 21:38:41 BST 2026","","github.com/n-orlov/deck/internal/tui","github.com/n-orlov/deck/internal/tui",""
"","40","TestSendNamedKeyDeliversAltModifiedNavigationKeysByTmuxsOwnTranslation/C-M-Right","","Fri Sep 25 21:38:11 BST 2026","passed","Fri Sep 25 21:38:11 BST 2026","","github.com/n-orlov/deck/internal/tmux","github.com/n-orlov/deck/internal/tmux",""
"","1160","TestMouseReportingEnablesSGRExtendedMode","","Fri Sep 25 21:36:35 BST 2026","passed","Fri Sep 25 21:36:36 BST 2026","","github.com/n-orlov/deck/features","github.com/n-orlov/deck/features",""
"","0","TestSessionRestartedNoopOutcomesLeaveTheLatchSetAndIssueNoFit/outcome=3","","Fri Sep 25 21:38:41 BST 2026","passed","Fri Sep 25 21:38:41 BST 2026","","github.com/n-orlov/deck/internal/tui","github.com/n-orlov/deck/internal/tui",""
"","100","TestAcquireLaunchLeaseLiveOwnerInTTLIsNotBreakable","","Fri Sep 25 21:38:00 BST 2026","passed","Fri Sep 25 21:38:00 BST 2026","","github.com/n-orlov/deck/internal/store","github.com/n-orlov/deck/internal/store",""
"","110","TestEnforceEventRetentionRejectsNonPositiveWindow","","Fri Sep 25 21:38:00 BST 2026","passed","Fri Sep 25 21:38:00 BST 2026","","github.com/n-orlov/deck/internal/store","github.com/n-orlov/deck/internal/store",""
"","0","TestSettingsGroupsListLongerThanViewportKeepsSelectionAndEditorVisible/80x24/rename_rejected_name_keeps_the_validation_visible","","Fri Sep 25 21:38:41 BST 2026","passed","Fri Sep 25 21:38:41 BST 2026","","github.com/n-orlov/deck/internal/tui","github.com/n-orlov/deck/internal/tui",""
"","2220","TestFeatures/a_non-default_sidebar_width_actually_widens_deck's_own_rendered_sidebar","","Fri Sep 25 21:39:00 BST 2026","passed","Fri Sep 25 21:39:02 BST 2026","","github.com/n-orlov/deck/features","github.com/n-orlov/deck/features",""
"","0","TestSettingsScopeLabelComesFromSchemaVerbatim","","Fri Sep 25 21:38:41 BST 2026","passed","Fri Sep 25 21:38:41 BST 2026","","github.com/n-orlov/deck/internal/tui","github.com/n-orlov/deck/internal/tui",""
"","0","TestHeaderSelectionCuePreservedAcrossCAndLeftRight","","Fri Sep 25 21:38:41 BST 2026","passed","Fri Sep 25 21:38:41 BST 2026","","github.com/n-orlov/deck/internal/tui","github.com/n-orlov/deck/internal/tui",""
"","0","TestDeckOwnedCellsCarryExplicitForegroundOnEveryBuiltin/daylight/create_dialog","","Fri Sep 25 21:38:41 BST 2026","passed","Fri Sep 25 21:38:41 BST 2026","","github.com/n-orlov/deck/internal/tui","github.com/n-orlov/deck/internal/tui",""
"","1020","TestFeatures/a_second_blank-name_create_in_the_same_directory_and_minute_gets_a_-2_collision_suffix","","Fri Sep 25 21:39:00 BST 2026","passed","Fri Sep 25 21:39:01 BST 2026","","github.com/n-orlov/deck/features","github.com/n-orlov/deck/features",""
"","90","TestRestoreClearsTombstoneAndReturnsToListSessions","","Fri Sep 25 21:37:44 BST 2026","passed","Fri Sep 25 21:37:44 BST 2026","","github.com/n-orlov/deck/internal/service","github.com/n-orlov/deck/internal/service",""
"","0","TestSortSessionsByOrderUnknownValueFallsBackToAttention","","Fri Sep 25 21:38:41 BST 2026","passed","Fri Sep 25 21:38:41 BST 2026","","github.com/n-orlov/deck/internal/tui","github.com/n-orlov/deck/internal/tui",""
"","100","TestRefusedCreateKeepsTheStillRestorableSessionsFiles","","Fri Sep 25 21:37:44 BST 2026","passed","Fri Sep 25 21:37:44 BST 2026","","github.com/n-orlov/deck/internal/service","github.com/n-orlov/deck/internal/service",""
"","0","TestMaskEnvValueMasksBySDefaultAndRevealsOnToggle","","Fri Sep 25 21:38:41 BST 2026","passed","Fri Sep 25 21:38:41 BST 2026","","github.com/n-orlov/deck/internal/tui","github.com/n-orlov/deck/internal/tui",""
"","770","TestFeatures/yolo_default_is_On_but_inert_while_allow_yolo_stays_off,_and_the_settings_row_itself_says_so_(steer_020_item_2)","","Fri Sep 25 21:39:00 BST 2026","passed","Fri Sep 25 21:39:00 BST 2026","","github.com/n-orlov/deck/features","github.com/n-orlov/deck/features",""
"","0","TestSortSessionsByOrderDispatchesOnConfiguredOrder","","Fri Sep 25 21:38:41 BST 2026","passed","Fri Sep 25 21:38:41 BST 2026","","github.com/n-orlov/deck/internal/tui","github.com/n-orlov/deck/internal/tui",""
"","60","TestReceiveHookAppliesOverAnyStaleSourceExceptStopped/SessionEnd/from_idle/via_user","","Fri Sep 25 21:37:06 BST 2026","passed","Fri Sep 25 21:37:06 BST 2026","","github.com/n-orlov/deck/internal/hookrecv","github.com/n-orlov/deck/internal/hookrecv",""
"","0","TestSessionScopedKeysAreInertOnAHeader","","Fri Sep 25 21:38:41 BST 2026","passed","Fri Sep 25 21:38:41 BST 2026","","github.com/n-orlov/deck/internal/tui","github.com/n-orlov/deck/internal/tui",""
"","0","TestInteractivePressOnADifferentSidebarRowRetargets","","Fri Sep 25 21:38:41 BST 2026","passed","Fri Sep 25 21:38:41 BST 2026","","github.com/n-orlov/deck/internal/tui","github.com/n-orlov/deck/internal/tui",""
"","0","TestSplitAltRuneWithOneMillisecondGapDecodesAsEscapeThenPlainRune","","Fri Sep 25 21:37:23 BST 2026","passed","Fri Sep 25 21:37:23 BST 2026","","github.com/n-orlov/deck/internal/interactive","github.com/n-orlov/deck/internal/interactive",""
"","30","TestClaimWindowOwnershipConfirmReadLosesToACompetingWriter","","Fri Sep 25 21:38:11 BST 2026","passed","Fri Sep 25 21:38:11 BST 2026","","github.com/n-orlov/deck/internal/tmux","github.com/n-orlov/deck/internal/tmux",""
"","0","TestInvalidControlsAreRejected/DECK_UNDO_MS","","Fri Sep 25 21:37:05 BST 2026","passed","Fri Sep 25 21:37:05 BST 2026","","github.com/n-orlov/deck/internal/config","github.com/n-orlov/deck/internal/config",""
"","0","TestResumeAndRestartStillWorkOnceCodexHasAConversationID","","Fri Sep 25 21:38:41 BST 2026","passed","Fri Sep 25 21:38:41 BST 2026","","github.com/n-orlov/deck/internal/tui","github.com/n-orlov/deck/internal/tui",""
"","0","TestThemeFallbackNoticeStaysWithinFrameBudget/80x24","","Fri Sep 25 21:38:41 BST 2026","passed","Fri Sep 25 21:38:41 BST 2026","","github.com/n-orlov/deck/internal/tui","github.com/n-orlov/deck/internal/tui",""
"","0","TestViewportFollowsUpAndK/k","","Fri Sep 25 21:38:41 BST 2026","passed","Fri Sep 25 21:38:41 BST 2026","","github.com/n-orlov/deck/internal/tui","github.com/n-orlov/deck/internal/tui",""
"","90","TestReceiveCodexSupersededSessionStartDoesNotMoveTheConversationID","","Fri Sep 25 21:37:06 BST 2026","passed","Fri Sep 25 21:37:06 BST 2026","","github.com/n-orlov/deck/internal/hookrecv","github.com/n-orlov/deck/internal/hookrecv",""
"","30","TestClaimWindowOwnershipStealsFromADeadOwner","","Fri Sep 25 21:38:11 BST 2026","passed","Fri Sep 25 21:38:11 BST 2026","","github.com/n-orlov/deck/internal/tmux","github.com/n-orlov/deck/internal/tmux",""
"","850","TestCapturePaneSeedAtomicSuppressesAlternateScreenHistory","","Fri Sep 25 21:38:11 BST 2026","passed","Fri Sep 25 21:38:11 BST 2026","","github.com/n-orlov/deck/internal/tmux","github.com/n-orlov/deck/internal/tmux",""
"","2260","TestFeatures/the_panel_announces_a_target_that_never_repaints,_even_after_typing","","Fri Sep 25 21:39:00 BST 2026","passed","Fri Sep 25 21:39:02 BST 2026","","github.com/n-orlov/deck/features","github.com/n-orlov/deck/features",""
"","0","TestCreateModalMissingCWDMessage","","Fri Sep 25 21:38:41 BST 2026","passed","Fri Sep 25 21:38:41 BST 2026","","github.com/n-orlov/deck/internal/tui","github.com/n-orlov/deck/internal/tui",""
"","0","TestWheelInOverlayHonoursMouseOptOut/help_overlay","","Fri Sep 25 21:38:41 BST 2026","passed","Fri Sep 25 21:38:41 BST 2026","","github.com/n-orlov/deck/internal/tui","github.com/n-orlov/deck/internal/tui",""
"","0","TestArchiveKeyOnAnArchivedRowRefusesAndNamesU","","Fri Sep 25 21:38:41 BST 2026","passed","Fri Sep 25 21:38:41 BST 2026","","github.com/n-orlov/deck/internal/tui","github.com/n-orlov/deck/internal/tui",""
"","0","TestSessionRowTokensClearContrastFloorOnSurface/empire","","Fri Sep 25 21:38:10 BST 2026","passed","Fri Sep 25 21:38:10 BST 2026","","github.com/n-orlov/deck/internal/theme","github.com/n-orlov/deck/internal/theme",""
"","10","TestR142WheelDriftSurvivesLiveReGroup/selection-at-top-wheel-down","","Fri Sep 25 21:38:41 BST 2026","passed","Fri Sep 25 21:38:41 BST 2026","","github.com/n-orlov/deck/internal/tui","github.com/n-orlov/deck/internal/tui",""
"","240","TestPasteBufferAddsNoMarkersWithoutBracketedPasteModeEnabled","","Fri Sep 25 21:38:11 BST 2026","passed","Fri Sep 25 21:38:11 BST 2026","","github.com/n-orlov/deck/internal/tmux","github.com/n-orlov/deck/internal/tmux",""
"","0","TestSeamBodyRowIsFocusedWhenSidebarHasFocus","","Fri Sep 25 21:38:41 BST 2026","passed","Fri Sep 25 21:38:41 BST 2026","","github.com/n-orlov/deck/internal/tui","github.com/n-orlov/deck/internal/tui",""
"","0","TestFooterHandlerAgreementAcrossEveryRowClass/archived/r","","Fri Sep 25 21:38:41 BST 2026","passed","Fri Sep 25 21:38:41 BST 2026","","github.com/n-orlov/deck/internal/tui","github.com/n-orlov/deck/internal/tui",""
"","0","TestIsSecretShapedKeyMatchesSPEC64Pattern","","Fri Sep 25 21:38:41 BST 2026","passed","Fri Sep 25 21:38:41 BST 2026","","github.com/n-orlov/deck/internal/tui","github.com/n-orlov/deck/internal/tui",""
"","0","TestAvailabilityProberInjectedOnOpenGatesCycle/shell-only","","Fri Sep 25 21:38:41 BST 2026","passed","Fri Sep 25 21:38:41 BST 2026","","github.com/n-orlov/deck/internal/tui","github.com/n-orlov/deck/internal/tui",""
"","100","TestReceiveHookAppliesOverAnyStaleSourceExceptStopped/Stop/from_waiting/via_user","","Fri Sep 25 21:37:06 BST 2026","passed","Fri Sep 25 21:37:06 BST 2026","","github.com/n-orlov/deck/internal/hookrecv","github.com/n-orlov/deck/internal/hookrecv",""
"","40","TestSendNamedKeyDeliversAltModifiedNavigationKeysByTmuxsOwnTranslation/C-M-S-Right","","Fri Sep 25 21:38:11 BST 2026","passed","Fri Sep 25 21:38:11 BST 2026","","github.com/n-orlov/deck/internal/tmux","github.com/n-orlov/deck/internal/tmux",""
"","50","TestReleaseUnsetsOnlyAnOwnedClaim","","Fri Sep 25 21:38:11 BST 2026","passed","Fri Sep 25 21:38:11 BST 2026","","github.com/n-orlov/deck/internal/tmux","github.com/n-orlov/deck/internal/tmux",""
"","130","TestSetPermissionProfilePersistsAndDoesNotRelaunch","","Fri Sep 25 21:37:44 BST 2026","passed","Fri Sep 25 21:37:44 BST 2026","","github.com/n-orlov/deck/internal/service","github.com/n-orlov/deck/internal/service",""
"","60","TestReceiveHookAppliesOverAnyStaleSourceExceptStopped/SessionEnd/from_running/via_user","","Fri Sep 25 21:37:06 BST 2026","passed","Fri Sep 25 21:37:06 BST 2026","","github.com/n-orlov/deck/internal/hookrecv","github.com/n-orlov/deck/internal/hookrecv",""
"","0","TestDeckOwnedCellsCarryExplicitForegroundOnEveryBuiltin/empire/detail_dialog","","Fri Sep 25 21:38:41 BST 2026","passed","Fri Sep 25 21:38:41 BST 2026","","github.com/n-orlov/deck/internal/tui","github.com/n-orlov/deck/internal/tui",""
"","2450","TestFeatures/sessions_render_in_the_full_waiting/error/running/starting/idle/stopped_order,_ties_broken_oldest-first","","Fri Sep 25 21:39:00 BST 2026","passed","Fri Sep 25 21:39:02 BST 2026","","github.com/n-orlov/deck/features","github.com/n-orlov/deck/features",""
"","790","TestFeatures/a_real_deck_client's_frame_fits_its_own_terminal_at_several_sizes#01","","Fri Sep 25 21:39:00 BST 2026","passed","Fri Sep 25 21:39:00 BST 2026","","github.com/n-orlov/deck/features","github.com/n-orlov/deck/features",""
"","2100","TestFeatures/a_session_created_and_then_resumed_records_DECK_SESSION_LAUNCH_KIND_as_create,_then_resume","","Fri Sep 25 21:39:00 BST 2026","passed","Fri Sep 25 21:39:02 BST 2026","","github.com/n-orlov/deck/features","github.com/n-orlov/deck/features",""
"","0","TestDetailDialogNamesTheSessionsGroupBeforeThePickerOpens","","Fri Sep 25 21:38:41 BST 2026","passed","Fri Sep 25 21:38:41 BST 2026","","github.com/n-orlov/deck/internal/tui","github.com/n-orlov/deck/internal/tui",""
"","0","TestFooterHandlerAgreementAcrossEveryRowClass/stopped/↵","","Fri Sep 25 21:38:41 BST 2026","passed","Fri Sep 25 21:38:41 BST 2026","","github.com/n-orlov/deck/internal/tui","github.com/n-orlov/deck/internal/tui",""
"","10","TestSettingsSaveDoesNotApplyRestartToApplyFieldsLive/ui.recent_cwd_limit","","Fri Sep 25 21:38:41 BST 2026","passed","Fri Sep 25 21:38:41 BST 2026","","github.com/n-orlov/deck/internal/tui","github.com/n-orlov/deck/internal/tui",""
"","40","TestSendNamedKeyDeliversAltModifiedNavigationKeysByTmuxsOwnTranslation/M-End","","Fri Sep 25 21:38:11 BST 2026","passed","Fri Sep 25 21:38:11 BST 2026","","github.com/n-orlov/deck/internal/tmux","github.com/n-orlov/deck/internal/tmux",""
"","0","TestEnvEditorFirstTypedRuneReplacesThePrefilledValueWholesale","","Fri Sep 25 21:38:41 BST 2026","passed","Fri Sep 25 21:38:41 BST 2026","","github.com/n-orlov/deck/internal/tui","github.com/n-orlov/deck/internal/tui",""
"","1144","SIGKILL targets the agent process and retains its failed pane","","","passed","","","Fake Claude fixture mechanism","",""
"","0","TestLiveErrorRowFooterAndHandlersAgree/Y","","Fri Sep 25 21:38:41 BST 2026","passed","Fri Sep 25 21:38:41 BST 2026","","github.com/n-orlov/deck/internal/tui","github.com/n-orlov/deck/internal/tui",""
"","20","TestSendKeysDoubledLiteralFlagWithoutSeparatorIsSilentlyDiscarded","","Fri Sep 25 21:38:11 BST 2026","passed","Fri Sep 25 21:38:11 BST 2026","","github.com/n-orlov/deck/internal/tmux","github.com/n-orlov/deck/internal/tmux",""
"","0","TestSortComparatorsPreservePreviousRelativeOrderOnTie/activity","","Fri Sep 25 21:38:41 BST 2026","passed","Fri Sep 25 21:38:41 BST 2026","","github.com/n-orlov/deck/internal/tui","github.com/n-orlov/deck/internal/tui",""
"","0","TestSeamIsPlainBorderWhenNeitherPanelFocused","","Fri Sep 25 21:38:41 BST 2026","passed","Fri Sep 25 21:38:41 BST 2026","","github.com/n-orlov/deck/internal/tui","github.com/n-orlov/deck/internal/tui",""
"","0","TestDeckOwnedCellsCarryExplicitForegroundOnEveryBuiltin/matrix/detail_dialog","","Fri Sep 25 21:38:41 BST 2026","passed","Fri Sep 25 21:38:41 BST 2026","","github.com/n-orlov/deck/internal/tui","github.com/n-orlov/deck/internal/tui",""
"","0","TestViewportFollowsUpAndK/up","","Fri Sep 25 21:38:41 BST 2026","passed","Fri Sep 25 21:38:41 BST 2026","","github.com/n-orlov/deck/internal/tui","github.com/n-orlov/deck/internal/tui",""
"","0","TestFooterHandlerAgreementAcrossEveryRowClass/archived/A","","Fri Sep 25 21:38:41 BST 2026","passed","Fri Sep 25 21:38:41 BST 2026","","github.com/n-orlov/deck/internal/tui","github.com/n-orlov/deck/internal/tui",""
"","0","TestFitForegroundReportsTheBestAvailableWhenTheFloorIsUnreachable","","Fri Sep 25 21:38:10 BST 2026","passed","Fri Sep 25 21:38:10 BST 2026","","github.com/n-orlov/deck/internal/theme","github.com/n-orlov/deck/internal/theme",""
"","0","TestAllDialogsRejectMouseAtBorderBodyAndOutside/rename","","Fri Sep 25 21:38:41 BST 2026","passed","Fri Sep 25 21:38:41 BST 2026","","github.com/n-orlov/deck/internal/tui","github.com/n-orlov/deck/internal/tui",""
"","0","TestRenameDialogPrefillsSubmitsAndClosesBackToDetail","","Fri Sep 25 21:38:41 BST 2026","passed","Fri Sep 25 21:38:41 BST 2026","","github.com/n-orlov/deck/internal/tui","github.com/n-orlov/deck/internal/tui",""
"","70","TestSettingsGroupDeleteDBranchDropsTheGroupRowOnceTheBatchCommits","","Fri Sep 25 21:38:41 BST 2026","passed","Fri Sep 25 21:38:41 BST 2026","","github.com/n-orlov/deck/internal/tui","github.com/n-orlov/deck/internal/tui",""
"","0","TestArchivePurgeAndRefusalMessagesStayWithinFrameBudgetAtEveryLayoutMode/Archiving_is_unavailable/auto","","Fri Sep 25 21:38:41 BST 2026","passed","Fri Sep 25 21:38:41 BST 2026","","github.com/n-orlov/deck/internal/tui","github.com/n-orlov/deck/internal/tui",""
"","10","TestDeckOwnedCellsCarryExplicitForegroundOnEveryBuiltin/cobalt/main_side-by-side,_placeholder_preview","","Fri Sep 25 21:38:41 BST 2026","passed","Fri Sep 25 21:38:41 BST 2026","","github.com/n-orlov/deck/internal/tui","github.com/n-orlov/deck/internal/tui",""
"","0","TestAvailabilityProberInjectedOnOpenGatesCycle","","Fri Sep 25 21:38:41 BST 2026","passed","Fri Sep 25 21:38:41 BST 2026","","github.com/n-orlov/deck/internal/tui","github.com/n-orlov/deck/internal/tui",""
"","946","A on a non-stopped session offers kill and archive as one action instead of refusing","","","passed","","","Undo toast after x, and the dd delete/tombstone chord","",""
"","880","TestFeatures/in_passive_preview,_a_live_pane_larger_than_the_panel_is_cropped_with_its_real_geometry_stated","","Fri Sep 25 21:39:00 BST 2026","passed","Fri Sep 25 21:39:00 BST 2026","","github.com/n-orlov/deck/features","github.com/n-orlov/deck/features",""
"","1320","TestFeatures/NO_COLOR_renders_every_theme_monochrome,_with_a_session's_status_carried_by_its_glyph_alone","","Fri Sep 25 21:39:00 BST 2026","passed","Fri Sep 25 21:39:01 BST 2026","","github.com/n-orlov/deck/features","github.com/n-orlov/deck/features",""
"","0","TestFrozenClockUsesResolvedDataRootWithoutDeckHome","","Fri Sep 25 21:37:05 BST 2026","passed","Fri Sep 25 21:37:05 BST 2026","","github.com/n-orlov/deck/internal/config","github.com/n-orlov/deck/internal/config",""
"","0","TestColouredPreviewKeepsFullFrameBordersColumnAligned","","Fri Sep 25 21:38:41 BST 2026","passed","Fri Sep 25 21:38:41 BST 2026","","github.com/n-orlov/deck/internal/tui","github.com/n-orlov/deck/internal/tui",""
"","60","TestListEventsOrdersNewestFirstAndCapsAtLimit","","Fri Sep 25 21:38:00 BST 2026","passed","Fri Sep 25 21:38:00 BST 2026","","github.com/n-orlov/deck/internal/store","github.com/n-orlov/deck/internal/store",""
"","1060","TestDeckBinaryEmptyHelpAndQuitThroughPTY","","Fri Sep 25 21:36:22 BST 2026","passed","Fri Sep 25 21:36:23 BST 2026","","github.com/n-orlov/deck/cmd/deck","github.com/n-orlov/deck/cmd/deck",""
"","160","TestCreateShellReusingATombstonedNameCleansUpThatSessionsFiles","","Fri Sep 25 21:37:44 BST 2026","passed","Fri Sep 25 21:37:44 BST 2026","","github.com/n-orlov/deck/internal/service","github.com/n-orlov/deck/internal/service",""
"","1480","TestBlackBoxAssertionsObserveRealSession","","Fri Sep 25 21:36:35 BST 2026","passed","Fri Sep 25 21:36:36 BST 2026","","github.com/n-orlov/deck/features","github.com/n-orlov/deck/features",""
"","0","TestSGRMouseEncodesColumnsPastX10Ceiling","","Fri Sep 25 21:36:35 BST 2026","passed","Fri Sep 25 21:36:35 BST 2026","","github.com/n-orlov/deck/features","github.com/n-orlov/deck/features",""
"","1105","a fake agent renders a preview fixture once and then falls silent #5","","","passed","","","Godog harness wiring","",""
"","0","TestSettingsCategoriesGroupEveryFlatKeyExactlyOnce","","Fri Sep 25 21:38:41 BST 2026","passed","Fri Sep 25 21:38:41 BST 2026","","github.com/n-orlov/deck/internal/tui","github.com/n-orlov/deck/internal/tui",""
"","980","TestFeatures/create_dialog_--_esc_after_altering_every_field_creates_no_session_and_touches_no_config","","Fri Sep 25 21:39:00 BST 2026","passed","Fri Sep 25 21:39:00 BST 2026","","github.com/n-orlov/deck/features","github.com/n-orlov/deck/features",""
"","110","TestKillReapSweepAndNameReuseReapNeverRunPostDestroy/Reap","","Fri Sep 25 21:37:44 BST 2026","passed","Fri Sep 25 21:37:44 BST 2026","","github.com/n-orlov/deck/internal/service","github.com/n-orlov/deck/internal/service",""
"","0","TestPadTruncElidesWideSessionNameWithoutSplitting","","Fri Sep 25 21:38:41 BST 2026","passed","Fri Sep 25 21:38:41 BST 2026","","github.com/n-orlov/deck/internal/tui","github.com/n-orlov/deck/internal/tui",""
"","0","TestSessionsLoadedClampsWhenSelectedSessionVanishes","","Fri Sep 25 21:38:41 BST 2026","passed","Fri Sep 25 21:38:41 BST 2026","","github.com/n-orlov/deck/internal/tui","github.com/n-orlov/deck/internal/tui",""
"","0","TestGKeyNoopUnderOverlaysAndWithNoSessions","","Fri Sep 25 21:38:41 BST 2026","passed","Fri Sep 25 21:38:41 BST 2026","","github.com/n-orlov/deck/internal/tui","github.com/n-orlov/deck/internal/tui",""
"","0","TestMouseDefaultsToTrueWhenUnset","","Fri Sep 25 21:37:05 BST 2026","passed","Fri Sep 25 21:37:05 BST 2026","","github.com/n-orlov/deck/internal/config","github.com/n-orlov/deck/internal/config",""
"","2080","TestFeatures/rename_dialog_--_a_top-level_r_does_not_open_it;_it_still_means_resume","","Fri Sep 25 21:39:00 BST 2026","passed","Fri Sep 25 21:39:02 BST 2026","","github.com/n-orlov/deck/features","github.com/n-orlov/deck/features",""
"","0","TestDeleteConfirmNoteIsError","","Fri Sep 25 21:38:41 BST 2026","passed","Fri Sep 25 21:38:41 BST 2026","","github.com/n-orlov/deck/internal/tui","github.com/n-orlov/deck/internal/tui",""
"","0","TestThemedDialogTokensClearContrastFloor/matrix","","Fri Sep 25 21:38:10 BST 2026","passed","Fri Sep 25 21:38:10 BST 2026","","github.com/n-orlov/deck/internal/theme","github.com/n-orlov/deck/internal/theme",""
"","0","TestThemedDialogsDegradeCleanlyUnderNoColorAndASCII/archive_confirm/live_row","","Fri Sep 25 21:38:41 BST 2026","passed","Fri Sep 25 21:38:41 BST 2026","","github.com/n-orlov/deck/internal/tui","github.com/n-orlov/deck/internal/tui",""
"","0","TestEveryEntryRefusalKindDrawsItsOwnBannerNotTheFooter","","Fri Sep 25 21:38:41 BST 2026","passed","Fri Sep 25 21:38:41 BST 2026","","github.com/n-orlov/deck/internal/tui","github.com/n-orlov/deck/internal/tui",""
"","70","TestSettingsGroupDeleteMBranchMovesMembersToDefaultAndDropsGroup","","Fri Sep 25 21:38:41 BST 2026","passed","Fri Sep 25 21:38:41 BST 2026","","github.com/n-orlov/deck/internal/tui","github.com/n-orlov/deck/internal/tui",""
"","1670","TestFeatures/collapsing_and_expanding_the_sidebar's_only_workspace_group_round-trips_via_two_`c`_presses","","Fri Sep 25 21:39:00 BST 2026","passed","Fri Sep 25 21:39:01 BST 2026","","github.com/n-orlov/deck/features","github.com/n-orlov/deck/features",""
"","0","TestSettingsFooterCarriesDeckBackground/empire/env-edit","","Fri Sep 25 21:38:41 BST 2026","passed","Fri Sep 25 21:38:41 BST 2026","","github.com/n-orlov/deck/internal/tui","github.com/n-orlov/deck/internal/tui",""
"","0","TestCreateModalTypingIntoPostDestroyField","","Fri Sep 25 21:38:41 BST 2026","passed","Fri Sep 25 21:38:41 BST 2026","","github.com/n-orlov/deck/internal/tui","github.com/n-orlov/deck/internal/tui",""
"","2237","the permission profile survives a resume","","","passed","","","Permission profile mapping, degradation and the yolo gate","",""
"","0","TestSecondDOfMarkedDDInertOnHeader","","Fri Sep 25 21:38:41 BST 2026","passed","Fri Sep 25 21:38:41 BST 2026","","github.com/n-orlov/deck/internal/tui","github.com/n-orlov/deck/internal/tui",""
"","0","TestUndoToastBudgetHoldsAcrossSizes/80x24","","Fri Sep 25 21:38:41 BST 2026","passed","Fri Sep 25 21:38:41 BST 2026","","github.com/n-orlov/deck/internal/tui","github.com/n-orlov/deck/internal/tui",""
"","0","TestPaneResumeCommandRequiresOldConversationID","","Fri Sep 25 21:36:32 BST 2026","passed","Fri Sep 25 21:36:32 BST 2026","","github.com/n-orlov/deck/cmd/fake-claude","github.com/n-orlov/deck/cmd/fake-claude",""
"","0","TestStackedSidebarGutterMarkedUnselectedRowIsBadgeWithCheck/unicode","","Fri Sep 25 21:38:41 BST 2026","passed","Fri Sep 25 21:38:41 BST 2026","","github.com/n-orlov/deck/internal/tui","github.com/n-orlov/deck/internal/tui",""
"","650","TestFeatures/the_below-minimum_notice_lands_on_the_footer_line_and_only_there","","Fri Sep 25 21:39:00 BST 2026","passed","Fri Sep 25 21:39:00 BST 2026","","github.com/n-orlov/deck/features","github.com/n-orlov/deck/features",""
"","10","TestSettingsScopeParityMatchesSaveBehaviour/ui.preview_fit","","Fri Sep 25 21:38:41 BST 2026","passed","Fri Sep 25 21:38:41 BST 2026","","github.com/n-orlov/deck/internal/tui","github.com/n-orlov/deck/internal/tui",""
"","1304","u does nothing once the delete grace window has expired, and the row is reaped","","","passed","","","Undo toast after x, and the dd delete/tombstone chord","",""
"","0","TestSettingsViewFitsFrameBudget","","Fri Sep 25 21:38:41 BST 2026","passed","Fri Sep 25 21:38:41 BST 2026","","github.com/n-orlov/deck/internal/tui","github.com/n-orlov/deck/internal/tui",""
"","0","TestPreviewTickWithoutEngineOnlyReschedules","","Fri Sep 25 21:38:41 BST 2026","passed","Fri Sep 25 21:38:41 BST 2026","","github.com/n-orlov/deck/internal/tui","github.com/n-orlov/deck/internal/tui",""
"","60","TestRememberedCreateGroupSurvivesRestart","","Fri Sep 25 21:38:41 BST 2026","passed","Fri Sep 25 21:38:41 BST 2026","","github.com/n-orlov/deck/internal/tui","github.com/n-orlov/deck/internal/tui",""
"","0","TestEnvEditModePagingScrollsAndKeepsTheEditOpen","","Fri Sep 25 21:38:41 BST 2026","passed","Fri Sep 25 21:38:41 BST 2026","","github.com/n-orlov/deck/internal/tui","github.com/n-orlov/deck/internal/tui",""
"","40","TestIdentityDistinguishesSameLooksLikePaneIDAcrossSockets","","Fri Sep 25 21:38:11 BST 2026","passed","Fri Sep 25 21:38:11 BST 2026","","github.com/n-orlov/deck/internal/tmux","github.com/n-orlov/deck/internal/tmux",""
"","1900","TestFeatures/pin_dialog_--_enter_submits_the_cycled_value","","Fri Sep 25 21:39:00 BST 2026","passed","Fri Sep 25 21:39:01 BST 2026","","github.com/n-orlov/deck/features","github.com/n-orlov/deck/features",""
"","1346","sort_order defaults to attention and orders by the waiting/error/running/idle tiers","","","passed","","","`[ui] sort_order` -- attention, created, activity and name orders (requirement R53)","",""
"","50","TestSessionResizeReplacesGridInstance","","Fri Sep 25 21:37:23 BST 2026","passed","Fri Sep 25 21:37:23 BST 2026","","github.com/n-orlov/deck/internal/interactive","github.com/n-orlov/deck/internal/interactive",""
"","60","TestReceiveHookAppliesOverAnyStaleSourceExceptStopped/Stop/from_running/via_user","","Fri Sep 25 21:37:06 BST 2026","passed","Fri Sep 25 21:37:06 BST 2026","","github.com/n-orlov/deck/internal/hookrecv","github.com/n-orlov/deck/internal/hookrecv",""
"","0","TestRejectsUnknownFlags/unknown_short_flag","","Fri Sep 25 21:36:33 BST 2026","passed","Fri Sep 25 21:36:33 BST 2026","","github.com/n-orlov/deck/cmd/fake-pi","github.com/n-orlov/deck/cmd/fake-pi",""
"","100","TestReceiveHookAppliesOverAnyStaleSourceExceptStopped/StopFailure/from_starting/via_tmux","","Fri Sep 25 21:37:06 BST 2026","passed","Fri Sep 25 21:37:06 BST 2026","","github.com/n-orlov/deck/internal/hookrecv","github.com/n-orlov/deck/internal/hookrecv",""
"","0","TestPaneStateCommandsMatchEveryCodexProbeVerdict","","Fri Sep 25 21:36:33 BST 2026","passed","Fri Sep 25 21:36:33 BST 2026","","github.com/n-orlov/deck/cmd/fake-codex","github.com/n-orlov/deck/cmd/fake-codex",""
"","855","a real deck client's frame fits its own terminal at several sizes #3","","","passed","","","Godog harness wiring","",""
"","8580","TestFeatures/<_and_>_clamp_sidebar_width_at_both_ends","","Fri Sep 25 21:39:00 BST 2026","passed","Fri Sep 25 21:39:08 BST 2026","","github.com/n-orlov/deck/features","github.com/n-orlov/deck/features",""
"","0","TestForeignBoundaryResetClosesCapturedSGRUnderNoColor","","Fri Sep 25 21:38:41 BST 2026","passed","Fri Sep 25 21:38:41 BST 2026","","github.com/n-orlov/deck/internal/tui","github.com/n-orlov/deck/internal/tui",""
"","60","TestSettingsGroupDeleteDBranchReachesTheSameServiceCallDDDoes","","Fri Sep 25 21:38:41 BST 2026","passed","Fri Sep 25 21:38:41 BST 2026","","github.com/n-orlov/deck/internal/tui","github.com/n-orlov/deck/internal/tui",""
"","140","TestInteractiveNotRepaintedNoticeCarriesDeckBackground/SideBySide/empire","","Fri Sep 25 21:38:41 BST 2026","passed","Fri Sep 25 21:38:41 BST 2026","","github.com/n-orlov/deck/internal/tui","github.com/n-orlov/deck/internal/tui",""
"","0","TestProbeGoldenPaneCorpus/claude/starting.txt","","Fri Sep 25 21:37:05 BST 2026","passed","Fri Sep 25 21:37:05 BST 2026","","github.com/n-orlov/deck/internal/agent","github.com/n-orlov/deck/internal/agent",""
"","0","TestPi_Capabilities","","Fri Sep 25 21:37:05 BST 2026","passed","Fri Sep 25 21:37:05 BST 2026","","github.com/n-orlov/deck/internal/agent","github.com/n-orlov/deck/internal/agent",""
"","1584","sort_order = activity orders by status_at descending, most recently changed first","","","passed","","","`[ui] sort_order` -- attention, created, activity and name orders (requirement R53)","",""
"","140","TestReconcilerCapturesAndCollectsCrashFirstWriterOnly","","Fri Sep 25 21:37:44 BST 2026","passed","Fri Sep 25 21:37:44 BST 2026","","github.com/n-orlov/deck/internal/service","github.com/n-orlov/deck/internal/service",""
"","0","TestFooterKeyLegendReflectsEligibility/live_row:_kill,_restart,_attach_and_interactive_eligible,_resume_is_not","","Fri Sep 25 21:38:41 BST 2026","passed","Fri Sep 25 21:38:41 BST 2026","","github.com/n-orlov/deck/internal/tui","github.com/n-orlov/deck/internal/tui",""
"","1130","a fake agent renders a preview fixture once and then falls silent #3","","","passed","","","Godog harness wiring","",""
"","0","TestRenderedFixturesProbeToTheRealPiVerdict/pi/running.txt","","Fri Sep 25 21:36:33 BST 2026","passed","Fri Sep 25 21:36:33 BST 2026","","github.com/n-orlov/deck/cmd/fake-pi","github.com/n-orlov/deck/cmd/fake-pi",""
"","60","TestCreateModalOpensWithoutLabelWhenNoLastCreateAgent","","Fri Sep 25 21:38:41 BST 2026","passed","Fri Sep 25 21:38:41 BST 2026","","github.com/n-orlov/deck/internal/tui","github.com/n-orlov/deck/internal/tui",""
"","30","TestPanePipeReceivesGenuineEOFOnDisableWithPanePipeZero","","Fri Sep 25 21:38:11 BST 2026","passed","Fri Sep 25 21:38:11 BST 2026","","github.com/n-orlov/deck/internal/tmux","github.com/n-orlov/deck/internal/tmux",""
"","200","TestWaitForFifoWriterWaitsPastGraceWhileStillArmed","","Fri Sep 25 21:38:11 BST 2026","passed","Fri Sep 25 21:38:11 BST 2026","","github.com/n-orlov/deck/internal/tmux","github.com/n-orlov/deck/internal/tmux",""
"","1941","a truncating row's background rectangle stays unbroken with the R119 gutter in its own columns, at the sidebar's minimum width","","","passed","","","A selected/striped sidebar row's background fills a real rectangle, and the seam stays clear (requirement 58, task 323)","",""
"","0","TestSidebarStripeSelectionWinsRegardlessOfPhase","","Fri Sep 25 21:38:41 BST 2026","passed","Fri Sep 25 21:38:41 BST 2026","","github.com/n-orlov/deck/internal/tui","github.com/n-orlov/deck/internal/tui",""
"","2089","`space` walks only what needs attention, wraps, and changes no session's status","","","passed","","","The attention sort, workspace grouping/collapse, and `space` (requirement 40)","",""
"","0","TestEnvViewFocusedRowGetsSelectionBackground","","Fri Sep 25 21:38:41 BST 2026","passed","Fri Sep 25 21:38:41 BST 2026","","github.com/n-orlov/deck/internal/tui","github.com/n-orlov/deck/internal/tui",""
"","50","TestFullAttachReleasesAPreviewPinButNeverALiveOwnersPin/a_live_owner's_pin_is_left_exactly_as_it_is","","Fri Sep 25 21:38:41 BST 2026","passed","Fri Sep 25 21:38:41 BST 2026","","github.com/n-orlov/deck/internal/tui","github.com/n-orlov/deck/internal/tui",""
"","0","TestBelowMinimumFrameStaysWithinBudget/79x40/resumeNote/short","","Fri Sep 25 21:38:41 BST 2026","passed","Fri Sep 25 21:38:41 BST 2026","","github.com/n-orlov/deck/internal/tui","github.com/n-orlov/deck/internal/tui",""
"","1150","TestFeatures/help_dialog_--_the_mouse_can_neither_cancel_nor_confirm_it,_at_its_border,_its_body_or_outside_it","","Fri Sep 25 21:39:00 BST 2026","passed","Fri Sep 25 21:39:01 BST 2026","","github.com/n-orlov/deck/features","github.com/n-orlov/deck/features",""
"","0","TestParseRejectsMissingToken","","Fri Sep 25 21:38:10 BST 2026","passed","Fri Sep 25 21:38:10 BST 2026","","github.com/n-orlov/deck/internal/theme","github.com/n-orlov/deck/internal/theme",""
"","0","TestEmptyAndHelpViewsAreDiscoverable","","Fri Sep 25 21:38:41 BST 2026","passed","Fri Sep 25 21:38:41 BST 2026","","github.com/n-orlov/deck/internal/tui","github.com/n-orlov/deck/internal/tui",""
"","0","TestInteractiveAltForwardingLeavesTheFixedByteKeysAlone","","Fri Sep 25 21:38:41 BST 2026","passed","Fri Sep 25 21:38:41 BST 2026","","github.com/n-orlov/deck/internal/tui","github.com/n-orlov/deck/internal/tui",""
"","0","TestStepRequiresFrozenClockAndIncrement/neither","","Fri Sep 25 21:37:05 BST 2026","passed","Fri Sep 25 21:37:05 BST 2026","","github.com/n-orlov/deck/internal/config","github.com/n-orlov/deck/internal/config",""
"","1730","TestFeatures/A_pane-fired_hook_cannot_override_a_user-terminal_verdict","","Fri Sep 25 21:39:00 BST 2026","passed","Fri Sep 25 21:39:01 BST 2026","","github.com/n-orlov/deck/features","github.com/n-orlov/deck/features",""
"","0","TestConfigFileUnknownKeyIsIgnored","","Fri Sep 25 21:37:05 BST 2026","passed","Fri Sep 25 21:37:05 BST 2026","","github.com/n-orlov/deck/internal/config","github.com/n-orlov/deck/internal/config",""
"","1545","capturing the preview never attaches a tmux client, resizes a pane, or triggers a SIGWINCH, across selection, mode, sidebar-width and outer-terminal changes","","","passed","","","The preview capture engine and its visible behaviour","",""
"","807","a mid-scenario resize re-chooses auto's mode","","","passed","","","§11.2 layout modes, their keys, and their persistence","",""
"","10","TestSettingsScopeParityMatchesSaveBehaviour/interactive_ms","","Fri Sep 25 21:38:41 BST 2026","passed","Fri Sep 25 21:38:41 BST 2026","","github.com/n-orlov/deck/internal/tui","github.com/n-orlov/deck/internal/tui",""
"","0","TestEveryEntryRefusalKindDrawsItsOwnBannerNotTheFooter/no_live_pane","","Fri Sep 25 21:38:41 BST 2026","passed","Fri Sep 25 21:38:41 BST 2026","","github.com/n-orlov/deck/internal/tui","github.com/n-orlov/deck/internal/tui",""
"","0","TestCreateModalUnsupportedProfileMessage","","Fri Sep 25 21:38:41 BST 2026","passed","Fri Sep 25 21:38:41 BST 2026","","github.com/n-orlov/deck/internal/tui","github.com/n-orlov/deck/internal/tui",""
"","3020","TestFeatures/Stale_sampling_is_visible,_precedence-aware,_and_agent-only","","Fri Sep 25 21:39:00 BST 2026","passed","Fri Sep 25 21:39:03 BST 2026","","github.com/n-orlov/deck/features","github.com/n-orlov/deck/features",""
"","0","TestCreateModalMalformedEnvKeyMessage","","Fri Sep 25 21:38:41 BST 2026","passed","Fri Sep 25 21:38:41 BST 2026","","github.com/n-orlov/deck/internal/tui","github.com/n-orlov/deck/internal/tui",""
"","0","TestPendingDeleteIndicatorStaysWithinFrameBudgetAtEveryLayoutMode/marked-set/stacked","","Fri Sep 25 21:38:41 BST 2026","passed","Fri Sep 25 21:38:41 BST 2026","","github.com/n-orlov/deck/internal/tui","github.com/n-orlov/deck/internal/tui",""
"","845","a pinned side-by-side mode falls back below its floors and returns when the terminal does","","","passed","","","§11.2 layout modes, their keys, and their persistence","",""
"","0","TestPaneStateCommandsMatchEveryCodexProbeVerdict/idle","","Fri Sep 25 21:36:33 BST 2026","passed","Fri Sep 25 21:36:33 BST 2026","","github.com/n-orlov/deck/cmd/fake-codex","github.com/n-orlov/deck/cmd/fake-codex",""
"","60","TestReceiveHookAppliesOverAnyStaleSourceExceptStopped/SessionEnd/from_error/via_user","","Fri Sep 25 21:37:06 BST 2026","passed","Fri Sep 25 21:37:06 BST 2026","","github.com/n-orlov/deck/internal/hookrecv","github.com/n-orlov/deck/internal/hookrecv",""
"","0","TestBelowMinimumFrameStaysWithinBudget/70x20/resumeNote/short","","Fri Sep 25 21:38:41 BST 2026","passed","Fri Sep 25 21:38:41 BST 2026","","github.com/n-orlov/deck/internal/tui","github.com/n-orlov/deck/internal/tui",""
"","0","TestForeignPaintEmitsNothingWithoutColour","","Fri Sep 25 21:38:41 BST 2026","passed","Fri Sep 25 21:38:41 BST 2026","","github.com/n-orlov/deck/internal/tui","github.com/n-orlov/deck/internal/tui",""
"","0","TestBuiltinQuantizationPinned","","Fri Sep 25 21:38:10 BST 2026","passed","Fri Sep 25 21:38:10 BST 2026","","github.com/n-orlov/deck/internal/theme","github.com/n-orlov/deck/internal/theme",""
"","3292","a forced entry over a waiting row answers it at the forcing client","","","passed","","","Forced entry into interactive mode answers a waiting row","",""
"","930","TestFeatures/the_""empire""_built-in_theme's_background_token_fills_every_deck-owned_cell_of_the_frame,_pad_columns_past_a_short_row's_own_text_included","","Fri Sep 25 21:39:00 BST 2026","passed","Fri Sep 25 21:39:00 BST 2026","","github.com/n-orlov/deck/features","github.com/n-orlov/deck/features",""
"","958","several matches with no further common prefix ghost nothing and show a match count","","","passed","","","The create modal's §11.7 directory-only ghost completion (requirement 14)","",""
"","320","TestArchiveTimedOutPostDestroyIsKilledAndRecorded","","Fri Sep 25 21:37:44 BST 2026","passed","Fri Sep 25 21:37:44 BST 2026","","github.com/n-orlov/deck/internal/service","github.com/n-orlov/deck/internal/service",""
"","60","TestSweepTombstonesRejectsInvalidArgs","","Fri Sep 25 21:38:00 BST 2026","passed","Fri Sep 25 21:38:00 BST 2026","","github.com/n-orlov/deck/internal/store","github.com/n-orlov/deck/internal/store",""
"","320","TestSweepTombstonesReapsOneBoundedBatchPerCall","","Fri Sep 25 21:38:00 BST 2026","passed","Fri Sep 25 21:38:00 BST 2026","","github.com/n-orlov/deck/internal/store","github.com/n-orlov/deck/internal/store",""
"","50","TestSendNamedKeyDeliversAltModifiedNavigationKeysByTmuxsOwnTranslation/C-M-Left","","Fri Sep 25 21:38:11 BST 2026","passed","Fri Sep 25 21:38:11 BST 2026","","github.com/n-orlov/deck/internal/tmux","github.com/n-orlov/deck/internal/tmux",""
"","10","TestWheelInOverlayAgreesWithArrowKeys/help_overlay","","Fri Sep 25 21:38:41 BST 2026","passed","Fri Sep 25 21:38:41 BST 2026","","github.com/n-orlov/deck/internal/tui","github.com/n-orlov/deck/internal/tui",""
"","30","TestReadPaneHistoryLimitDistinguishesTmuxDefaultFromADeckValue","","Fri Sep 25 21:36:35 BST 2026","passed","Fri Sep 25 21:36:35 BST 2026","","github.com/n-orlov/deck/features","github.com/n-orlov/deck/features",""
"","60","TestSettingsGroupDeleteWithNoGroupsIsANoOp","","Fri Sep 25 21:38:41 BST 2026","passed","Fri Sep 25 21:38:41 BST 2026","","github.com/n-orlov/deck/internal/tui","github.com/n-orlov/deck/internal/tui",""
"","0","TestCodex_LaunchArgv","","Fri Sep 25 21:37:05 BST 2026","passed","Fri Sep 25 21:37:05 BST 2026","","github.com/n-orlov/deck/internal/agent","github.com/n-orlov/deck/internal/agent",""
"","1820","TestFeatures/a_sidebar_click_on_a_different_row_while_interactive_re-targets_it,_restoring_the_old_session's_window","","Fri Sep 25 21:39:00 BST 2026","passed","Fri Sep 25 21:39:01 BST 2026","","github.com/n-orlov/deck/features","github.com/n-orlov/deck/features",""
"","0","TestConfigFileMalformedIsRejected","","Fri Sep 25 21:37:05 BST 2026","passed","Fri Sep 25 21:37:05 BST 2026","","github.com/n-orlov/deck/internal/config","github.com/n-orlov/deck/internal/config",""
"","60","TestUpdateSessionStatusIsTargetedRecordsEventAndListsStoppedRows","","Fri Sep 25 21:38:00 BST 2026","passed","Fri Sep 25 21:38:00 BST 2026","","github.com/n-orlov/deck/internal/store","github.com/n-orlov/deck/internal/store",""
"","0","TestConfigFileMissingDefaultsToNoYoloAndNoEnv","","Fri Sep 25 21:37:05 BST 2026","passed","Fri Sep 25 21:37:05 BST 2026","","github.com/n-orlov/deck/internal/config","github.com/n-orlov/deck/internal/config",""
"","20","TestR142WheelDriftSurvivesLiveReGroup","","Fri Sep 25 21:38:41 BST 2026","passed","Fri Sep 25 21:38:41 BST 2026","","github.com/n-orlov/deck/internal/tui","github.com/n-orlov/deck/internal/tui",""
"","70","TestReceiveHookAppliesOverAnyStaleSourceExceptStopped/UserPromptSubmit/from_error/via_probe","","Fri Sep 25 21:37:06 BST 2026","passed","Fri Sep 25 21:37:06 BST 2026","","github.com/n-orlov/deck/internal/hookrecv","github.com/n-orlov/deck/internal/hookrecv",""
"","140","TestResumeNonLeasableReturnsActualStatusAndReason","","Fri Sep 25 21:37:44 BST 2026","passed","Fri Sep 25 21:37:44 BST 2026","","github.com/n-orlov/deck/internal/service","github.com/n-orlov/deck/internal/service",""
"","0","TestDeckOwnedCellsCarryExplicitForegroundOnEveryBuiltin/cobalt/stacked_layout","","Fri Sep 25 21:38:41 BST 2026","passed","Fri Sep 25 21:38:41 BST 2026","","github.com/n-orlov/deck/internal/tui","github.com/n-orlov/deck/internal/tui",""
"","100","TestReceiveHookAppliesOverAnyStaleSourceExceptStopped/SessionStart/from_idle/via_probe","","Fri Sep 25 21:37:06 BST 2026","passed","Fri Sep 25 21:37:06 BST 2026","","github.com/n-orlov/deck/internal/hookrecv","github.com/n-orlov/deck/internal/hookrecv",""
"","2716","m marks a batch by session id, x kills every marked non-stopped session, and one u undoes the whole batch","","","passed","","","Undo toast after x, and the dd delete/tombstone chord","",""
"","0","TestRegistryDrivenCapabilities_ProfileBadgeCreateAndPin","","Fri Sep 25 21:38:41 BST 2026","passed","Fri Sep 25 21:38:41 BST 2026","","github.com/n-orlov/deck/internal/tui","github.com/n-orlov/deck/internal/tui",""
"","1298","yolo takes effect immediately with no confirm once allow_yolo is enabled","","","passed","","","Permission profile mapping, degradation and the yolo gate","",""
"","0","TestSessionRestartedNoopOutcomesLeaveTheLatchSetAndIssueNoFit","","Fri Sep 25 21:38:41 BST 2026","passed","Fri Sep 25 21:38:41 BST 2026","","github.com/n-orlov/deck/internal/tui","github.com/n-orlov/deck/internal/tui",""
"","0","TestConfigFileAllowYoloFalse","","Fri Sep 25 21:37:05 BST 2026","passed","Fri Sep 25 21:37:05 BST 2026","","github.com/n-orlov/deck/internal/config","github.com/n-orlov/deck/internal/config",""
"","1590","TestFeatures/the_create_modal_converges_on_the_shell_agent_even_after_a_non-shell_session_was_created_earlier","","Fri Sep 25 21:39:00 BST 2026","passed","Fri Sep 25 21:39:01 BST 2026","","github.com/n-orlov/deck/features","github.com/n-orlov/deck/features",""
"","140","TestSettingsScopeParityMatchesSaveBehaviour","","Fri Sep 25 21:38:41 BST 2026","passed","Fri Sep 25 21:38:41 BST 2026","","github.com/n-orlov/deck/internal/tui","github.com/n-orlov/deck/internal/tui",""
"","0","TestSettingsSchemaParity_EveryRenderedFieldIsBackedBySchema","","Fri Sep 25 21:38:41 BST 2026","passed","Fri Sep 25 21:38:41 BST 2026","","github.com/n-orlov/deck/internal/tui","github.com/n-orlov/deck/internal/tui",""
"","840","TestFeatures/a_live_shell_is_promoted_within_one_reconcile_interval","","Fri Sep 25 21:39:00 BST 2026","passed","Fri Sep 25 21:39:00 BST 2026","","github.com/n-orlov/deck/features","github.com/n-orlov/deck/features",""
"","0","TestFooterHandlerAgreementAcrossEveryRowClass/non-empty_mark_set:_selected_row_differs_from_the_marked_row/r","","Fri Sep 25 21:38:41 BST 2026","passed","Fri Sep 25 21:38:41 BST 2026","","github.com/n-orlov/deck/internal/tui","github.com/n-orlov/deck/internal/tui",""
"","0","TestGroupHeaderTextElidesNameAtSidebarFloorKeepingChevronAndCount","","Fri Sep 25 21:38:41 BST 2026","passed","Fri Sep 25 21:38:41 BST 2026","","github.com/n-orlov/deck/internal/tui","github.com/n-orlov/deck/internal/tui",""
"","0","TestEnterWithoutATmuxClientDoesNotEnterInteractiveMode","","Fri Sep 25 21:38:41 BST 2026","passed","Fri Sep 25 21:38:41 BST 2026","","github.com/n-orlov/deck/internal/tui","github.com/n-orlov/deck/internal/tui",""
"","1549","entering interactive mode is refused while a live process holds the window's ownership","","","passed","","","Interactive mode refuses rather than degrades in three named cases (Part II, requirement 47/48)","",""
"","1818","a sidebar click on a different row while interactive re-targets it, restoring the old session's window","","","passed","","","§11.8 mouse bindings and the [ui] mouse / DECK_MOUSE opt-out (requirements 33-37, 41)","",""
"","0","TestForeignBoundaryResetClosesCapturedSGRUnderNoColor/side-by-side","","Fri Sep 25 21:38:41 BST 2026","passed","Fri Sep 25 21:38:41 BST 2026","","github.com/n-orlov/deck/internal/tui","github.com/n-orlov/deck/internal/tui",""
"","940","TestFeatures/u_restores_a_deleted_row_inside_its_DECK_DELETE_GRACE_MS_window","","Fri Sep 25 21:39:00 BST 2026","passed","Fri Sep 25 21:39:00 BST 2026","","github.com/n-orlov/deck/features","github.com/n-orlov/deck/features",""
"","2337","two claude sessions in one cwd keep separate conversation ids","","","passed","","","Distinct conversation ids in one working directory","",""
"","0","TestInteractiveFooterAtTheLiveBottomNeverNamesTheScrollKeys","","Fri Sep 25 21:38:41 BST 2026","passed","Fri Sep 25 21:38:41 BST 2026","","github.com/n-orlov/deck/internal/tui","github.com/n-orlov/deck/internal/tui",""
"","0","TestFooterHandlerAgreementAcrossEveryRowClass/non-empty_mark_set:_selected_row_differs_from_the_marked_row/i","","Fri Sep 25 21:38:41 BST 2026","passed","Fri Sep 25 21:38:41 BST 2026","","github.com/n-orlov/deck/internal/tui","github.com/n-orlov/deck/internal/tui",""
"","3480","TestScenarioHarnessTeardownReportsLeaks","","Fri Sep 25 21:36:35 BST 2026","passed","Fri Sep 25 21:36:38 BST 2026","","github.com/n-orlov/deck/features","github.com/n-orlov/deck/features",""
"","10","TestSettingsLabelsAnEnvOverriddenFieldAndDoesNotLie","","Fri Sep 25 21:38:41 BST 2026","passed","Fri Sep 25 21:38:41 BST 2026","","github.com/n-orlov/deck/internal/tui","github.com/n-orlov/deck/internal/tui",""
"","10","TestCure0105DefaultGroupFirstLiveSaveFollowsSelection/row","","Fri Sep 25 21:38:41 BST 2026","passed","Fri Sep 25 21:38:41 BST 2026","","github.com/n-orlov/deck/internal/tui","github.com/n-orlov/deck/internal/tui",""
"","70","TestAcquireLaunchLeaseMintsAFreshGenerationPerLaunch","","Fri Sep 25 21:38:00 BST 2026","passed","Fri Sep 25 21:38:00 BST 2026","","github.com/n-orlov/deck/internal/store","github.com/n-orlov/deck/internal/store",""
"","550","TestFeatures/old_tmux_is_actionable","","Fri Sep 25 21:39:00 BST 2026","passed","Fri Sep 25 21:39:00 BST 2026","","github.com/n-orlov/deck/features","github.com/n-orlov/deck/features",""
"","1840","TestFeatures/choosing_purge_in_the_delete_confirm_removes_only_the_codex_agent's_declared_transcript_file","","Fri Sep 25 21:39:00 BST 2026","passed","Fri Sep 25 21:39:01 BST 2026","","github.com/n-orlov/deck/features","github.com/n-orlov/deck/features",""
"","0","TestArchiveUndoWithNoUnarchiverWiredIsANoOp","","Fri Sep 25 21:38:41 BST 2026","passed","Fri Sep 25 21:38:41 BST 2026","","github.com/n-orlov/deck/internal/tui","github.com/n-orlov/deck/internal/tui",""
"","0","TestRetireGridUnblocksItsReplyDrain","","Fri Sep 25 21:37:23 BST 2026","passed","Fri Sep 25 21:37:23 BST 2026","","github.com/n-orlov/deck/internal/interactive","github.com/n-orlov/deck/internal/interactive",""
"","60","TestCreateSessionRefusesLiveNameHolder","","Fri Sep 25 21:38:00 BST 2026","passed","Fri Sep 25 21:38:00 BST 2026","","github.com/n-orlov/deck/internal/store","github.com/n-orlov/deck/internal/store",""
"","783","`/` finds a field only its description mentions, and enter jumps both lists onto it","","","passed","","","The `,` settings takeover (requirement 48)","",""
"","0","TestResumeRefusesACodexRowWithNoConversationIDYet","","Fri Sep 25 21:38:41 BST 2026","passed","Fri Sep 25 21:38:41 BST 2026","","github.com/n-orlov/deck/internal/tui","github.com/n-orlov/deck/internal/tui",""
"","10","TestScrollableOverlaysStillPageWithPgDn/help_overlay","","Fri Sep 25 21:38:41 BST 2026","passed","Fri Sep 25 21:38:41 BST 2026","","github.com/n-orlov/deck/internal/tui","github.com/n-orlov/deck/internal/tui",""
"","1130","TestFeatures/a_fake_agent_renders_a_preview_fixture_once_and_then_falls_silent#02","","Fri Sep 25 21:39:00 BST 2026","passed","Fri Sep 25 21:39:01 BST 2026","","github.com/n-orlov/deck/features","github.com/n-orlov/deck/features",""
"","0","TestClickGroupHeaderTogglesOnlyThatGroup","","Fri Sep 25 21:38:41 BST 2026","passed","Fri Sep 25 21:38:41 BST 2026","","github.com/n-orlov/deck/internal/tui","github.com/n-orlov/deck/internal/tui",""
"","1100","TestFeatures/a_shell_exit_zero_is_a_clean_stop_without_a_crash_artifact","","Fri Sep 25 21:39:00 BST 2026","passed","Fri Sep 25 21:39:01 BST 2026","","github.com/n-orlov/deck/features","github.com/n-orlov/deck/features",""
"","0","TestCreateModalUpDownMoveFieldsTabDoesNot","","Fri Sep 25 21:38:41 BST 2026","passed","Fri Sep 25 21:38:41 BST 2026","","github.com/n-orlov/deck/internal/tui","github.com/n-orlov/deck/internal/tui",""
"","0","TestQuantizeHexIsExported","","Fri Sep 25 21:38:10 BST 2026","passed","Fri Sep 25 21:38:10 BST 2026","","github.com/n-orlov/deck/internal/theme","github.com/n-orlov/deck/internal/theme",""
"","0","TestProfileSwitchTokensMatchSpec","","Fri Sep 25 21:38:41 BST 2026","passed","Fri Sep 25 21:38:41 BST 2026","","github.com/n-orlov/deck/internal/tui","github.com/n-orlov/deck/internal/tui",""
"","60","TestSupersededLaunchGenerationDropsTheWholeHookClass/Stop/current_token","","Fri Sep 25 21:37:06 BST 2026","passed","Fri Sep 25 21:37:06 BST 2026","","github.com/n-orlov/deck/internal/hookrecv","github.com/n-orlov/deck/internal/hookrecv",""
"","0","TestProfileSwitchToYoloTakesEffectWithNoConfirm","","Fri Sep 25 21:38:41 BST 2026","passed","Fri Sep 25 21:38:41 BST 2026","","github.com/n-orlov/deck/internal/tui","github.com/n-orlov/deck/internal/tui",""
"","1982","the archived status token colours the archived status word","","","passed","","","the seven §7 status tokens colour the sidebar's status word (task 014)","",""
"","2120","TestFeatures/the_sidebar_groups_sessions_by_workspace,_with_a_header_per_group,_and_a_keyboard_toggle_can_collapse_one","","Fri Sep 25 21:39:00 BST 2026","passed","Fri Sep 25 21:39:02 BST 2026","","github.com/n-orlov/deck/features","github.com/n-orlov/deck/features",""
"","0","TestProbeEligibilityIncludesOnlySignalStatesAtWallClockBoundary/running","","Fri Sep 25 21:37:44 BST 2026","passed","Fri Sep 25 21:37:44 BST 2026","","github.com/n-orlov/deck/internal/service","github.com/n-orlov/deck/internal/service",""
"","20","TestDriftPreservingGlobalKeysLeaveTheDriftInPlace","","Fri Sep 25 21:38:41 BST 2026","passed","Fri Sep 25 21:38:41 BST 2026","","github.com/n-orlov/deck/internal/tui","github.com/n-orlov/deck/internal/tui",""
"","648","the below-minimum notice lands on the footer line and only there","","","passed","","","§11.2 layout modes, their keys, and their persistence","",""
"","60","TestSettingsGroupDeleteEmptyGroupHasNoPrompt","","Fri Sep 25 21:38:41 BST 2026","passed","Fri Sep 25 21:38:41 BST 2026","","github.com/n-orlov/deck/internal/tui","github.com/n-orlov/deck/internal/tui",""
"","1257","installing an agent after a client starts does not change that client, but a new client sees it","","","passed","","","Nothing installed means the Agent field offers only shell (requirement 114)","",""
"","150","TestReconcileRepairsTerminalRowWithLivePaneShell","","Fri Sep 25 21:37:44 BST 2026","passed","Fri Sep 25 21:37:44 BST 2026","","github.com/n-orlov/deck/internal/service","github.com/n-orlov/deck/internal/service",""
"","1413","/ filters the list down to the group whose name matches, hiding a group with no match and its header","","","passed","","","The / list filter: by name, group and cwd, and the route back to an archived row (I-10, task 123; re-aimed off workspace by task 015/R129 part 4)","",""
"","1230","TestFeatures/with_only_claude_installed_the_Agent_field_offers_shell_and_claude_but_not_codex_or_pi","","Fri Sep 25 21:39:00 BST 2026","passed","Fri Sep 25 21:39:01 BST 2026","","github.com/n-orlov/deck/features","github.com/n-orlov/deck/features",""
"","60","TestReceiveHookAppliesOverAnyStaleSourceExceptStopped/Notification/from_stopped/via_tmux","","Fri Sep 25 21:37:06 BST 2026","passed","Fri Sep 25 21:37:06 BST 2026","","github.com/n-orlov/deck/internal/hookrecv","github.com/n-orlov/deck/internal/hookrecv",""
"","0","TestBuiltinContrastFloor/matrix","","Fri Sep 25 21:38:10 BST 2026","passed","Fri Sep 25 21:38:10 BST 2026","","github.com/n-orlov/deck/internal/theme","github.com/n-orlov/deck/internal/theme",""
"","0","TestStartingCopyDistinguishesShellFromSignalledAgents","","Fri Sep 25 21:38:41 BST 2026","passed","Fri Sep 25 21:38:41 BST 2026","","github.com/n-orlov/deck/internal/tui","github.com/n-orlov/deck/internal/tui",""
"","10","TestFooterHandlerAgreementAcrossEveryRowClass/attention-pending/a","","Fri Sep 25 21:38:41 BST 2026","passed","Fri Sep 25 21:38:41 BST 2026","","github.com/n-orlov/deck/internal/tui","github.com/n-orlov/deck/internal/tui",""
"","680","TestRenderCostPerCallDominatesParsingCostPerCall","","Fri Sep 25 21:37:23 BST 2026","passed","Fri Sep 25 21:37:23 BST 2026","","github.com/n-orlov/deck/internal/interactive","github.com/n-orlov/deck/internal/interactive",""
"","0","TestCellAttributeAssertionsCanFail","","Fri Sep 25 21:36:35 BST 2026","passed","Fri Sep 25 21:36:35 BST 2026","","github.com/n-orlov/deck/features","github.com/n-orlov/deck/features",""
"","1660","TestFeatures/Real_fake-agent_panes_render_the_complete_probe_golden_corpus","","Fri Sep 25 21:39:00 BST 2026","passed","Fri Sep 25 21:39:01 BST 2026","","github.com/n-orlov/deck/features","github.com/n-orlov/deck/features",""
"","0","TestPendingDeleteIndicatorStaysWithinFrameBudgetAtEveryLayoutMode/single-row/side-by-side","","Fri Sep 25 21:38:41 BST 2026","passed","Fri Sep 25 21:38:41 BST 2026","","github.com/n-orlov/deck/internal/tui","github.com/n-orlov/deck/internal/tui",""
"","0","TestSettingsFooterCarriesDeckBackground/empire/env-list","","Fri Sep 25 21:38:41 BST 2026","passed","Fri Sep 25 21:38:41 BST 2026","","github.com/n-orlov/deck/internal/tui","github.com/n-orlov/deck/internal/tui",""
"","3810","TestFeatures/g_and_G_jump_to_the_first_and_last_visible_row,_skipping_a_collapsed_group's_hidden_rows","","Fri Sep 25 21:39:00 BST 2026","passed","Fri Sep 25 21:39:03 BST 2026","","github.com/n-orlov/deck/features","github.com/n-orlov/deck/features",""
"","0","TestReview113NewSessionIntentCannotSelectFoldedRow","","Fri Sep 25 21:38:41 BST 2026","passed","Fri Sep 25 21:38:41 BST 2026","","github.com/n-orlov/deck/internal/tui","github.com/n-orlov/deck/internal/tui",""
"","1875","a secret-shaped env value never reaches the masked screen grid or any file except the state database","","","passed","","","The whole-grid and whole-file no-leak scan instrument (I-7 assertion half, requirement 21, task 011)","",""
"","2292","a launch input edited on a live row shows launch↻ until R applies it and clears the badge","","","passed","","","Every pane carries its own session's DECK_SESSION_* context (R104, SPEC §6.1)","",""
"","0","TestSortComparatorsPreservePreviousRelativeOrderOnTie","","Fri Sep 25 21:38:41 BST 2026","passed","Fri Sep 25 21:38:41 BST 2026","","github.com/n-orlov/deck/internal/tui","github.com/n-orlov/deck/internal/tui",""
"","110","TestReapToleratesMissingCapturesDirAndHistoryFile","","Fri Sep 25 21:37:44 BST 2026","passed","Fri Sep 25 21:37:44 BST 2026","","github.com/n-orlov/deck/internal/service","github.com/n-orlov/deck/internal/service",""
"","100","TestReconcileRepairsUserKilledRowWithLivePane","","Fri Sep 25 21:37:44 BST 2026","passed","Fri Sep 25 21:37:44 BST 2026","","github.com/n-orlov/deck/internal/service","github.com/n-orlov/deck/internal/service",""
"","0","TestSidebarCursorAccessorsResolveKind","","Fri Sep 25 21:38:41 BST 2026","passed","Fri Sep 25 21:38:41 BST 2026","","github.com/n-orlov/deck/internal/tui","github.com/n-orlov/deck/internal/tui",""
"","0","TestConfigFileCaptureMinIntervalBelowBoundsIsRejected","","Fri Sep 25 21:37:05 BST 2026","passed","Fri Sep 25 21:37:05 BST 2026","","github.com/n-orlov/deck/internal/config","github.com/n-orlov/deck/internal/config",""
"","100","TestResumeFailsOnAgentBinaryNotOnPath","","Fri Sep 25 21:37:44 BST 2026","passed","Fri Sep 25 21:37:44 BST 2026","","github.com/n-orlov/deck/internal/service","github.com/n-orlov/deck/internal/service",""
"","80","TestEmptyGroupsRenderFromDBWithZeroSessions","","Fri Sep 25 21:38:41 BST 2026","passed","Fri Sep 25 21:38:41 BST 2026","","github.com/n-orlov/deck/internal/tui","github.com/n-orlov/deck/internal/tui",""
"","1215","the scan instrument finds an unmasked control value on screen and on disk","","","passed","","","The whole-grid and whole-file no-leak scan instrument (I-7 assertion half, requirement 21, task 011)","",""
"","1904","pin dialog -- enter submits the cycled value","","","passed","","","The §11.4 dialog contract, asserted per dialog (requirements 7, 8, 9, 10, 11, 50)","",""
"","2420","TestFeatures/B's_refused_enter_shows_the_banner,_and_B's_own_F_clears_it_(task_009)","","Fri Sep 25 21:39:00 BST 2026","passed","Fri Sep 25 21:39:02 BST 2026","","github.com/n-orlov/deck/features","github.com/n-orlov/deck/features",""
"","80","TestSettingsGroupDeleteMBranchClearsArchivedMembersToo","","Fri Sep 25 21:38:41 BST 2026","passed","Fri Sep 25 21:38:41 BST 2026","","github.com/n-orlov/deck/internal/tui","github.com/n-orlov/deck/internal/tui",""
"","1180","TestFeatures/scrolling_over_the_PASSIVE_preview_panel_does_nothing","","Fri Sep 25 21:39:00 BST 2026","passed","Fri Sep 25 21:39:01 BST 2026","","github.com/n-orlov/deck/features","github.com/n-orlov/deck/features",""
"","10","TestNoSendPathUsesSessionNameAsTarget","","Fri Sep 25 21:38:11 BST 2026","passed","Fri Sep 25 21:38:11 BST 2026","","github.com/n-orlov/deck/internal/tmux","github.com/n-orlov/deck/internal/tmux",""
"","866","sidebar_width can be set and read back for a scenario","","","passed","","","Godog harness wiring","",""
"","1104","a shell exit zero is a clean stop without a crash artifact","","","passed","","","Clean exits and crashed agent panes","",""
"","10","TestForeignBoundaryResetClosesRealTmuxCaptureUnderNoColor/side-by-side/NO_COLOR","","Fri Sep 25 21:38:41 BST 2026","passed","Fri Sep 25 21:38:41 BST 2026","","github.com/n-orlov/deck/internal/tui","github.com/n-orlov/deck/internal/tui",""
"","0","TestInteractivePressOverPreviewStillFallsThroughToDragToCopy","","Fri Sep 25 21:38:41 BST 2026","passed","Fri Sep 25 21:38:41 BST 2026","","github.com/n-orlov/deck/internal/tui","github.com/n-orlov/deck/internal/tui",""
"","2290","TestFeatures/a_launch_input_edited_on_a_live_row_shows_launch↻_until_R_applies_it_and_clears_the_badge","","Fri Sep 25 21:39:00 BST 2026","passed","Fri Sep 25 21:39:02 BST 2026","","github.com/n-orlov/deck/features","github.com/n-orlov/deck/features",""
"","0","TestFooterHandlerAgreementAcrossEveryRowClass/stopped/i","","Fri Sep 25 21:38:41 BST 2026","passed","Fri Sep 25 21:38:41 BST 2026","","github.com/n-orlov/deck/internal/tui","github.com/n-orlov/deck/internal/tui",""
"","60","TestSupersededLaunchGenerationDropsTheWholeHookClass/StopFailure/superseded_token","","Fri Sep 25 21:37:06 BST 2026","passed","Fri Sep 25 21:37:06 BST 2026","","github.com/n-orlov/deck/internal/hookrecv","github.com/n-orlov/deck/internal/hookrecv",""
"","0","TestDriftPreservingKeysLeaveTheDriftInPlace/key=""<""","","Fri Sep 25 21:38:41 BST 2026","passed","Fri Sep 25 21:38:41 BST 2026","","github.com/n-orlov/deck/internal/tui","github.com/n-orlov/deck/internal/tui",""
"","70","TestReceiveHookAppliesOverAnyStaleSourceExceptStopped/Notification/from_running/via_hook","","Fri Sep 25 21:37:06 BST 2026","passed","Fri Sep 25 21:37:06 BST 2026","","github.com/n-orlov/deck/internal/hookrecv","github.com/n-orlov/deck/internal/hookrecv",""
"","0","TestAvailPiAvailableWhenPresentOnPath","","Fri Sep 25 21:37:44 BST 2026","passed","Fri Sep 25 21:37:44 BST 2026","","github.com/n-orlov/deck/internal/service","github.com/n-orlov/deck/internal/service",""
"","0","TestCapturePaneSeedAtomicRejectsInvalidPaneID","","Fri Sep 25 21:38:11 BST 2026","passed","Fri Sep 25 21:38:11 BST 2026","","github.com/n-orlov/deck/internal/tmux","github.com/n-orlov/deck/internal/tmux",""
"","0","TestReview154HeldFilterEscapePreservesSessionID","","Fri Sep 25 21:38:41 BST 2026","passed","Fri Sep 25 21:38:41 BST 2026","","github.com/n-orlov/deck/internal/tui","github.com/n-orlov/deck/internal/tui",""
"","0","TestRestartChoiceTokensMatchSpec","","Fri Sep 25 21:38:41 BST 2026","passed","Fri Sep 25 21:38:41 BST 2026","","github.com/n-orlov/deck/internal/tui","github.com/n-orlov/deck/internal/tui",""
"","40","TestSendNamedKeyDeliversAltModifiedNavigationKeysByTmuxsOwnTranslation/M-Down","","Fri Sep 25 21:38:11 BST 2026","passed","Fri Sep 25 21:38:11 BST 2026","","github.com/n-orlov/deck/internal/tmux","github.com/n-orlov/deck/internal/tmux",""
"","0","TestDriftEndingKeysBringSelectionBackIntoView/key=""z""","","Fri Sep 25 21:38:41 BST 2026","passed","Fri Sep 25 21:38:41 BST 2026","","github.com/n-orlov/deck/internal/tui","github.com/n-orlov/deck/internal/tui",""
"","1090","TestFeatures/a_hidden_directory_is_a_candidate_only_when_the_segment_starts_with_a_dot","","Fri Sep 25 21:39:00 BST 2026","passed","Fri Sep 25 21:39:01 BST 2026","","github.com/n-orlov/deck/features","github.com/n-orlov/deck/features",""
"","310","TestRepaintModesProduceDistinguishingObservables/keystroke_mode_ignores_SIGWINCH_until_the_next_byte_read_from_stdin","","Fri Sep 25 21:36:33 BST 2026","passed","Fri Sep 25 21:36:33 BST 2026","","github.com/n-orlov/deck/cmd/fake-pi","github.com/n-orlov/deck/cmd/fake-pi",""
"","0","TestClickCollapsedStripRestoresThePinInForceBeforeCollapsing/side-by-side","","Fri Sep 25 21:38:41 BST 2026","passed","Fri Sep 25 21:38:41 BST 2026","","github.com/n-orlov/deck/internal/tui","github.com/n-orlov/deck/internal/tui",""
"","0","TestSortComparatorsThreeWayTieIsTransitive/created","","Fri Sep 25 21:38:41 BST 2026","passed","Fri Sep 25 21:38:41 BST 2026","","github.com/n-orlov/deck/internal/tui","github.com/n-orlov/deck/internal/tui",""
"","0","TestSettingsFooterCarriesDeckBackground/daylight/string-edit","","Fri Sep 25 21:38:41 BST 2026","passed","Fri Sep 25 21:38:41 BST 2026","","github.com/n-orlov/deck/internal/tui","github.com/n-orlov/deck/internal/tui",""
"","70","TestReceiveCodexSessionEndOtherStopsTheRow","","Fri Sep 25 21:37:06 BST 2026","passed","Fri Sep 25 21:37:06 BST 2026","","github.com/n-orlov/deck/internal/hookrecv","github.com/n-orlov/deck/internal/hookrecv",""
"","2670","TestFeatures/a_fit_is_skipped_below_the_7-inner-row_floor,_and_retried_once_the_panel_grows_back_above_it","","Fri Sep 25 21:39:00 BST 2026","passed","Fri Sep 25 21:39:02 BST 2026","","github.com/n-orlov/deck/features","github.com/n-orlov/deck/features",""
"","0","TestSidebarEntryContentWidthMatchesEachModesRealTextBudget/stacked","","Fri Sep 25 21:38:41 BST 2026","passed","Fri Sep 25 21:38:41 BST 2026","","github.com/n-orlov/deck/internal/tui","github.com/n-orlov/deck/internal/tui",""
"","1561","esc clears the mark set without acting on it","","","passed","","","Undo toast after x, and the dd delete/tombstone chord","",""
"","0","TestFilterFrameBudgetAccountsForTheStatusLine/auto","","Fri Sep 25 21:38:41 BST 2026","passed","Fri Sep 25 21:38:41 BST 2026","","github.com/n-orlov/deck/internal/tui","github.com/n-orlov/deck/internal/tui",""
"","1840","TestFeatures/a_built-in_theme_colours_each_of_the_seven_§7_status_tokens,_read_per_cell_from_a_real_client#03","","Fri Sep 25 21:39:00 BST 2026","passed","Fri Sep 25 21:39:01 BST 2026","","github.com/n-orlov/deck/features","github.com/n-orlov/deck/features",""
"","0","TestContrastRatioRejectsInvalidHex","","Fri Sep 25 21:38:10 BST 2026","passed","Fri Sep 25 21:38:10 BST 2026","","github.com/n-orlov/deck/internal/theme","github.com/n-orlov/deck/internal/theme",""
"","0","TestScrollableOverlaysScrollOneLineWithArrows/event_log","","Fri Sep 25 21:38:41 BST 2026","passed","Fri Sep 25 21:38:41 BST 2026","","github.com/n-orlov/deck/internal/tui","github.com/n-orlov/deck/internal/tui",""
"","50","TestSendNamedKeyDeliversModifiedNavigationKeysByTmuxsOwnTranslation/S-Left","","Fri Sep 25 21:38:11 BST 2026","passed","Fri Sep 25 21:38:11 BST 2026","","github.com/n-orlov/deck/internal/tmux","github.com/n-orlov/deck/internal/tmux",""
"","60","TestPromoteRecentCwdOrdersMostRecentFirstByMonotonicSequence","","Fri Sep 25 21:38:00 BST 2026","passed","Fri Sep 25 21:38:00 BST 2026","","github.com/n-orlov/deck/internal/store","github.com/n-orlov/deck/internal/store",""
"","160","TestDialogSelectionCellsRenderOnlyFloorTokens/empire","","Fri Sep 25 21:38:41 BST 2026","passed","Fri Sep 25 21:38:41 BST 2026","","github.com/n-orlov/deck/internal/tui","github.com/n-orlov/deck/internal/tui",""
"","30","TestDispatcherRejectsOnNonZeroTmuxExit","","Fri Sep 25 21:38:11 BST 2026","passed","Fri Sep 25 21:38:11 BST 2026","","github.com/n-orlov/deck/internal/tmux","github.com/n-orlov/deck/internal/tmux",""
"","753","saving with ctrl+s and no edit leaves an environment-overridden flat key's own file value untouched (requirement 21)","","","passed","","","The `,` settings takeover (requirement 48)","",""
"","10","TestSettingsSaveAppliesLiveScopeFieldsWithoutRestart/ui.ascii","","Fri Sep 25 21:38:41 BST 2026","passed","Fri Sep 25 21:38:41 BST 2026","","github.com/n-orlov/deck/internal/tui","github.com/n-orlov/deck/internal/tui",""
"","0","TestGutterBarContrastFloor/cobalt","","Fri Sep 25 21:38:10 BST 2026","passed","Fri Sep 25 21:38:10 BST 2026","","github.com/n-orlov/deck/internal/theme","github.com/n-orlov/deck/internal/theme",""
"","0","TestBulkDeleteConfirmReopenStartsUnscrolled","","Fri Sep 25 21:38:41 BST 2026","passed","Fri Sep 25 21:38:41 BST 2026","","github.com/n-orlov/deck/internal/tui","github.com/n-orlov/deck/internal/tui",""
"","0","TestSeamIsFocusedWhenSidebarHasFocus","","Fri Sep 25 21:38:41 BST 2026","passed","Fri Sep 25 21:38:41 BST 2026","","github.com/n-orlov/deck/internal/tui","github.com/n-orlov/deck/internal/tui",""
"","140","TestProbeReconcileTreatsAVanishedPaneAsARemovalRace","","Fri Sep 25 21:37:44 BST 2026","passed","Fri Sep 25 21:37:44 BST 2026","","github.com/n-orlov/deck/internal/service","github.com/n-orlov/deck/internal/service",""
"","30","TestSendNamedKeyDeliversAltModifiedNavigationKeysByTmuxsOwnTranslation/M-F10","","Fri Sep 25 21:38:11 BST 2026","passed","Fri Sep 25 21:38:11 BST 2026","","github.com/n-orlov/deck/internal/tmux","github.com/n-orlov/deck/internal/tmux",""
"","40","TestSendNamedKeyDeliversAltModifiedNavigationKeysByTmuxsOwnTranslation/S-M-Up","","Fri Sep 25 21:38:11 BST 2026","passed","Fri Sep 25 21:38:11 BST 2026","","github.com/n-orlov/deck/internal/tmux","github.com/n-orlov/deck/internal/tmux",""
"","0","TestDeclaredExecutableEqualsLaunchArgv0","","Fri Sep 25 21:37:05 BST 2026","passed","Fri Sep 25 21:37:05 BST 2026","","github.com/n-orlov/deck/internal/agent","github.com/n-orlov/deck/internal/agent",""
"","0","TestConfigFileEnvTable","","Fri Sep 25 21:37:05 BST 2026","passed","Fri Sep 25 21:37:05 BST 2026","","github.com/n-orlov/deck/internal/config","github.com/n-orlov/deck/internal/config",""
"","0","TestConfigFileUIMouseMalformedIsRejected","","Fri Sep 25 21:37:05 BST 2026","passed","Fri Sep 25 21:37:05 BST 2026","","github.com/n-orlov/deck/internal/config","github.com/n-orlov/deck/internal/config",""
"","0","TestTruncateToWidthDoesNotDoubleCloseAnAlreadyClosedBackground","","Fri Sep 25 21:38:41 BST 2026","passed","Fri Sep 25 21:38:41 BST 2026","","github.com/n-orlov/deck/internal/tui","github.com/n-orlov/deck/internal/tui",""
"","0","TestFooterKeyLegendReflectsEligibility/marked_set:_x_asks_the_marked_rows,_not_the_selected_one","","Fri Sep 25 21:38:41 BST 2026","passed","Fri Sep 25 21:38:41 BST 2026","","github.com/n-orlov/deck/internal/tui","github.com/n-orlov/deck/internal/tui",""
"","0","TestResolveUnparseableFileFallsBackNamingTheFile","","Fri Sep 25 21:38:10 BST 2026","passed","Fri Sep 25 21:38:10 BST 2026","","github.com/n-orlov/deck/internal/theme","github.com/n-orlov/deck/internal/theme",""
"","0","TestCodex_LaunchArgv/yolo","","Fri Sep 25 21:37:05 BST 2026","passed","Fri Sep 25 21:37:05 BST 2026","","github.com/n-orlov/deck/internal/agent","github.com/n-orlov/deck/internal/agent",""
"","0","TestDriftPreservingGlobalKeysLeaveTheDriftInPlace/key="",""","","Fri Sep 25 21:38:41 BST 2026","passed","Fri Sep 25 21:38:41 BST 2026","","github.com/n-orlov/deck/internal/tui","github.com/n-orlov/deck/internal/tui",""
"","0","TestClampSidebarWidth","","Fri Sep 25 21:38:41 BST 2026","passed","Fri Sep 25 21:38:41 BST 2026","","github.com/n-orlov/deck/internal/tui","github.com/n-orlov/deck/internal/tui",""
"","30","TestDeckOwnedCellContrastTable/parchment","","Fri Sep 25 21:38:41 BST 2026","passed","Fri Sep 25 21:38:41 BST 2026","","github.com/n-orlov/deck/internal/tui","github.com/n-orlov/deck/internal/tui",""
"","0","TestPreviewBodyLinesNoLivePaneStates/stopped_shows_a_one-line_placeholder_naming_stopped","","Fri Sep 25 21:38:41 BST 2026","passed","Fri Sep 25 21:38:41 BST 2026","","github.com/n-orlov/deck/internal/tui","github.com/n-orlov/deck/internal/tui",""
"","50","TestDispatcherSendLiteralDeliversThreeTrailingSemicolons","","Fri Sep 25 21:38:11 BST 2026","passed","Fri Sep 25 21:38:11 BST 2026","","github.com/n-orlov/deck/internal/tmux","github.com/n-orlov/deck/internal/tmux",""
"","40","TestForceClaimWindowOwnershipAcquiresOverALiveOwner","","Fri Sep 25 21:38:11 BST 2026","passed","Fri Sep 25 21:38:11 BST 2026","","github.com/n-orlov/deck/internal/tmux","github.com/n-orlov/deck/internal/tmux",""
"","50","TestSendNamedKeyDeliversModifiedNavigationKeysByTmuxsOwnTranslation/C-S-Right","","Fri Sep 25 21:38:11 BST 2026","passed","Fri Sep 25 21:38:11 BST 2026","","github.com/n-orlov/deck/internal/tmux","github.com/n-orlov/deck/internal/tmux",""
"","1960","TestFeatures/statuses_never_borrow_each_other's_colour","","Fri Sep 25 21:39:00 BST 2026","passed","Fri Sep 25 21:39:01 BST 2026","","github.com/n-orlov/deck/features","github.com/n-orlov/deck/features",""
"","220","TestSessionResizeDuringLiveDrainIsRaceFree","","Fri Sep 25 21:37:23 BST 2026","passed","Fri Sep 25 21:37:23 BST 2026","","github.com/n-orlov/deck/internal/interactive","github.com/n-orlov/deck/internal/interactive",""
"","1080","TestFeatures/a_fake_agent_renders_a_preview_fixture_once_and_then_falls_silent#07","","Fri Sep 25 21:39:00 BST 2026","passed","Fri Sep 25 21:39:01 BST 2026","","github.com/n-orlov/deck/features","github.com/n-orlov/deck/features",""
"","0","TestCreateBodyMeasurementsCarryNoSGRBytes","","Fri Sep 25 21:38:41 BST 2026","passed","Fri Sep 25 21:38:41 BST 2026","","github.com/n-orlov/deck/internal/tui","github.com/n-orlov/deck/internal/tui",""
"","2058","cycling sort_order in the settings takeover and saving with ctrl+s keeps the same session selected even though its row index moves (requirement R53)","","","passed","","","`[ui] sort_order` -- attention, created, activity and name orders (requirement R53)","",""
"","0","TestR142WheelDriftSurvivesSuccessiveReloads","","Fri Sep 25 21:38:41 BST 2026","passed","Fri Sep 25 21:38:41 BST 2026","","github.com/n-orlov/deck/internal/tui","github.com/n-orlov/deck/internal/tui",""
"","0","TestResumeAlreadyRunningIsNotAnError","","Fri Sep 25 21:38:41 BST 2026","passed","Fri Sep 25 21:38:41 BST 2026","","github.com/n-orlov/deck/internal/tui","github.com/n-orlov/deck/internal/tui",""
"","0","TestFooterHandlerAgreementAcrossEveryRowClass/stopped/x","","Fri Sep 25 21:38:41 BST 2026","passed","Fri Sep 25 21:38:41 BST 2026","","github.com/n-orlov/deck/internal/tui","github.com/n-orlov/deck/internal/tui",""
"","1810","TestFeatures/the_running_status_token_colours_the_running_status_word","","Fri Sep 25 21:39:00 BST 2026","passed","Fri Sep 25 21:39:01 BST 2026","","github.com/n-orlov/deck/features","github.com/n-orlov/deck/features",""
"","40","TestSendNamedKeyDeliversAltModifiedNavigationKeysByTmuxsOwnTranslation/S-M-Right","","Fri Sep 25 21:38:11 BST 2026","passed","Fri Sep 25 21:38:11 BST 2026","","github.com/n-orlov/deck/internal/tmux","github.com/n-orlov/deck/internal/tmux",""
"","0","TestSettingsTakeoverMouseIgnoredWhileOpen/settingsDiscardConfirm","","Fri Sep 25 21:38:41 BST 2026","passed","Fri Sep 25 21:38:41 BST 2026","","github.com/n-orlov/deck/internal/tui","github.com/n-orlov/deck/internal/tui",""
"","30","TestAssertTmuxOptionInScopeDistinguishesGlobalFromWindow","","Fri Sep 25 21:36:35 BST 2026","passed","Fri Sep 25 21:36:35 BST 2026","","github.com/n-orlov/deck/features","github.com/n-orlov/deck/features",""
"","860","TestFeatures/|_cycles_auto_->_side-by-side_->_stacked_->_collapsed_->_auto","","Fri Sep 25 21:39:00 BST 2026","passed","Fri Sep 25 21:39:00 BST 2026","","github.com/n-orlov/deck/features","github.com/n-orlov/deck/features",""
"","0","TestPiTranscriptPathMissingHomeDegrades","","Fri Sep 25 21:37:05 BST 2026","passed","Fri Sep 25 21:37:05 BST 2026","","github.com/n-orlov/deck/internal/agent","github.com/n-orlov/deck/internal/agent",""
"","60","TestWindowIsizeGeometryHelpersRoundTripAgainstRealTmux","","Fri Sep 25 21:38:11 BST 2026","passed","Fri Sep 25 21:38:11 BST 2026","","github.com/n-orlov/deck/internal/tmux","github.com/n-orlov/deck/internal/tmux",""
"","1110","TestFeatures/undoing_a_kill_leaves_its_adversarially-seeded_cwd_fingerprint_unchanged","","Fri Sep 25 21:39:00 BST 2026","passed","Fri Sep 25 21:39:01 BST 2026","","github.com/n-orlov/deck/features","github.com/n-orlov/deck/features",""
"","0","TestDeclaredExecutableEqualsLaunchArgv0/claude","","Fri Sep 25 21:37:05 BST 2026","passed","Fri Sep 25 21:37:05 BST 2026","","github.com/n-orlov/deck/internal/agent","github.com/n-orlov/deck/internal/agent",""
"","0","TestDriftEndingKeysBringSelectionBackIntoView/key=""a""","","Fri Sep 25 21:38:41 BST 2026","passed","Fri Sep 25 21:38:41 BST 2026","","github.com/n-orlov/deck/internal/tui","github.com/n-orlov/deck/internal/tui",""
"","0","TestDeckOwnedCellsCarryExplicitForegroundOnEveryBuiltin/daylight/detail_dialog","","Fri Sep 25 21:38:41 BST 2026","passed","Fri Sep 25 21:38:41 BST 2026","","github.com/n-orlov/deck/internal/tui","github.com/n-orlov/deck/internal/tui",""
"","0","TestArchiveUndoSaysTheNextRRebuildsWhatPostDestroyReleased/global-hook","","Fri Sep 25 21:38:41 BST 2026","passed","Fri Sep 25 21:38:41 BST 2026","","github.com/n-orlov/deck/internal/tui","github.com/n-orlov/deck/internal/tui",""
"","0","TestRejectsSessionIDAndFullAuto/--session-id","","Fri Sep 25 21:36:33 BST 2026","passed","Fri Sep 25 21:36:33 BST 2026","","github.com/n-orlov/deck/cmd/fake-codex","github.com/n-orlov/deck/cmd/fake-codex",""
"","0","TestFooterLineSharesLineWithLongStatusReason/80_columns,_§11.3's_long_reason","","Fri Sep 25 21:38:41 BST 2026","passed","Fri Sep 25 21:38:41 BST 2026","","github.com/n-orlov/deck/internal/tui","github.com/n-orlov/deck/internal/tui",""
"","0","TestSessionRowTokensClearContrastFloorOnSurface/cobalt","","Fri Sep 25 21:38:10 BST 2026","passed","Fri Sep 25 21:38:10 BST 2026","","github.com/n-orlov/deck/internal/theme","github.com/n-orlov/deck/internal/theme",""
"","80","TestCreateAgentRunsSucceedingPreLaunchBeforeTheAgent","","Fri Sep 25 21:37:44 BST 2026","passed","Fri Sep 25 21:37:44 BST 2026","","github.com/n-orlov/deck/internal/service","github.com/n-orlov/deck/internal/service",""
"","0","TestFoldUnfoldHeaderWithZeroTotalSessions/persists_when_a_store_is_attached/c","","Fri Sep 25 21:38:41 BST 2026","passed","Fri Sep 25 21:38:41 BST 2026","","github.com/n-orlov/deck/internal/tui","github.com/n-orlov/deck/internal/tui",""
"","650","TestVisibleOnlyCaptureSeedLeavesScrollbackEmpty","","Fri Sep 25 21:37:23 BST 2026","passed","Fri Sep 25 21:37:23 BST 2026","","github.com/n-orlov/deck/internal/interactive","github.com/n-orlov/deck/internal/interactive",""
"","0","TestDeckOwnedCellsCarryExplicitForegroundOnEveryBuiltin/empire/stacked_layout","","Fri Sep 25 21:38:41 BST 2026","passed","Fri Sep 25 21:38:41 BST 2026","","github.com/n-orlov/deck/internal/tui","github.com/n-orlov/deck/internal/tui",""
"","2540","TestFeatures/Every_declared_Claude_hook_maps_to_honest_status_through_both_identity_routes","","Fri Sep 25 21:39:00 BST 2026","passed","Fri Sep 25 21:39:02 BST 2026","","github.com/n-orlov/deck/features","github.com/n-orlov/deck/features",""
"","0","TestBelowMinimumFrameStaysWithinBudget/60x12/attachError/short","","Fri Sep 25 21:38:41 BST 2026","passed","Fri Sep 25 21:38:41 BST 2026","","github.com/n-orlov/deck/internal/tui","github.com/n-orlov/deck/internal/tui",""
"","360","TestDisplacementFallbackReseedLeavesNoArtificialScrollbackOrCue","","Fri Sep 25 21:38:41 BST 2026","passed","Fri Sep 25 21:38:41 BST 2026","","github.com/n-orlov/deck/internal/tui","github.com/n-orlov/deck/internal/tui",""
"","1610","a global pre_launch that self-selects on the session's own name exports a variable only for the matching session","","","passed","","","Every pane carries its own session's DECK_SESSION_* context (R104, SPEC §6.1)","",""
"","0","TestSettingsSearchMatchesByDescriptionAlone","","Fri Sep 25 21:38:41 BST 2026","passed","Fri Sep 25 21:38:41 BST 2026","","github.com/n-orlov/deck/internal/tui","github.com/n-orlov/deck/internal/tui",""
"","0","TestSettingsFieldValueDisplayPerKind","","Fri Sep 25 21:38:41 BST 2026","passed","Fri Sep 25 21:38:41 BST 2026","","github.com/n-orlov/deck/internal/tui","github.com/n-orlov/deck/internal/tui",""
"","0","TestInvalidControlsAreRejected/DECK_RECONCILE_MS","","Fri Sep 25 21:37:05 BST 2026","passed","Fri Sep 25 21:37:05 BST 2026","","github.com/n-orlov/deck/internal/config","github.com/n-orlov/deck/internal/config",""
"","1200","TestFeatures/creating_a_new_session_selects_its_row_immediately,_without_any_navigation_keystroke,_even_though_it_does_not_land_at_index_0","","Fri Sep 25 21:39:00 BST 2026","passed","Fri Sep 25 21:39:01 BST 2026","","github.com/n-orlov/deck/features","github.com/n-orlov/deck/features",""
"","0","TestFooterHandlerAgreementAcrossEveryRowClass/empty_list/i","","Fri Sep 25 21:38:41 BST 2026","passed","Fri Sep 25 21:38:41 BST 2026","","github.com/n-orlov/deck/internal/tui","github.com/n-orlov/deck/internal/tui",""
"","0","TestBulkDeleteConfirmBodyKeepsEveryMarkedName","","Fri Sep 25 21:38:41 BST 2026","passed","Fri Sep 25 21:38:41 BST 2026","","github.com/n-orlov/deck/internal/tui","github.com/n-orlov/deck/internal/tui",""
"","2000","TestFeatures/the_collapsed_strip's_attention_count_matches_the_sort's_own_notion_of_attention","","Fri Sep 25 21:39:00 BST 2026","passed","Fri Sep 25 21:39:02 BST 2026","","github.com/n-orlov/deck/features","github.com/n-orlov/deck/features",""
"","0","TestNavigationPrimitivesRespectGroupIDKeyedCollapse/nearestVisibleSelection","","Fri Sep 25 21:38:41 BST 2026","passed","Fri Sep 25 21:38:41 BST 2026","","github.com/n-orlov/deck/internal/tui","github.com/n-orlov/deck/internal/tui",""
"","810","TestFeatures/a_mid-scenario_resize_re-chooses_auto's_mode","","Fri Sep 25 21:39:00 BST 2026","passed","Fri Sep 25 21:39:00 BST 2026","","github.com/n-orlov/deck/features","github.com/n-orlov/deck/features",""
"","140","TestReconcileRepairsTerminalRowWithLivePaneAgent","","Fri Sep 25 21:37:44 BST 2026","passed","Fri Sep 25 21:37:44 BST 2026","","github.com/n-orlov/deck/internal/service","github.com/n-orlov/deck/internal/service",""
"","40","TestSendNamedKeyDeliversAltModifiedNavigationKeysByTmuxsOwnTranslation/M-PageDown","","Fri Sep 25 21:38:11 BST 2026","passed","Fri Sep 25 21:38:11 BST 2026","","github.com/n-orlov/deck/internal/tmux","github.com/n-orlov/deck/internal/tmux",""
"","0","TestDeckMouseUnsetLeavesUIConfigInPlace","","Fri Sep 25 21:37:05 BST 2026","passed","Fri Sep 25 21:37:05 BST 2026","","github.com/n-orlov/deck/internal/config","github.com/n-orlov/deck/internal/config",""
"","1231","esc closes the env editor changing nothing","","","passed","","","The `e` env editor shows the effective value and winning layer per key, and writes an edit (requirements 20 and task 021, SPEC §6.1/§6.3)","",""
"","810","TestFeatures/entering_touches_only_window-size,_only_in_the_window_scope,_and_exiting_restores_every_table_exactly","","Fri Sep 25 21:39:00 BST 2026","passed","Fri Sep 25 21:39:00 BST 2026","","github.com/n-orlov/deck/features","github.com/n-orlov/deck/features",""
"","937","killing a session leaves its adversarially-seeded cwd fingerprint unchanged","","","passed","","","Undo toast after x, and the dd delete/tombstone chord","",""
"","0","TestSettingsFooterCarriesDeckBackground/daylight/env-list","","Fri Sep 25 21:38:41 BST 2026","passed","Fri Sep 25 21:38:41 BST 2026","","github.com/n-orlov/deck/internal/tui","github.com/n-orlov/deck/internal/tui",""
"","2840","TestFeatures/preview_fit_=_false_restores_the_wholly_passive_preview,_and_settling_never_resizes","","Fri Sep 25 21:39:00 BST 2026","passed","Fri Sep 25 21:39:02 BST 2026","","github.com/n-orlov/deck/features","github.com/n-orlov/deck/features",""
"","0","TestShellCapsNoProfilesNoAssignedID","","Fri Sep 25 21:37:05 BST 2026","passed","Fri Sep 25 21:37:05 BST 2026","","github.com/n-orlov/deck/internal/agent","github.com/n-orlov/deck/internal/agent",""
"","10","TestSettingsSaveAppliesLiveScopeFieldsWithoutRestart/ui.mouse","","Fri Sep 25 21:38:41 BST 2026","passed","Fri Sep 25 21:38:41 BST 2026","","github.com/n-orlov/deck/internal/tui","github.com/n-orlov/deck/internal/tui",""
"","400","TestCaptureSeedWithHistoryDoesNotDoubleTheLatencyOfAHungServer","","Fri Sep 25 21:37:23 BST 2026","passed","Fri Sep 25 21:37:23 BST 2026","","github.com/n-orlov/deck/internal/interactive","github.com/n-orlov/deck/internal/interactive",""
"","1549","a full enter/exit cycle costs exactly two SIGWINCH with a client attached throughout","","","passed","","","Interactive mode's SIGWINCH budget (Part II, requirement 11)","",""
"","0","TestFramedDialogWrapsOverlongContentInsteadOfGrowingOrTruncating","","Fri Sep 25 21:38:41 BST 2026","passed","Fri Sep 25 21:38:41 BST 2026","","github.com/n-orlov/deck/internal/tui","github.com/n-orlov/deck/internal/tui",""
"","160","TestNoLegacyGroupModelIdentifierSurvivesInStoreTUIOrService","","Fri Sep 25 21:38:41 BST 2026","passed","Fri Sep 25 21:38:41 BST 2026","","github.com/n-orlov/deck/internal/tui","github.com/n-orlov/deck/internal/tui",""
"","80","TestKillReapSweepAndNameReuseReapNeverRunPostDestroy/Kill","","Fri Sep 25 21:37:44 BST 2026","passed","Fri Sep 25 21:37:44 BST 2026","","github.com/n-orlov/deck/internal/service","github.com/n-orlov/deck/internal/service",""
"","0","TestProbeEligibilityIncludesOnlySignalStatesAtWallClockBoundary/starting","","Fri Sep 25 21:37:44 BST 2026","passed","Fri Sep 25 21:37:44 BST 2026","","github.com/n-orlov/deck/internal/service","github.com/n-orlov/deck/internal/service",""
"","0","TestFoldUnfoldHeaderWithZeroTotalSessions/persists_when_a_store_is_attached/right","","Fri Sep 25 21:38:41 BST 2026","passed","Fri Sep 25 21:38:41 BST 2026","","github.com/n-orlov/deck/internal/tui","github.com/n-orlov/deck/internal/tui",""
"","0","TestFooterEntriesNameOnlyBoundKeysViaSourceParse","","Fri Sep 25 21:38:41 BST 2026","passed","Fri Sep 25 21:38:41 BST 2026","","github.com/n-orlov/deck/internal/tui","github.com/n-orlov/deck/internal/tui",""
"","0","TestSettingsGroupsListLongerThanViewportKeepsSelectionAndEditorVisible/80x24/rename","","Fri Sep 25 21:38:41 BST 2026","passed","Fri Sep 25 21:38:41 BST 2026","","github.com/n-orlov/deck/internal/tui","github.com/n-orlov/deck/internal/tui",""
"","4297","a settled selection fits the session's window to exactly the panel's own content box, coalesced across repeated revisits","","","passed","","","The preview capture engine and its visible behaviour","",""
"","80","TestReclaimLeakedInteractivePipesDisarmsRestoresAndRemovesAStaleDeadOwnerClaim","","Fri Sep 25 21:38:11 BST 2026","passed","Fri Sep 25 21:38:11 BST 2026","","github.com/n-orlov/deck/internal/tmux","github.com/n-orlov/deck/internal/tmux",""
"","0","TestSettingsFooterCarriesDeckBackground/daylight/search","","Fri Sep 25 21:38:41 BST 2026","passed","Fri Sep 25 21:38:41 BST 2026","","github.com/n-orlov/deck/internal/tui","github.com/n-orlov/deck/internal/tui",""
"","100","TestSetLastCreateGroupDefaultForgetsTheRememberedNamedGroup","","Fri Sep 25 21:38:00 BST 2026","passed","Fri Sep 25 21:38:00 BST 2026","","github.com/n-orlov/deck/internal/store","github.com/n-orlov/deck/internal/store",""
"","70","TestViewNeverProbesAfterOpen","","Fri Sep 25 21:38:41 BST 2026","passed","Fri Sep 25 21:38:41 BST 2026","","github.com/n-orlov/deck/internal/tui","github.com/n-orlov/deck/internal/tui",""
"","10","TestCure0105DefaultGroupFirstLiveSaveFollowsSelection/header","","Fri Sep 25 21:38:41 BST 2026","passed","Fri Sep 25 21:38:41 BST 2026","","github.com/n-orlov/deck/internal/tui","github.com/n-orlov/deck/internal/tui",""
"","0","TestCoalescedKeyMsgDispatchesDDChordAsTwoSeparateDeletes","","Fri Sep 25 21:38:41 BST 2026","passed","Fri Sep 25 21:38:41 BST 2026","","github.com/n-orlov/deck/internal/tui","github.com/n-orlov/deck/internal/tui",""
"","0","TestConfigFileMalformedIsRejected/bad_stale_duration","","Fri Sep 25 21:37:05 BST 2026","passed","Fri Sep 25 21:37:05 BST 2026","","github.com/n-orlov/deck/internal/config","github.com/n-orlov/deck/internal/config",""
"","0","TestPreviewFitDoesNotOverlapItself","","Fri Sep 25 21:38:41 BST 2026","passed","Fri Sep 25 21:38:41 BST 2026","","github.com/n-orlov/deck/internal/tui","github.com/n-orlov/deck/internal/tui",""
"","0","TestEnvEditorRevealResetsToMaskedOnReopen","","Fri Sep 25 21:38:41 BST 2026","passed","Fri Sep 25 21:38:41 BST 2026","","github.com/n-orlov/deck/internal/tui","github.com/n-orlov/deck/internal/tui",""
"","10","TestR142WheelDriftSurvivesSuccessiveReloadsClampsToShorterList","","Fri Sep 25 21:38:41 BST 2026","passed","Fri Sep 25 21:38:41 BST 2026","","github.com/n-orlov/deck/internal/tui","github.com/n-orlov/deck/internal/tui",""
"","90","TestReconcileNeverRepairsProbeSourcedErrorWithLivePane","","Fri Sep 25 21:37:44 BST 2026","passed","Fri Sep 25 21:37:44 BST 2026","","github.com/n-orlov/deck/internal/service","github.com/n-orlov/deck/internal/service",""
"","0","TestSchemaScopes","","Fri Sep 25 21:37:05 BST 2026","passed","Fri Sep 25 21:37:05 BST 2026","","github.com/n-orlov/deck/internal/config","github.com/n-orlov/deck/internal/config",""
"","840","TestFeatures/a_scenario_pins_a_built-in_theme_by_name_via_a_config.toml_it_writes_itself","","Fri Sep 25 21:39:00 BST 2026","passed","Fri Sep 25 21:39:00 BST 2026","","github.com/n-orlov/deck/features","github.com/n-orlov/deck/features",""
"","0","TestNavigationHelperNeverSleeps","","Fri Sep 25 21:36:35 BST 2026","passed","Fri Sep 25 21:36:35 BST 2026","","github.com/n-orlov/deck/features","github.com/n-orlov/deck/features",""
"","0","TestExitCommandFiresSessionEndOnlyOnceASessionHasStarted/session_started:_exit_fires_SessionEnd","","Fri Sep 25 21:36:33 BST 2026","passed","Fri Sep 25 21:36:33 BST 2026","","github.com/n-orlov/deck/cmd/fake-codex","github.com/n-orlov/deck/cmd/fake-codex",""
"","0","TestDialogWidthClampedToViewport/mid-range_viewport_stays_at_80%_uncapped","","Fri Sep 25 21:38:41 BST 2026","passed","Fri Sep 25 21:38:41 BST 2026","","github.com/n-orlov/deck/internal/tui","github.com/n-orlov/deck/internal/tui",""
"","0","TestDeckOwnedCellsCarryExplicitForegroundOnEveryBuiltin/matrix/filter_in_force","","Fri Sep 25 21:38:41 BST 2026","passed","Fri Sep 25 21:38:41 BST 2026","","github.com/n-orlov/deck/internal/tui","github.com/n-orlov/deck/internal/tui",""
"","1195","creating a new session selects its row immediately, without any navigation keystroke, even though it does not land at index 0","","","passed","","","A newly created session is selected as soon as it appears (requirement 52)","",""
"","0","TestSelectedTextAcrossRowsIsLinearNotRectangular","","Fri Sep 25 21:37:23 BST 2026","passed","Fri Sep 25 21:37:23 BST 2026","","github.com/n-orlov/deck/internal/interactive","github.com/n-orlov/deck/internal/interactive",""
"","140","TestCreateShellPersistsLaunchesAndAudits","","Fri Sep 25 21:37:44 BST 2026","passed","Fri Sep 25 21:37:44 BST 2026","","github.com/n-orlov/deck/internal/service","github.com/n-orlov/deck/internal/service",""
"","0","TestFilterByCWDShowsOnlyTheMatchingRow","","Fri Sep 25 21:38:41 BST 2026","passed","Fri Sep 25 21:38:41 BST 2026","","github.com/n-orlov/deck/internal/tui","github.com/n-orlov/deck/internal/tui",""
"","20","TestNewDispatcherRejectsASessionNameTarget","","Fri Sep 25 21:38:11 BST 2026","passed","Fri Sep 25 21:38:11 BST 2026","","github.com/n-orlov/deck/internal/tmux","github.com/n-orlov/deck/internal/tmux",""
"","0","TestBelowMinimumFrameStaysWithinBudget/70x20/none/none","","Fri Sep 25 21:38:41 BST 2026","passed","Fri Sep 25 21:38:41 BST 2026","","github.com/n-orlov/deck/internal/tui","github.com/n-orlov/deck/internal/tui",""
"","0","TestSessionScopedKeysAreInertOnAHeader/x_(marked)","","Fri Sep 25 21:38:41 BST 2026","passed","Fri Sep 25 21:38:41 BST 2026","","github.com/n-orlov/deck/internal/tui","github.com/n-orlov/deck/internal/tui",""
"","120","TestSweepTombstonesHonoursFrozenClock","","Fri Sep 25 21:38:00 BST 2026","passed","Fri Sep 25 21:38:00 BST 2026","","github.com/n-orlov/deck/internal/store","github.com/n-orlov/deck/internal/store",""
"","40","TestFullAttachReleasesAPreviewPinButNeverALiveOwnersPin/a_stale_pin_with_nobody_holding_the_window_is_released","","Fri Sep 25 21:38:41 BST 2026","passed","Fri Sep 25 21:38:41 BST 2026","","github.com/n-orlov/deck/internal/tui","github.com/n-orlov/deck/internal/tui",""
"","0","TestDriftEndingDetailGKey","","Fri Sep 25 21:38:41 BST 2026","passed","Fri Sep 25 21:38:41 BST 2026","","github.com/n-orlov/deck/internal/tui","github.com/n-orlov/deck/internal/tui",""
"","0","TestFitInteractiveBodyLinesOwnership/short-grid_pad_case","","Fri Sep 25 21:38:41 BST 2026","passed","Fri Sep 25 21:38:41 BST 2026","","github.com/n-orlov/deck/internal/tui","github.com/n-orlov/deck/internal/tui",""
"","90","TestCreateAgentPreflightRefusesAgentBinaryNotFoundOnPath","","Fri Sep 25 21:37:44 BST 2026","passed","Fri Sep 25 21:37:44 BST 2026","","github.com/n-orlov/deck/internal/service","github.com/n-orlov/deck/internal/service",""
"","60","TestCapturedPathAdvisoryReflectsLoginShellAndPersistsAcrossReopen","","Fri Sep 25 21:38:00 BST 2026","passed","Fri Sep 25 21:38:00 BST 2026","","github.com/n-orlov/deck/internal/store","github.com/n-orlov/deck/internal/store",""
"","1001","yolo_default opens the create modal already on yolo once allow_yolo is enabled","","","passed","","","Permission profile mapping, degradation and the yolo gate","",""
"","1664","Real fake-agent panes render the complete probe golden corpus","","","passed","","","Sampled probe status truth","",""
"","0","TestNoIgnoredExitStatusForInputDispatchIsNonVacuous","","Fri Sep 25 21:38:11 BST 2026","passed","Fri Sep 25 21:38:11 BST 2026","","github.com/n-orlov/deck/internal/tmux","github.com/n-orlov/deck/internal/tmux",""
"","0","TestDriftPreservingGlobalKeysLeaveTheDriftInPlace/key=""esc""","","Fri Sep 25 21:38:41 BST 2026","passed","Fri Sep 25 21:38:41 BST 2026","","github.com/n-orlov/deck/internal/tui","github.com/n-orlov/deck/internal/tui",""
"","0","TestThemedDialogTokensClearContrastFloor/empire","","Fri Sep 25 21:38:10 BST 2026","passed","Fri Sep 25 21:38:10 BST 2026","","github.com/n-orlov/deck/internal/theme","github.com/n-orlov/deck/internal/theme",""
"","150","TestForceEntersDespiteAnAttachedClient","","Fri Sep 25 21:38:41 BST 2026","passed","Fri Sep 25 21:38:41 BST 2026","","github.com/n-orlov/deck/internal/tui","github.com/n-orlov/deck/internal/tui",""
"","40","TestSendNamedKeyDeliversAltModifiedNavigationKeysByTmuxsOwnTranslation/M-F6","","Fri Sep 25 21:38:11 BST 2026","passed","Fri Sep 25 21:38:11 BST 2026","","github.com/n-orlov/deck/internal/tmux","github.com/n-orlov/deck/internal/tmux",""
"","1943","R restarts a running claude session with the resume argv, preserving its conversation id","","","passed","","","Real agent session creation and resume through the TUI","",""
"","60","TestAcquireLaunchLeaseExpiredTTLIsBreakable","","Fri Sep 25 21:38:00 BST 2026","passed","Fri Sep 25 21:38:00 BST 2026","","github.com/n-orlov/deck/internal/store","github.com/n-orlov/deck/internal/store",""
"","40","TestSendNamedKeyDeliversAltModifiedNavigationKeysByTmuxsOwnTranslation/M-Up","","Fri Sep 25 21:38:11 BST 2026","passed","Fri Sep 25 21:38:11 BST 2026","","github.com/n-orlov/deck/internal/tmux","github.com/n-orlov/deck/internal/tmux",""
"","100","TestReceiveHookAppliesOverAnyStaleSourceExceptStopped/Stop/from_error/via_tmux","","Fri Sep 25 21:37:06 BST 2026","passed","Fri Sep 25 21:37:06 BST 2026","","github.com/n-orlov/deck/internal/hookrecv","github.com/n-orlov/deck/internal/hookrecv",""
"","110","TestMoveSessionGroupToDefaultClearsGroupID","","Fri Sep 25 21:38:41 BST 2026","passed","Fri Sep 25 21:38:41 BST 2026","","github.com/n-orlov/deck/internal/tui","github.com/n-orlov/deck/internal/tui",""
"","100","TestArchiveOnNonStoppedSessionKillsThenArchivesAsOneAction","","Fri Sep 25 21:37:44 BST 2026","passed","Fri Sep 25 21:37:44 BST 2026","","github.com/n-orlov/deck/internal/service","github.com/n-orlov/deck/internal/service",""
"","1830","TestFeatures/a_live_in-TTL_lease_blocks_a_second_launch_and_the_row_stays_usable","","Fri Sep 25 21:39:00 BST 2026","passed","Fri Sep 25 21:39:01 BST 2026","","github.com/n-orlov/deck/features","github.com/n-orlov/deck/features",""
"","0","TestDeckOwnedCellsCarryExplicitForegroundOnEveryBuiltin/daylight/main_side-by-side,_placeholder_preview","","Fri Sep 25 21:38:41 BST 2026","passed","Fri Sep 25 21:38:41 BST 2026","","github.com/n-orlov/deck/internal/tui","github.com/n-orlov/deck/internal/tui",""
"","60","TestFilterByDefaultMatchesTheSidebarsOwnDefaultLabel","","Fri Sep 25 21:38:41 BST 2026","passed","Fri Sep 25 21:38:41 BST 2026","","github.com/n-orlov/deck/internal/tui","github.com/n-orlov/deck/internal/tui",""
"","100","TestReceiveHookAppliesOverAnyStaleSourceExceptStopped/Stop/from_waiting/via_hook","","Fri Sep 25 21:37:06 BST 2026","passed","Fri Sep 25 21:37:06 BST 2026","","github.com/n-orlov/deck/internal/hookrecv","github.com/n-orlov/deck/internal/hookrecv",""
"","0","TestLostAttachSubmitDismisses","","Fri Sep 25 21:38:41 BST 2026","passed","Fri Sep 25 21:38:41 BST 2026","","github.com/n-orlov/deck/internal/tui","github.com/n-orlov/deck/internal/tui",""
"","0","TestConfigFileMalformedIsRejected/unquoted_env_value","","Fri Sep 25 21:37:05 BST 2026","passed","Fri Sep 25 21:37:05 BST 2026","","github.com/n-orlov/deck/internal/config","github.com/n-orlov/deck/internal/config",""
"","1420","TestFeatures/bulk_x_on_a_marked_set_leaves_both_adversarially-seeded_cwd_fingerprints_unchanged","","Fri Sep 25 21:39:00 BST 2026","passed","Fri Sep 25 21:39:01 BST 2026","","github.com/n-orlov/deck/features","github.com/n-orlov/deck/features",""
"","1590","TestFeatures/SIGKILL_mid-interactive_leaks_pipe-pane_and_a_temp_dir;_the_next_start_reclaims_both","","Fri Sep 25 21:39:00 BST 2026","passed","Fri Sep 25 21:39:01 BST 2026","","github.com/n-orlov/deck/features","github.com/n-orlov/deck/features",""
"","1370","TestFeatures/deleting_a_non-empty_group_in_settings_offers_moving_members_to_default_or_the_same_dd_confirm_(R131_part_2)","","Fri Sep 25 21:39:00 BST 2026","passed","Fri Sep 25 21:39:01 BST 2026","","github.com/n-orlov/deck/features","github.com/n-orlov/deck/features",""
"","60","TestSettingsGroupsPanelRefreshesOnOrdinaryReload","","Fri Sep 25 21:38:41 BST 2026","passed","Fri Sep 25 21:38:41 BST 2026","","github.com/n-orlov/deck/internal/tui","github.com/n-orlov/deck/internal/tui",""
"","773","yolo_default is On but inert while allow_yolo stays off, and the settings row itself says so (steer 020 item 2)","","","passed","","","The `,` settings takeover (requirement 48)","",""
"","60","TestReceiveHookAppliesOverAnyStaleSourceExceptStopped/UserPromptSubmit/from_waiting/via_user","","Fri Sep 25 21:37:06 BST 2026","passed","Fri Sep 25 21:37:06 BST 2026","","github.com/n-orlov/deck/internal/hookrecv","github.com/n-orlov/deck/internal/hookrecv",""
"","650","TestCaptureSeedWithHistoryAtZeroIsExactlyCaptureSeed","","Fri Sep 25 21:37:23 BST 2026","passed","Fri Sep 25 21:37:23 BST 2026","","github.com/n-orlov/deck/internal/interactive","github.com/n-orlov/deck/internal/interactive",""
"","110","TestKillRemovesARetainedCorpseAndStillRefusesAGenuinelyGoneSession","","Fri Sep 25 21:37:44 BST 2026","passed","Fri Sep 25 21:37:44 BST 2026","","github.com/n-orlov/deck/internal/service","github.com/n-orlov/deck/internal/service",""
"","2460","TestFeatures/an_attachError_or_resumeNote_message_never_pushes_the_frame_past_the_terminal's_own_budget","","Fri Sep 25 21:39:00 BST 2026","passed","Fri Sep 25 21:39:02 BST 2026","","github.com/n-orlov/deck/features","github.com/n-orlov/deck/features",""
"","340","TestDroppingPreserveTrailingBlankLinesTrimsBackgroundStyledBlanks","","Fri Sep 25 21:37:23 BST 2026","passed","Fri Sep 25 21:37:23 BST 2026","","github.com/n-orlov/deck/internal/interactive","github.com/n-orlov/deck/internal/interactive",""
"","0","TestRenameDialogEscCancelsWithoutPersistingAndKeepsDetailOpen","","Fri Sep 25 21:38:41 BST 2026","passed","Fri Sep 25 21:38:41 BST 2026","","github.com/n-orlov/deck/internal/tui","github.com/n-orlov/deck/internal/tui",""
"","0","TestSettingsFooterCarriesDeckBackground/parchment/normal","","Fri Sep 25 21:38:41 BST 2026","passed","Fri Sep 25 21:38:41 BST 2026","","github.com/n-orlov/deck/internal/tui","github.com/n-orlov/deck/internal/tui",""
"","2404","the mouse wheel over the preview panel scrolls the interactive grid's own scrollback","","","passed","","","Interactive mode's own bounded scrollback (Part II, requirement 51)","",""
"","0","TestSidebarCreatedLineRendersDimmed","","Fri Sep 25 21:38:41 BST 2026","passed","Fri Sep 25 21:38:41 BST 2026","","github.com/n-orlov/deck/internal/tui","github.com/n-orlov/deck/internal/tui",""
"","0","TestDetailFooterNamesTheHeaderCursorFoldKeys/ascii","","Fri Sep 25 21:38:41 BST 2026","passed","Fri Sep 25 21:38:41 BST 2026","","github.com/n-orlov/deck/internal/tui","github.com/n-orlov/deck/internal/tui",""
"","0","TestDeckOwnedCellsCarryExplicitForegroundOnEveryBuiltin/daylight/help_overlay","","Fri Sep 25 21:38:41 BST 2026","passed","Fri Sep 25 21:38:41 BST 2026","","github.com/n-orlov/deck/internal/tui","github.com/n-orlov/deck/internal/tui",""
"","0","TestSettingsFooterCarriesDeckBackground/empire/normal","","Fri Sep 25 21:38:41 BST 2026","passed","Fri Sep 25 21:38:41 BST 2026","","github.com/n-orlov/deck/internal/tui","github.com/n-orlov/deck/internal/tui",""
"","0","TestTui049UnavailableActionListUntouched","","Fri Sep 25 21:38:41 BST 2026","passed","Fri Sep 25 21:38:41 BST 2026","","github.com/n-orlov/deck/internal/tui","github.com/n-orlov/deck/internal/tui",""
"","1670","TestFeatures/a_stale_stopped_row_reports_its_new_non-leasable_verdict_instead_of_a_lease_conflict","","Fri Sep 25 21:39:00 BST 2026","passed","Fri Sep 25 21:39:01 BST 2026","","github.com/n-orlov/deck/features","github.com/n-orlov/deck/features",""
"","0","TestReleasedDeckHookIsOneShotAndDoesNotBootstrapStateOrTmux/extra","","Fri Sep 25 21:36:22 BST 2026","passed","Fri Sep 25 21:36:22 BST 2026","","github.com/n-orlov/deck/cmd/deck","github.com/n-orlov/deck/cmd/deck",""
"","1850","TestFeatures/dragging_over_the_interactive_preview_copies_the_selected_text_to_deck's_own_tmux_buffer","","Fri Sep 25 21:39:00 BST 2026","passed","Fri Sep 25 21:39:01 BST 2026","","github.com/n-orlov/deck/features","github.com/n-orlov/deck/features",""
"","60","TestReceiveHookAppliesOverAnyStaleSourceExceptStopped/SessionStart/from_starting/via_probe","","Fri Sep 25 21:37:06 BST 2026","passed","Fri Sep 25 21:37:06 BST 2026","","github.com/n-orlov/deck/internal/hookrecv","github.com/n-orlov/deck/internal/hookrecv",""
"","80","TestPreviewFitStandsDownNonLatchingUnderForeignLiveClaim","","Fri Sep 25 21:38:41 BST 2026","passed","Fri Sep 25 21:38:41 BST 2026","","github.com/n-orlov/deck/internal/tui","github.com/n-orlov/deck/internal/tui",""
"","1110","TestFeatures/a_fake_agent_renders_a_preview_fixture_once_and_then_falls_silent#04","","Fri Sep 25 21:39:00 BST 2026","passed","Fri Sep 25 21:39:01 BST 2026","","github.com/n-orlov/deck/features","github.com/n-orlov/deck/features",""
"","0","TestDeleteUndoNoteStaysWithinFrameBudgetAtEveryLayoutMode/single-delete-undo/stacked","","Fri Sep 25 21:38:41 BST 2026","passed","Fri Sep 25 21:38:41 BST 2026","","github.com/n-orlov/deck/internal/tui","github.com/n-orlov/deck/internal/tui",""
"","980","TestFeatures/the_""daylight""_built-in_theme's_background_token_fills_every_deck-owned_cell_of_the_frame,_pad_columns_past_a_short_row's_own_text_included","","Fri Sep 25 21:39:00 BST 2026","passed","Fri Sep 25 21:39:00 BST 2026","","github.com/n-orlov/deck/features","github.com/n-orlov/deck/features",""
"","0","TestCrashModeIsTheSameNonzeroExitCodeControlAsFakeClaude","","Fri Sep 25 21:36:33 BST 2026","passed","Fri Sep 25 21:36:33 BST 2026","","github.com/n-orlov/deck/cmd/fake-codex","github.com/n-orlov/deck/cmd/fake-codex",""
"","920","TestFeatures/create_dialog_--_enter_submits_a_valid_form","","Fri Sep 25 21:39:00 BST 2026","passed","Fri Sep 25 21:39:00 BST 2026","","github.com/n-orlov/deck/features","github.com/n-orlov/deck/features",""
"","705","auto selects side-by-side at and above 80 columns, stacked below it #1","","","passed","","","§11.2 layout modes, their keys, and their persistence","",""
"","0","TestPiTranscriptPathFindsRealFile","","Fri Sep 25 21:37:05 BST 2026","passed","Fri Sep 25 21:37:05 BST 2026","","github.com/n-orlov/deck/internal/agent","github.com/n-orlov/deck/internal/agent",""
"","60","TestRenameSessionRejectsEmptyInputs","","Fri Sep 25 21:38:00 BST 2026","passed","Fri Sep 25 21:38:00 BST 2026","","github.com/n-orlov/deck/internal/store","github.com/n-orlov/deck/internal/store",""
"","0","TestWheelOverUnscrollableOverlayDoesNothing/delete_confirm_(not_scrollable)","","Fri Sep 25 21:38:41 BST 2026","passed","Fri Sep 25 21:38:41 BST 2026","","github.com/n-orlov/deck/internal/tui","github.com/n-orlov/deck/internal/tui",""
"","901","submitting a working directory that exists but is a file names it and keeps the modal open","","","passed","","","The create modal's §11.7 cwd prefill (requirement 12)","",""
"","0","TestDeckOwnedCellsCarryExplicitForegroundOnEveryBuiltin/matrix/main_side-by-side,_placeholder_preview","","Fri Sep 25 21:38:41 BST 2026","passed","Fri Sep 25 21:38:41 BST 2026","","github.com/n-orlov/deck/internal/tui","github.com/n-orlov/deck/internal/tui",""
"","0","TestSettingsGroupsListLongerThanViewportKeepsSelectionAndEditorVisible/80x24/create","","Fri Sep 25 21:38:41 BST 2026","passed","Fri Sep 25 21:38:41 BST 2026","","github.com/n-orlov/deck/internal/tui","github.com/n-orlov/deck/internal/tui",""
"","100","TestReceiveCodexSecondSessionStartWithTheSameIDIsANoOpThatLogsNoChange","","Fri Sep 25 21:37:06 BST 2026","passed","Fri Sep 25 21:37:06 BST 2026","","github.com/n-orlov/deck/internal/hookrecv","github.com/n-orlov/deck/internal/hookrecv",""
"","2090","TestFeatures/a_group_header_click_collapses_that_group_while_a_preview_is_live,_and_interactive_mode_is_left_undisturbed","","Fri Sep 25 21:39:00 BST 2026","passed","Fri Sep 25 21:39:02 BST 2026","","github.com/n-orlov/deck/features","github.com/n-orlov/deck/features",""
"","0","TestBuiltinContrastFloor","","Fri Sep 25 21:38:10 BST 2026","passed","Fri Sep 25 21:38:10 BST 2026","","github.com/n-orlov/deck/internal/theme","github.com/n-orlov/deck/internal/theme",""
"","140","TestRestartRefusesAnAlreadyStoppedSession","","Fri Sep 25 21:37:44 BST 2026","passed","Fri Sep 25 21:37:44 BST 2026","","github.com/n-orlov/deck/internal/service","github.com/n-orlov/deck/internal/service",""
"","100","TestReceiveHookAppliesOverAnyStaleSourceExceptStopped/StopFailure/from_starting/via_hook","","Fri Sep 25 21:37:06 BST 2026","passed","Fri Sep 25 21:37:06 BST 2026","","github.com/n-orlov/deck/internal/hookrecv","github.com/n-orlov/deck/internal/hookrecv",""
"","0","TestSettingsGroupsListLongerThanViewportKeepsSelectionAndEditorVisible/100x40/rename_rejected_name_keeps_the_validation_visible","","Fri Sep 25 21:38:41 BST 2026","passed","Fri Sep 25 21:38:41 BST 2026","","github.com/n-orlov/deck/internal/tui","github.com/n-orlov/deck/internal/tui",""
"","90","TestCreateShellRecordsCoherentFailureWhenTmuxCannotLaunch","","Fri Sep 25 21:37:44 BST 2026","passed","Fri Sep 25 21:37:44 BST 2026","","github.com/n-orlov/deck/internal/service","github.com/n-orlov/deck/internal/service",""
"","100","TestReceiveHookAppliesOverAnyStaleSourceExceptStopped/SessionStart/from_idle/via_tmux","","Fri Sep 25 21:37:06 BST 2026","passed","Fri Sep 25 21:37:06 BST 2026","","github.com/n-orlov/deck/internal/hookrecv","github.com/n-orlov/deck/internal/hookrecv",""
"","0","TestCapturePaneRejectsUnsafeOrImplicitRange","","Fri Sep 25 21:38:11 BST 2026","passed","Fri Sep 25 21:38:11 BST 2026","","github.com/n-orlov/deck/internal/tmux","github.com/n-orlov/deck/internal/tmux",""
"","320","TestPaneSeedStateReadsEachNonDefaultFieldFromARealPane/scroll_region_upper_and_lower","","Fri Sep 25 21:38:11 BST 2026","passed","Fri Sep 25 21:38:11 BST 2026","","github.com/n-orlov/deck/internal/tmux","github.com/n-orlov/deck/internal/tmux",""
"","0","TestClaude_LaunchAndResumeArgv/yolo/resume","","Fri Sep 25 21:37:05 BST 2026","passed","Fri Sep 25 21:37:05 BST 2026","","github.com/n-orlov/deck/internal/agent","github.com/n-orlov/deck/internal/agent",""
"","0","TestAvailShellAlwaysAvailableUnderEmptyPath","","Fri Sep 25 21:37:44 BST 2026","passed","Fri Sep 25 21:37:44 BST 2026","","github.com/n-orlov/deck/internal/service","github.com/n-orlov/deck/internal/service",""
"","40","TestClickOverInteractivePreviewWithoutMotionCommitsNothing","","Fri Sep 25 21:38:41 BST 2026","passed","Fri Sep 25 21:38:41 BST 2026","","github.com/n-orlov/deck/internal/tui","github.com/n-orlov/deck/internal/tui",""
"","80","TestAcquireLaunchLeaseRequiresTimestamp","","Fri Sep 25 21:38:00 BST 2026","passed","Fri Sep 25 21:38:00 BST 2026","","github.com/n-orlov/deck/internal/store","github.com/n-orlov/deck/internal/store",""
"","0","TestRenderRowsScrollsIntoScrollbackAndBack","","Fri Sep 25 21:37:23 BST 2026","passed","Fri Sep 25 21:37:23 BST 2026","","github.com/n-orlov/deck/internal/interactive","github.com/n-orlov/deck/internal/interactive",""
"","0","TestThemePickerPreviewsLiveOnRealList","","Fri Sep 25 21:38:41 BST 2026","passed","Fri Sep 25 21:38:41 BST 2026","","github.com/n-orlov/deck/internal/tui","github.com/n-orlov/deck/internal/tui",""
"","0","TestNoLiveCapturePreviewInteriorCarriesDeckBackgroundStacked/matrix","","Fri Sep 25 21:38:41 BST 2026","passed","Fri Sep 25 21:38:41 BST 2026","","github.com/n-orlov/deck/internal/tui","github.com/n-orlov/deck/internal/tui",""
"","770","TestFeatures/an_environment-overridden_field_is_labelled_honestly_and_a_save_never_pretends_the_running_value_moved","","Fri Sep 25 21:39:00 BST 2026","passed","Fri Sep 25 21:39:00 BST 2026","","github.com/n-orlov/deck/features","github.com/n-orlov/deck/features",""
"","0","TestCreateModalShellSubmitPassesPostDestroyThrough","","Fri Sep 25 21:38:41 BST 2026","passed","Fri Sep 25 21:38:41 BST 2026","","github.com/n-orlov/deck/internal/tui","github.com/n-orlov/deck/internal/tui",""
"","0","TestSessionStartNeverFiresAtLaunchOnlyAfterTheFirstPrompt/fires_after_one_prompt","","Fri Sep 25 21:36:33 BST 2026","passed","Fri Sep 25 21:36:33 BST 2026","","github.com/n-orlov/deck/cmd/fake-codex","github.com/n-orlov/deck/cmd/fake-codex",""
"","100","TestReceiveHookAppliesOverAnyStaleSourceExceptStopped/StopFailure/from_starting/via_user","","Fri Sep 25 21:37:06 BST 2026","passed","Fri Sep 25 21:37:06 BST 2026","","github.com/n-orlov/deck/internal/hookrecv","github.com/n-orlov/deck/internal/hookrecv",""
"","0","TestDriftPreservingGlobalKeysLeaveTheDriftInPlace/key=""t""","","Fri Sep 25 21:38:41 BST 2026","passed","Fri Sep 25 21:38:41 BST 2026","","github.com/n-orlov/deck/internal/tui","github.com/n-orlov/deck/internal/tui",""
"","0","TestAllDialogsRejectMouseAtBorderBodyAndOutside/rename/body","","Fri Sep 25 21:38:41 BST 2026","passed","Fri Sep 25 21:38:41 BST 2026","","github.com/n-orlov/deck/internal/tui","github.com/n-orlov/deck/internal/tui",""
"","0","TestArchivePurgeAndRefusalMessagesStayWithinFrameBudgetAtEveryLayoutMode/Archiving_is_unavailable/stacked","","Fri Sep 25 21:38:41 BST 2026","passed","Fri Sep 25 21:38:41 BST 2026","","github.com/n-orlov/deck/internal/tui","github.com/n-orlov/deck/internal/tui",""
"","10","TestSidebarGutterCellsNeverFallBackToCanvasForeground","","Fri Sep 25 21:38:41 BST 2026","passed","Fri Sep 25 21:38:41 BST 2026","","github.com/n-orlov/deck/internal/tui","github.com/n-orlov/deck/internal/tui",""
"","954","the filter is the only route back to a row hidden by A archive","","","passed","","","The / list filter: by name, group and cwd, and the route back to an archived row (I-10, task 123; re-aimed off workspace by task 015/R129 part 4)","",""
"","60","TestReceiveHookAppliesOverAnyStaleSourceExceptStopped/SessionEnd/from_waiting/via_probe","","Fri Sep 25 21:37:06 BST 2026","passed","Fri Sep 25 21:37:06 BST 2026","","github.com/n-orlov/deck/internal/hookrecv","github.com/n-orlov/deck/internal/hookrecv",""
"","850","TestFeatures/the_cwd_field_pre-fills_with_the_most_recent_recent_cwds_entry,_labelled_""last_used""","","Fri Sep 25 21:39:00 BST 2026","passed","Fri Sep 25 21:39:00 BST 2026","","github.com/n-orlov/deck/features","github.com/n-orlov/deck/features",""
"","0","TestThemedDialogsDegradeCleanlyUnderNoColorAndASCII/env_editor/initial_state","","Fri Sep 25 21:38:41 BST 2026","passed","Fri Sep 25 21:38:41 BST 2026","","github.com/n-orlov/deck/internal/tui","github.com/n-orlov/deck/internal/tui",""
"","60","TestRenameSessionRefusesLiveAndArchivedHolders","","Fri Sep 25 21:38:00 BST 2026","passed","Fri Sep 25 21:38:00 BST 2026","","github.com/n-orlov/deck/internal/store","github.com/n-orlov/deck/internal/store",""
"","0","TestSettingsViewIncludesGlobalPostDestroyField","","Fri Sep 25 21:38:41 BST 2026","passed","Fri Sep 25 21:38:41 BST 2026","","github.com/n-orlov/deck/internal/tui","github.com/n-orlov/deck/internal/tui",""
"","2260","TestFeatures/R_restarts_a_running_codex_session_with_the_resume_argv,_never_composing_--last","","Fri Sep 25 21:39:00 BST 2026","passed","Fri Sep 25 21:39:02 BST 2026","","github.com/n-orlov/deck/features","github.com/n-orlov/deck/features",""
"","60","TestCreateSessionReapsTombstonedSlugHolder","","Fri Sep 25 21:38:00 BST 2026","passed","Fri Sep 25 21:38:00 BST 2026","","github.com/n-orlov/deck/internal/store","github.com/n-orlov/deck/internal/store",""
"","60","TestRestoreSessionClearsTombstoneAndReturnsToListSessions","","Fri Sep 25 21:38:00 BST 2026","passed","Fri Sep 25 21:38:00 BST 2026","","github.com/n-orlov/deck/internal/store","github.com/n-orlov/deck/internal/store",""
"","884","an empty name defaults to <workspace>-<MMDD-HHMM> from the frozen clock","","","passed","","","The create modal's §11.7 cwd prefill (requirement 12)","",""
"","40","TestSendNamedKeyDeliversAltModifiedNavigationKeysByTmuxsOwnTranslation/M-Delete","","Fri Sep 25 21:38:11 BST 2026","passed","Fri Sep 25 21:38:11 BST 2026","","github.com/n-orlov/deck/internal/tmux","github.com/n-orlov/deck/internal/tmux",""
"","0","TestSelectedSidebarRowUsesSelectionBackground","","Fri Sep 25 21:38:41 BST 2026","passed","Fri Sep 25 21:38:41 BST 2026","","github.com/n-orlov/deck/internal/tui","github.com/n-orlov/deck/internal/tui",""
"","0","TestSettingsDoesNotLabelAFieldEnvCannotOverride","","Fri Sep 25 21:38:41 BST 2026","passed","Fri Sep 25 21:38:41 BST 2026","","github.com/n-orlov/deck/internal/tui","github.com/n-orlov/deck/internal/tui",""
"","100","TestReceiveHookAppliesOverAnyStaleSourceExceptStopped/Notification/from_waiting/via_user","","Fri Sep 25 21:37:06 BST 2026","passed","Fri Sep 25 21:37:06 BST 2026","","github.com/n-orlov/deck/internal/hookrecv","github.com/n-orlov/deck/internal/hookrecv",""
"","60","TestFreshDatabaseReportsSchemaVersion6WithPostDestroyAndLaunchDirtyColumns","","Fri Sep 25 21:38:00 BST 2026","passed","Fri Sep 25 21:38:00 BST 2026","","github.com/n-orlov/deck/internal/store","github.com/n-orlov/deck/internal/store",""
"","0","TestSplitFunctionKeyAfterLeadingEscapeInjectsItsTailAsLiteralText","","Fri Sep 25 21:37:23 BST 2026","passed","Fri Sep 25 21:37:23 BST 2026","","github.com/n-orlov/deck/internal/interactive","github.com/n-orlov/deck/internal/interactive",""
"","0","TestCodex_ResumeArgv/edits","","Fri Sep 25 21:37:05 BST 2026","passed","Fri Sep 25 21:37:05 BST 2026","","github.com/n-orlov/deck/internal/agent","github.com/n-orlov/deck/internal/agent",""
"","100","TestResumedRowAcceptsTheNewPanesFirstHook/SessionStart","","Fri Sep 25 21:37:06 BST 2026","passed","Fri Sep 25 21:37:06 BST 2026","","github.com/n-orlov/deck/internal/hookrecv","github.com/n-orlov/deck/internal/hookrecv",""
"","110","TestOpenMigratesSupportedVersionZeroFixture","","Fri Sep 25 21:38:00 BST 2026","passed","Fri Sep 25 21:38:00 BST 2026","","github.com/n-orlov/deck/internal/store","github.com/n-orlov/deck/internal/store",""
"","0","TestSessionsLoadedGroupingWithinGroupOrderIsNonVacuous","","Fri Sep 25 21:38:41 BST 2026","passed","Fri Sep 25 21:38:41 BST 2026","","github.com/n-orlov/deck/internal/tui","github.com/n-orlov/deck/internal/tui",""
"","700","TestInteractiveNotRepaintedNoticeCarriesDeckBackground/Stacked","","Fri Sep 25 21:38:41 BST 2026","passed","Fri Sep 25 21:38:41 BST 2026","","github.com/n-orlov/deck/internal/tui","github.com/n-orlov/deck/internal/tui",""
"","2440","TestMouseReportingReenabledAfterAttachDetachCycle","","Fri Sep 25 21:36:35 BST 2026","passed","Fri Sep 25 21:36:37 BST 2026","","github.com/n-orlov/deck/features","github.com/n-orlov/deck/features",""
"","60","TestReceiveHookAppliesOverAnyStaleSourceExceptStopped/Stop/from_starting/via_probe","","Fri Sep 25 21:37:06 BST 2026","passed","Fri Sep 25 21:37:06 BST 2026","","github.com/n-orlov/deck/internal/hookrecv","github.com/n-orlov/deck/internal/hookrecv",""
"","230","TestStoreSurvivesProcessCrashMidTransaction","","Fri Sep 25 21:38:00 BST 2026","passed","Fri Sep 25 21:38:00 BST 2026","","github.com/n-orlov/deck/internal/store","github.com/n-orlov/deck/internal/store",""
"","0","TestStepRequiresFrozenClockAndIncrement","","Fri Sep 25 21:37:05 BST 2026","passed","Fri Sep 25 21:37:05 BST 2026","","github.com/n-orlov/deck/internal/config","github.com/n-orlov/deck/internal/config",""
"","750","TestFeatures/a_settings_takeover_save_of_ui.theme_changes_the_running_client's_own_render_live,_read_per_cell_(requirement_19)","","Fri Sep 25 21:39:00 BST 2026","passed","Fri Sep 25 21:39:00 BST 2026","","github.com/n-orlov/deck/features","github.com/n-orlov/deck/features",""
"","2110","TestFeatures/an_agent_binary_not_on_PATH_keeps_the_row_as_a_retained,_explained_error","","Fri Sep 25 21:39:00 BST 2026","passed","Fri Sep 25 21:39:02 BST 2026","","github.com/n-orlov/deck/features","github.com/n-orlov/deck/features",""
"","1040","TestFeatures/clicking_a_group_header_in_list_mode_collapses_only_that_group,_and_clicking_it_again_reopens_it","","Fri Sep 25 21:39:00 BST 2026","passed","Fri Sep 25 21:39:01 BST 2026","","github.com/n-orlov/deck/features","github.com/n-orlov/deck/features",""
"","40","TestCapturePaneRealTmuxUsesExplicitRange","","Fri Sep 25 21:38:11 BST 2026","passed","Fri Sep 25 21:38:11 BST 2026","","github.com/n-orlov/deck/internal/tmux","github.com/n-orlov/deck/internal/tmux",""
"","330","TestBuildSeedReproducesInheritedSGRAcrossLinesWithZeroDifferingCells","","Fri Sep 25 21:37:23 BST 2026","passed","Fri Sep 25 21:37:23 BST 2026","","github.com/n-orlov/deck/internal/interactive","github.com/n-orlov/deck/internal/interactive",""
"","0","TestBelowMinimumFrameStaysWithinBudget/120x24/attachError/wraps-at-w","","Fri Sep 25 21:38:41 BST 2026","passed","Fri Sep 25 21:38:41 BST 2026","","github.com/n-orlov/deck/internal/tui","github.com/n-orlov/deck/internal/tui",""
"","0","TestFingerprintDetectsMutations/content_change","","Fri Sep 25 21:36:35 BST 2026","passed","Fri Sep 25 21:36:35 BST 2026","","github.com/n-orlov/deck/features","github.com/n-orlov/deck/features",""
"","580","TestReleasedHookBoundsStalledTmuxAndSkipsItForSessionEnd","","Fri Sep 25 21:36:22 BST 2026","passed","Fri Sep 25 21:36:22 BST 2026","","github.com/n-orlov/deck/cmd/deck","github.com/n-orlov/deck/cmd/deck",""
"","80","TestSettingsGroupDeleteDBranchOffersPurgeChoiceAndOneUndoStillRestoresTombstones/purge_removes_only_the_eligible_transcript","","Fri Sep 25 21:38:41 BST 2026","passed","Fri Sep 25 21:38:41 BST 2026","","github.com/n-orlov/deck/internal/tui","github.com/n-orlov/deck/internal/tui",""
"","60","TestCreateSessionRoundTripsAllPhase1FieldsAcrossReopen","","Fri Sep 25 21:38:00 BST 2026","passed","Fri Sep 25 21:38:00 BST 2026","","github.com/n-orlov/deck/internal/store","github.com/n-orlov/deck/internal/store",""
"","0","TestHeaderChevronSitsInSameColumnAsSocketLine","","Fri Sep 25 21:38:41 BST 2026","passed","Fri Sep 25 21:38:41 BST 2026","","github.com/n-orlov/deck/internal/tui","github.com/n-orlov/deck/internal/tui",""
"","60","TestSweepTombstonesThrottlesToAtMostOnceAnHour","","Fri Sep 25 21:38:00 BST 2026","passed","Fri Sep 25 21:38:00 BST 2026","","github.com/n-orlov/deck/internal/store","github.com/n-orlov/deck/internal/store",""
"","0","TestSessionRestartedNoopOutcomesLeaveTheLatchSetAndIssueNoFit/outcome=2","","Fri Sep 25 21:38:41 BST 2026","passed","Fri Sep 25 21:38:41 BST 2026","","github.com/n-orlov/deck/internal/tui","github.com/n-orlov/deck/internal/tui",""
"","0","TestFooterHandlerAgreementAcrossEveryRowClass/attention-pending/A","","Fri Sep 25 21:38:41 BST 2026","passed","Fri Sep 25 21:38:41 BST 2026","","github.com/n-orlov/deck/internal/tui","github.com/n-orlov/deck/internal/tui",""
"","140","TestEnterInteractiveSeedsTheGridWithThePanesOwnTmuxHistory","","Fri Sep 25 21:38:41 BST 2026","passed","Fri Sep 25 21:38:41 BST 2026","","github.com/n-orlov/deck/internal/tui","github.com/n-orlov/deck/internal/tui",""
"","2250","TestGoldenMinimumFrame/run-1","","Fri Sep 25 21:36:35 BST 2026","passed","Fri Sep 25 21:36:37 BST 2026","","github.com/n-orlov/deck/features","github.com/n-orlov/deck/features",""
"","40","TestSessionResizeIntoFreshGridDoesNotCorrupt","","Fri Sep 25 21:37:23 BST 2026","passed","Fri Sep 25 21:37:23 BST 2026","","github.com/n-orlov/deck/internal/interactive","github.com/n-orlov/deck/internal/interactive",""
"","0","TestNormalizeFrame","","Fri Sep 25 21:36:35 BST 2026","passed","Fri Sep 25 21:36:35 BST 2026","","github.com/n-orlov/deck/features","github.com/n-orlov/deck/features",""
"","60","TestStatusTransitionProtectsUserKillAndPersistsHookAndCrashFields","","Fri Sep 25 21:38:00 BST 2026","passed","Fri Sep 25 21:38:00 BST 2026","","github.com/n-orlov/deck/internal/store","github.com/n-orlov/deck/internal/store",""
"","0","TestDetailViewRendersTheHeaderCursorFooterLine","","Fri Sep 25 21:38:41 BST 2026","passed","Fri Sep 25 21:38:41 BST 2026","","github.com/n-orlov/deck/internal/tui","github.com/n-orlov/deck/internal/tui",""
"","0","TestSettingsEnvEscFromEntriesListReturnsToFieldList","","Fri Sep 25 21:38:41 BST 2026","passed","Fri Sep 25 21:38:41 BST 2026","","github.com/n-orlov/deck/internal/tui","github.com/n-orlov/deck/internal/tui",""
"","0","TestSeedCaptureOptionsWithHistoryStartLineAndDegenerateValues","","Fri Sep 25 21:38:11 BST 2026","passed","Fri Sep 25 21:38:11 BST 2026","","github.com/n-orlov/deck/internal/tmux","github.com/n-orlov/deck/internal/tmux",""
"","0","TestExitCommandFiresSessionEndOnlyOnceASessionHasStarted","","Fri Sep 25 21:36:33 BST 2026","passed","Fri Sep 25 21:36:33 BST 2026","","github.com/n-orlov/deck/cmd/fake-codex","github.com/n-orlov/deck/cmd/fake-codex",""
"","3050","TestFeatures/create_a_claude_session,_observe_its_facts,_then_resume_it","","Fri Sep 25 21:39:00 BST 2026","passed","Fri Sep 25 21:39:03 BST 2026","","github.com/n-orlov/deck/features","github.com/n-orlov/deck/features",""
"","80","TestCreateAgentPreflightLeavesInstalledAgentPaneCommandUnchanged","","Fri Sep 25 21:37:44 BST 2026","passed","Fri Sep 25 21:37:44 BST 2026","","github.com/n-orlov/deck/internal/service","github.com/n-orlov/deck/internal/service",""
"","1720","TestFeatures/the_whole_round_trip:_A_plus_its_confirm_hides_the_row,_/_finds_it,_U_and_r_bring_it_back_live_to_the_default_list","","Fri Sep 25 21:39:00 BST 2026","passed","Fri Sep 25 21:39:01 BST 2026","","github.com/n-orlov/deck/features","github.com/n-orlov/deck/features",""
"","1145","help dialog -- the mouse can neither cancel nor confirm it, at its border, its body or outside it","","","passed","","","The §11.4 dialog contract, asserted per dialog (requirements 7, 8, 9, 10, 11, 50)","",""
"","0","TestSessionsLoadedRendersConfiguredOrder","","Fri Sep 25 21:38:41 BST 2026","passed","Fri Sep 25 21:38:41 BST 2026","","github.com/n-orlov/deck/internal/tui","github.com/n-orlov/deck/internal/tui",""
"","0","TestPi_LaunchAndResumeUseSessionID/edits/launch","","Fri Sep 25 21:37:05 BST 2026","passed","Fri Sep 25 21:37:05 BST 2026","","github.com/n-orlov/deck/internal/agent","github.com/n-orlov/deck/internal/agent",""
"","40","TestSendNamedKeyDeliversAltModifiedNavigationKeysByTmuxsOwnTranslation/C-M-S-Left","","Fri Sep 25 21:38:11 BST 2026","passed","Fri Sep 25 21:38:11 BST 2026","","github.com/n-orlov/deck/internal/tmux","github.com/n-orlov/deck/internal/tmux",""
"","0","TestSidebarStripeHeaderNeverParticipates","","Fri Sep 25 21:38:41 BST 2026","passed","Fri Sep 25 21:38:41 BST 2026","","github.com/n-orlov/deck/internal/tui","github.com/n-orlov/deck/internal/tui",""
"","0","TestSideBySideFrameHasOneSeamAndOneColumnPadding","","Fri Sep 25 21:38:41 BST 2026","passed","Fri Sep 25 21:38:41 BST 2026","","github.com/n-orlov/deck/internal/tui","github.com/n-orlov/deck/internal/tui",""
"","530","TestFeatures/missing_tmux_is_actionable","","Fri Sep 25 21:39:00 BST 2026","passed","Fri Sep 25 21:39:00 BST 2026","","github.com/n-orlov/deck/features","github.com/n-orlov/deck/features",""
"","60","TestListSessionsResolvesGroupIDAndGroupNameViaJoin","","Fri Sep 25 21:38:00 BST 2026","passed","Fri Sep 25 21:38:00 BST 2026","","github.com/n-orlov/deck/internal/store","github.com/n-orlov/deck/internal/store",""
"","60","TestReceiveHookAppliesOverAnyStaleSourceExceptStopped/Stop/from_starting/via_hook","","Fri Sep 25 21:37:06 BST 2026","passed","Fri Sep 25 21:37:06 BST 2026","","github.com/n-orlov/deck/internal/hookrecv","github.com/n-orlov/deck/internal/hookrecv",""
"","160","TestInteractiveNotRepaintedNoticeCarriesDeckBackground/SideBySide/matrix","","Fri Sep 25 21:38:41 BST 2026","passed","Fri Sep 25 21:38:41 BST 2026","","github.com/n-orlov/deck/internal/tui","github.com/n-orlov/deck/internal/tui",""
"","0","TestBelowMinimumFrameStaysWithinBudget/120x24/resumeNote/wraps-at-w","","Fri Sep 25 21:38:41 BST 2026","passed","Fri Sep 25 21:38:41 BST 2026","","github.com/n-orlov/deck/internal/tui","github.com/n-orlov/deck/internal/tui",""
"","0","TestWheelScrollsScrollableOverlaysByOneLine/detail_view","","Fri Sep 25 21:38:41 BST 2026","passed","Fri Sep 25 21:38:41 BST 2026","","github.com/n-orlov/deck/internal/tui","github.com/n-orlov/deck/internal/tui",""
"","0","TestGroupHeaderTextCountsPopulatedAndEmptyGroups","","Fri Sep 25 21:38:41 BST 2026","passed","Fri Sep 25 21:38:41 BST 2026","","github.com/n-orlov/deck/internal/tui","github.com/n-orlov/deck/internal/tui",""
"","1329","A archives an already-stopped session, hidden from the default list with its status unchanged","","","passed","","","Undo toast after x, and the dd delete/tombstone chord","",""
"","561","initialize a private v2 WAL database","","","passed","","","Durable SQLite store","",""
"","60","TestReceiveHookAppliesOverAnyStaleSourceExceptStopped/StopFailure/from_idle/via_probe","","Fri Sep 25 21:37:06 BST 2026","passed","Fri Sep 25 21:37:06 BST 2026","","github.com/n-orlov/deck/internal/hookrecv","github.com/n-orlov/deck/internal/hookrecv",""
"","0","TestDeckOwnedCellsCarryExplicitForegroundOnEveryBuiltin/empire/collapsed_sidebar_strip","","Fri Sep 25 21:38:41 BST 2026","passed","Fri Sep 25 21:38:41 BST 2026","","github.com/n-orlov/deck/internal/tui","github.com/n-orlov/deck/internal/tui",""
"","0","TestParsePaneSeedDiscriminatorsRejectsWrongFieldCount","","Fri Sep 25 21:38:11 BST 2026","passed","Fri Sep 25 21:38:11 BST 2026","","github.com/n-orlov/deck/internal/tmux","github.com/n-orlov/deck/internal/tmux",""
"","0","TestCreateModalCandidateListOwnsUpDownWhileOpen","","Fri Sep 25 21:38:41 BST 2026","passed","Fri Sep 25 21:38:41 BST 2026","","github.com/n-orlov/deck/internal/tui","github.com/n-orlov/deck/internal/tui",""
"","70","TestDispatcherReResolvesIdentityBeforeEverySend","","Fri Sep 25 21:38:11 BST 2026","passed","Fri Sep 25 21:38:11 BST 2026","","github.com/n-orlov/deck/internal/tmux","github.com/n-orlov/deck/internal/tmux",""
"","60","TestReceiveResolvesAnArchivedRowByBothKeys","","Fri Sep 25 21:37:06 BST 2026","passed","Fri Sep 25 21:37:06 BST 2026","","github.com/n-orlov/deck/internal/hookrecv","github.com/n-orlov/deck/internal/hookrecv",""
"","0","TestSplitOwnerGenerationHandlesPreR74Owners","","Fri Sep 25 21:38:00 BST 2026","passed","Fri Sep 25 21:38:00 BST 2026","","github.com/n-orlov/deck/internal/store","github.com/n-orlov/deck/internal/store",""
"","10","TestSettingsScopeParityMatchesSaveBehaviour/ui.recent_cwd_limit","","Fri Sep 25 21:38:41 BST 2026","passed","Fri Sep 25 21:38:41 BST 2026","","github.com/n-orlov/deck/internal/tui","github.com/n-orlov/deck/internal/tui",""
"","10","TestSettingsSaveReordersGroupsLivePreservingSelection","","Fri Sep 25 21:38:41 BST 2026","passed","Fri Sep 25 21:38:41 BST 2026","","github.com/n-orlov/deck/internal/tui","github.com/n-orlov/deck/internal/tui",""
"","0","TestBulkDeleteConfirmStaysWithinFrameBudgetAt80x24","","Fri Sep 25 21:38:41 BST 2026","passed","Fri Sep 25 21:38:41 BST 2026","","github.com/n-orlov/deck/internal/tui","github.com/n-orlov/deck/internal/tui",""
"","0","TestThemedDialogsDegradeCleanlyUnderNoColorAndASCII/profile_picker/initial_candidate","","Fri Sep 25 21:38:41 BST 2026","passed","Fri Sep 25 21:38:41 BST 2026","","github.com/n-orlov/deck/internal/tui","github.com/n-orlov/deck/internal/tui",""
"","0","TestPaneStateCommandsMatchEveryCodexProbeVerdict/running","","Fri Sep 25 21:36:33 BST 2026","passed","Fri Sep 25 21:36:33 BST 2026","","github.com/n-orlov/deck/cmd/fake-codex","github.com/n-orlov/deck/cmd/fake-codex",""
"","0","TestPipeCyclesLayoutMode","","Fri Sep 25 21:38:41 BST 2026","passed","Fri Sep 25 21:38:41 BST 2026","","github.com/n-orlov/deck/internal/tui","github.com/n-orlov/deck/internal/tui",""
"","0","TestViewportFollowsDownAndJ/down","","Fri Sep 25 21:38:41 BST 2026","passed","Fri Sep 25 21:38:41 BST 2026","","github.com/n-orlov/deck/internal/tui","github.com/n-orlov/deck/internal/tui",""
"","0","TestInteractiveModeSelectedRowUsesSelectionIdle","","Fri Sep 25 21:38:41 BST 2026","passed","Fri Sep 25 21:38:41 BST 2026","","github.com/n-orlov/deck/internal/tui","github.com/n-orlov/deck/internal/tui",""
"","0","TestInteractiveModeSwapsBorderFocusFromSidebarToPreview","","Fri Sep 25 21:38:41 BST 2026","passed","Fri Sep 25 21:38:41 BST 2026","","github.com/n-orlov/deck/internal/tui","github.com/n-orlov/deck/internal/tui",""
"","1770","TestFeatures/profile_switch_dialog_--_the_mouse_can_neither_cancel_nor_confirm_it,_at_its_border,_its_body_or_outside_it","","Fri Sep 25 21:39:00 BST 2026","passed","Fri Sep 25 21:39:01 BST 2026","","github.com/n-orlov/deck/features","github.com/n-orlov/deck/features",""
"","0","TestEntryRefusalEscClearsBannerBeforeMarks","","Fri Sep 25 21:38:41 BST 2026","passed","Fri Sep 25 21:38:41 BST 2026","","github.com/n-orlov/deck/internal/tui","github.com/n-orlov/deck/internal/tui",""
"","0","TestDeleteUndoNoteStaysWithinFrameBudgetAtEveryLayoutMode/batch-delete-undo/stacked","","Fri Sep 25 21:38:41 BST 2026","passed","Fri Sep 25 21:38:41 BST 2026","","github.com/n-orlov/deck/internal/tui","github.com/n-orlov/deck/internal/tui",""
"","1860","TestFeatures/a_failing_global_pre_launch_leaves_the_row_in_error_with_the_agent_never_started_and_the_hook's_own_output_in_the_retained_pane","","Fri Sep 25 21:39:00 BST 2026","passed","Fri Sep 25 21:39:01 BST 2026","","github.com/n-orlov/deck/features","github.com/n-orlov/deck/features",""
"","1752","the preview's top border names the target session as plain screen text, legible even under NO_COLOR","","","passed","","","Interactive mode's focus indicator is unmistakable, including under NO_COLOR (Part II, requirement 44)","",""
"","0","TestBelowMinimumFrameStaysWithinBudget/80x24/none/none","","Fri Sep 25 21:38:41 BST 2026","passed","Fri Sep 25 21:38:41 BST 2026","","github.com/n-orlov/deck/internal/tui","github.com/n-orlov/deck/internal/tui",""
"","10","TestHelpStyleHeadersRenderInTitleToken","","Fri Sep 25 21:38:41 BST 2026","passed","Fri Sep 25 21:38:41 BST 2026","","github.com/n-orlov/deck/internal/tui","github.com/n-orlov/deck/internal/tui",""
"","100","TestLaunchInputsEditorEscWritesNothingAtAll","","Fri Sep 25 21:38:41 BST 2026","passed","Fri Sep 25 21:38:41 BST 2026","","github.com/n-orlov/deck/internal/tui","github.com/n-orlov/deck/internal/tui",""
"","0","TestStackedSidebarGutterMarkedUnselectedRowIsBadgeWithCheck","","Fri Sep 25 21:38:41 BST 2026","passed","Fri Sep 25 21:38:41 BST 2026","","github.com/n-orlov/deck/internal/tui","github.com/n-orlov/deck/internal/tui",""
"","300","TestForceOnUncontendedWindowMatchesReturnKey","","Fri Sep 25 21:38:41 BST 2026","passed","Fri Sep 25 21:38:41 BST 2026","","github.com/n-orlov/deck/internal/tui","github.com/n-orlov/deck/internal/tui",""
"","0","TestThemePickerEscRevertsByteForByte","","Fri Sep 25 21:38:41 BST 2026","passed","Fri Sep 25 21:38:41 BST 2026","","github.com/n-orlov/deck/internal/tui","github.com/n-orlov/deck/internal/tui",""
"","0","TestThemesDirDerivesFromConfigFilePath","","Fri Sep 25 21:38:10 BST 2026","passed","Fri Sep 25 21:38:10 BST 2026","","github.com/n-orlov/deck/internal/theme","github.com/n-orlov/deck/internal/theme",""
"","0","TestLiveErrorRowFooterAndHandlersAgree/A","","Fri Sep 25 21:38:41 BST 2026","passed","Fri Sep 25 21:38:41 BST 2026","","github.com/n-orlov/deck/internal/tui","github.com/n-orlov/deck/internal/tui",""
"","900","TestFeatures/adding_an_[env]_entry_and_saving_with_ctrl+s_round-trips_through_config.toml,_preserving_keys_and_sections_the_takeover_does_not_understand_(requirement_17)","","Fri Sep 25 21:39:00 BST 2026","passed","Fri Sep 25 21:39:00 BST 2026","","github.com/n-orlov/deck/features","github.com/n-orlov/deck/features",""
"","2066","a failing pre_launch leaves visible evidence without attaching","","","passed","","","Clean exits and crashed agent panes","",""
"","1090","a hidden directory is a candidate only when the segment starts with a dot","","","passed","","","The create modal's §11.7 directory-only ghost completion (requirement 14)","",""
"","0","TestFifoWriterBoundsAreSplit","","Fri Sep 25 21:38:11 BST 2026","passed","Fri Sep 25 21:38:11 BST 2026","","github.com/n-orlov/deck/internal/tmux","github.com/n-orlov/deck/internal/tmux",""
"","2060","TestFeatures/dd_on_a_marked_set_deletes_every_marked_session_and_one_u_restores_the_whole_batch","","Fri Sep 25 21:39:00 BST 2026","passed","Fri Sep 25 21:39:02 BST 2026","","github.com/n-orlov/deck/features","github.com/n-orlov/deck/features",""
"","0","TestInvalidControlsAreRejected/DECK_PREVIEW_MS","","Fri Sep 25 21:37:05 BST 2026","passed","Fri Sep 25 21:37:05 BST 2026","","github.com/n-orlov/deck/internal/config","github.com/n-orlov/deck/internal/config",""
"","10","TestSettingsCtrlSSavesThroughAtomicWriter","","Fri Sep 25 21:38:41 BST 2026","passed","Fri Sep 25 21:38:41 BST 2026","","github.com/n-orlov/deck/internal/tui","github.com/n-orlov/deck/internal/tui",""
"","0","TestResumeKeyRequiresStoppedRow","","Fri Sep 25 21:38:41 BST 2026","passed","Fri Sep 25 21:38:41 BST 2026","","github.com/n-orlov/deck/internal/tui","github.com/n-orlov/deck/internal/tui",""
"","0","TestClaude_InstrumentReturnsInlineHooksAndDeckEnvironmentWithoutIO","","Fri Sep 25 21:37:05 BST 2026","passed","Fri Sep 25 21:37:05 BST 2026","","github.com/n-orlov/deck/internal/agent","github.com/n-orlov/deck/internal/agent",""
"","560","TestFeatures/initialize_a_private_v2_WAL_database","","Fri Sep 25 21:39:00 BST 2026","passed","Fri Sep 25 21:39:00 BST 2026","","github.com/n-orlov/deck/features","github.com/n-orlov/deck/features",""
"","0","TestFooterHandlerAgreementAcrossEveryRowClass/stopped/U","","Fri Sep 25 21:38:41 BST 2026","passed","Fri Sep 25 21:38:41 BST 2026","","github.com/n-orlov/deck/internal/tui","github.com/n-orlov/deck/internal/tui",""
"","110","TestCreateGroupRejectsReservedDefaultName","","Fri Sep 25 21:38:00 BST 2026","passed","Fri Sep 25 21:38:00 BST 2026","","github.com/n-orlov/deck/internal/store","github.com/n-orlov/deck/internal/store",""
"","80","TestReceiveHookAppliesOverAnyStaleSourceExceptStopped/Notification/from_stopped/via_probe","","Fri Sep 25 21:37:06 BST 2026","passed","Fri Sep 25 21:37:06 BST 2026","","github.com/n-orlov/deck/internal/hookrecv","github.com/n-orlov/deck/internal/hookrecv",""
"","100","TestReceiveHookAppliesOverAnyStaleSourceExceptStopped/Notification/from_waiting/via_probe","","Fri Sep 25 21:37:06 BST 2026","passed","Fri Sep 25 21:37:06 BST 2026","","github.com/n-orlov/deck/internal/hookrecv","github.com/n-orlov/deck/internal/hookrecv",""
"","0","TestSettingsFooterCarriesDeckBackground/empire/search","","Fri Sep 25 21:38:41 BST 2026","passed","Fri Sep 25 21:38:41 BST 2026","","github.com/n-orlov/deck/internal/tui","github.com/n-orlov/deck/internal/tui",""
"","60","TestSupersededLaunchGenerationDropsTheWholeHookClass/SessionStart/superseded_token","","Fri Sep 25 21:37:06 BST 2026","passed","Fri Sep 25 21:37:06 BST 2026","","github.com/n-orlov/deck/internal/hookrecv","github.com/n-orlov/deck/internal/hookrecv",""
"","60","TestRenameSessionReapsTombstonedSlugHolder","","Fri Sep 25 21:38:00 BST 2026","passed","Fri Sep 25 21:38:00 BST 2026","","github.com/n-orlov/deck/internal/store","github.com/n-orlov/deck/internal/store",""
"","0","TestNavigationNeverLandsOnAHiddenRow","","Fri Sep 25 21:38:41 BST 2026","passed","Fri Sep 25 21:38:41 BST 2026","","github.com/n-orlov/deck/internal/tui","github.com/n-orlov/deck/internal/tui",""
"","1728","A pane-fired hook cannot override a user-terminal verdict","","","passed","","","Claude hook status truth","",""
"","1161","the ""parchment"" built-in theme's background token fills every deck-owned cell of the frame, pad columns past a short row's own text included","","","passed","","","every built-in theme paints its own `background` token across the whole canvas, not just the row highlight (requirement 118, task 007)","",""
"","0","TestDeckOwnedCellsCarryExplicitForegroundOnEveryBuiltin/matrix/settings_takeover","","Fri Sep 25 21:38:41 BST 2026","passed","Fri Sep 25 21:38:41 BST 2026","","github.com/n-orlov/deck/internal/tui","github.com/n-orlov/deck/internal/tui",""
"","60","TestReceiveHookAppliesOverAnyStaleSourceExceptStopped/SessionEnd/from_idle/via_tmux","","Fri Sep 25 21:37:06 BST 2026","passed","Fri Sep 25 21:37:06 BST 2026","","github.com/n-orlov/deck/internal/hookrecv","github.com/n-orlov/deck/internal/hookrecv",""
"","735","an unknown theme name falls back to the default rather than to the user theme's colours","","","passed","","","Godog harness wiring","",""
"","180","TestSessionContextEnvAcrossAdaptersAndLaunchPaths/shell","","Fri Sep 25 21:37:44 BST 2026","passed","Fri Sep 25 21:37:44 BST 2026","","github.com/n-orlov/deck/internal/service","github.com/n-orlov/deck/internal/service",""
"","1565","an expired-TTL lease is breakable and the row stays usable","","","passed","","","Launch-lease stale/live breaking","",""
"","0","TestSettingsFooterCarriesDeckBackground/parchment/search","","Fri Sep 25 21:38:41 BST 2026","passed","Fri Sep 25 21:38:41 BST 2026","","github.com/n-orlov/deck/internal/tui","github.com/n-orlov/deck/internal/tui",""
"","0","TestKillStillReportsRealCommandErrors","","Fri Sep 25 21:38:11 BST 2026","passed","Fri Sep 25 21:38:11 BST 2026","","github.com/n-orlov/deck/internal/tmux","github.com/n-orlov/deck/internal/tmux",""
"","955","tab completes to the longest common prefix when that advances the text","","","passed","","","The create modal's cwd field follows bash's tab-completion contract (requirement 16)","",""
"","10","TestSettingsFooterCarriesDeckBackground/cobalt","","Fri Sep 25 21:38:41 BST 2026","passed","Fri Sep 25 21:38:41 BST 2026","","github.com/n-orlov/deck/internal/tui","github.com/n-orlov/deck/internal/tui",""
"","0","TestColorDepthUnsetDefaultsToAutoDetect","","Fri Sep 25 21:37:05 BST 2026","passed","Fri Sep 25 21:37:05 BST 2026","","github.com/n-orlov/deck/internal/config","github.com/n-orlov/deck/internal/config",""
"","100","TestPinnedResumeSurvivesRestartAndArgv","","Fri Sep 25 21:37:44 BST 2026","passed","Fri Sep 25 21:37:44 BST 2026","","github.com/n-orlov/deck/internal/service","github.com/n-orlov/deck/internal/service",""
"","120","TestReceiveHookAppliesOverAnyStaleSourceExceptStopped/SessionStart/from_running/via_user","","Fri Sep 25 21:37:06 BST 2026","passed","Fri Sep 25 21:37:06 BST 2026","","github.com/n-orlov/deck/internal/hookrecv","github.com/n-orlov/deck/internal/hookrecv",""
"","1670","TestFeatures/entering_interactive_mode_is_refused_while_the_preview_box_has_fewer_than_7_inner_rows","","Fri Sep 25 21:39:00 BST 2026","passed","Fri Sep 25 21:39:01 BST 2026","","github.com/n-orlov/deck/features","github.com/n-orlov/deck/features",""
"","90","TestCollapsedGroupsAbsentRowYieldsEmptySet","","Fri Sep 25 21:38:00 BST 2026","passed","Fri Sep 25 21:38:00 BST 2026","","github.com/n-orlov/deck/internal/store","github.com/n-orlov/deck/internal/store",""
"","100","TestReceiveHookAppliesOverAnyStaleSourceExceptStopped/Stop/from_stopped/via_probe","","Fri Sep 25 21:37:06 BST 2026","passed","Fri Sep 25 21:37:06 BST 2026","","github.com/n-orlov/deck/internal/hookrecv","github.com/n-orlov/deck/internal/hookrecv",""
"","0","TestSettingsFooterCarriesDeckBackground/matrix/normal","","Fri Sep 25 21:38:41 BST 2026","passed","Fri Sep 25 21:38:41 BST 2026","","github.com/n-orlov/deck/internal/tui","github.com/n-orlov/deck/internal/tui",""
"","1700","TestFeatures/entering_the_interactive_preview_clears_waiting_and_acknowledges_it_like_an_attach","","Fri Sep 25 21:39:00 BST 2026","passed","Fri Sep 25 21:39:01 BST 2026","","github.com/n-orlov/deck/features","github.com/n-orlov/deck/features",""
"","1777","a key set in two layers names the session layer as the winner, and PATH names captured_path","","","passed","","","The `e` env editor shows the effective value and winning layer per key, and writes an edit (requirements 20 and task 021, SPEC §6.1/§6.3)","",""
"","0","TestSettingsFooterCarriesDeckBackground/daylight/env-edit","","Fri Sep 25 21:38:41 BST 2026","passed","Fri Sep 25 21:38:41 BST 2026","","github.com/n-orlov/deck/internal/tui","github.com/n-orlov/deck/internal/tui",""
"","0","TestFilterFrameBudgetAccountsForTheStatusLine/collapsed","","Fri Sep 25 21:38:41 BST 2026","passed","Fri Sep 25 21:38:41 BST 2026","","github.com/n-orlov/deck/internal/tui","github.com/n-orlov/deck/internal/tui",""
"","0","TestHelpOverlayWidthStaysWithinFrameBudgetAt80Columns","","Fri Sep 25 21:38:41 BST 2026","passed","Fri Sep 25 21:38:41 BST 2026","","github.com/n-orlov/deck/internal/tui","github.com/n-orlov/deck/internal/tui",""
"","60","TestReceiveMappingTable/needs_input_notification","","Fri Sep 25 21:37:06 BST 2026","passed","Fri Sep 25 21:37:06 BST 2026","","github.com/n-orlov/deck/internal/hookrecv","github.com/n-orlov/deck/internal/hookrecv",""
"","0","TestDialogWidthClampedToViewport/below_lower_clamp_falls_back_to_the_full_viewport","","Fri Sep 25 21:38:41 BST 2026","passed","Fri Sep 25 21:38:41 BST 2026","","github.com/n-orlov/deck/internal/tui","github.com/n-orlov/deck/internal/tui",""
"","40","TestSendNamedKeyDeliversAltModifiedNavigationKeysByTmuxsOwnTranslation/C-M-Home","","Fri Sep 25 21:38:11 BST 2026","passed","Fri Sep 25 21:38:11 BST 2026","","github.com/n-orlov/deck/internal/tmux","github.com/n-orlov/deck/internal/tmux",""
"","1235","clicking a workspace group's header collapses only that group","","","passed","","","§11.8 mouse bindings and the [ui] mouse / DECK_MOUSE opt-out (requirements 33-37, 41)","",""
"","340","TestDispatcherRejectsOnIdentityDriftAfterRespawn","","Fri Sep 25 21:38:11 BST 2026","passed","Fri Sep 25 21:38:11 BST 2026","","github.com/n-orlov/deck/internal/tmux","github.com/n-orlov/deck/internal/tmux",""
"","0","TestBuiltinsAreComplete","","Fri Sep 25 21:38:10 BST 2026","passed","Fri Sep 25 21:38:10 BST 2026","","github.com/n-orlov/deck/internal/theme","github.com/n-orlov/deck/internal/theme",""
"","0","TestAvailDirectoryNamedPiDoesNotCount","","Fri Sep 25 21:37:44 BST 2026","passed","Fri Sep 25 21:37:44 BST 2026","","github.com/n-orlov/deck/internal/service","github.com/n-orlov/deck/internal/service",""
"","0","TestClaudeTranscriptPathNoMatchingFileDegrades","","Fri Sep 25 21:37:05 BST 2026","passed","Fri Sep 25 21:37:05 BST 2026","","github.com/n-orlov/deck/internal/agent","github.com/n-orlov/deck/internal/agent",""
"","100","TestContentionRefusalsNameFFloorAndNoWidthRefusalsDoNot","","Fri Sep 25 21:38:41 BST 2026","passed","Fri Sep 25 21:38:41 BST 2026","","github.com/n-orlov/deck/internal/tui","github.com/n-orlov/deck/internal/tui",""
"","0","TestUnknownOptionIsRejected","","Fri Sep 25 21:36:33 BST 2026","passed","Fri Sep 25 21:36:33 BST 2026","","github.com/n-orlov/deck/cmd/fake-codex","github.com/n-orlov/deck/cmd/fake-codex",""
"","110","TestReceiveHookAppliesOverAnyStaleSourceExceptStopped/Notification/from_waiting/via_hook","","Fri Sep 25 21:37:06 BST 2026","passed","Fri Sep 25 21:37:06 BST 2026","","github.com/n-orlov/deck/internal/hookrecv","github.com/n-orlov/deck/internal/hookrecv",""
"","1430","TestFeatures/recent_cwd_limit_bounds_the_cwd_field's_history_and_re-using_a_directory_does_not_duplicate_its_entry","","Fri Sep 25 21:39:00 BST 2026","passed","Fri Sep 25 21:39:01 BST 2026","","github.com/n-orlov/deck/features","github.com/n-orlov/deck/features",""
"","340","TestRestoreWindowGeometryAttachedUnsetFollowsClientWithNoThirdSigwinch","","Fri Sep 25 21:38:11 BST 2026","passed","Fri Sep 25 21:38:11 BST 2026","","github.com/n-orlov/deck/internal/tmux","github.com/n-orlov/deck/internal/tmux",""
"","1940","TestFeatures/R_restarts_a_running_claude_session_with_the_resume_argv,_preserving_its_conversation_id","","Fri Sep 25 21:39:00 BST 2026","passed","Fri Sep 25 21:39:01 BST 2026","","github.com/n-orlov/deck/features","github.com/n-orlov/deck/features",""
"","0","TestPi_LaunchAndResumeUseSessionID/yolo/launch","","Fri Sep 25 21:37:05 BST 2026","passed","Fri Sep 25 21:37:05 BST 2026","","github.com/n-orlov/deck/internal/agent","github.com/n-orlov/deck/internal/agent",""
"","1012","end also accepts the ghosted completion","","","passed","","","The create modal's §11.7 directory-only ghost completion (requirement 14)","",""
"","0","TestSessionScopedKeysAreInertOnAHeader/detail_r_(rename)","","Fri Sep 25 21:38:41 BST 2026","passed","Fri Sep 25 21:38:41 BST 2026","","github.com/n-orlov/deck/internal/tui","github.com/n-orlov/deck/internal/tui",""
"","1220","TestFeatures/x_never_runs_the_teardown_hook,_but_dd_runs_it_exactly_once","","Fri Sep 25 21:39:00 BST 2026","passed","Fri Sep 25 21:39:01 BST 2026","","github.com/n-orlov/deck/features","github.com/n-orlov/deck/features",""
"","0","TestDriftEndingKeysBringSelectionBackIntoView/key=""G""","","Fri Sep 25 21:38:41 BST 2026","passed","Fri Sep 25 21:38:41 BST 2026","","github.com/n-orlov/deck/internal/tui","github.com/n-orlov/deck/internal/tui",""
"","910","confirming the archive dialog lands both the kill and the archived flag","","","passed","","","Undo toast after x, and the dd delete/tombstone chord","",""
"","0","TestFooterKeyLegendReflectsEligibility/attention-pending_row_(waiting):_kill_and_restart_eligible,_resume_is_not","","Fri Sep 25 21:38:41 BST 2026","passed","Fri Sep 25 21:38:41 BST 2026","","github.com/n-orlov/deck/internal/tui","github.com/n-orlov/deck/internal/tui",""
"","0","TestSettingsFileHoldsRawValueEvenWhenEnvOverrides","","Fri Sep 25 21:37:05 BST 2026","passed","Fri Sep 25 21:37:05 BST 2026","","github.com/n-orlov/deck/internal/config","github.com/n-orlov/deck/internal/config",""
"","0","TestBelowMinimumFrameStaysWithinBudget/80x24/resumeNote/short","","Fri Sep 25 21:38:41 BST 2026","passed","Fri Sep 25 21:38:41 BST 2026","","github.com/n-orlov/deck/internal/tui","github.com/n-orlov/deck/internal/tui",""
"","1030","the ""cobalt"" built-in theme's background token fills every deck-owned cell of the frame, pad columns past a short row's own text included","","","passed","","","every built-in theme paints its own `background` token across the whole canvas, not just the row highlight (requirement 118, task 007)","",""
"","0","TestInvalidControlsAreRejected/DECK_INTERACTIVE_TRANSPORT","","Fri Sep 25 21:37:05 BST 2026","passed","Fri Sep 25 21:37:05 BST 2026","","github.com/n-orlov/deck/internal/config","github.com/n-orlov/deck/internal/config",""
"","0","TestSendKeyRunRejectsAnEmptyPayloadWithoutTouchingDispatch","","Fri Sep 25 21:37:23 BST 2026","passed","Fri Sep 25 21:37:23 BST 2026","","github.com/n-orlov/deck/internal/interactive","github.com/n-orlov/deck/internal/interactive",""
"","120","TestReceiveHookAppliesOverAnyStaleSourceExceptStopped/Notification/from_waiting/via_tmux","","Fri Sep 25 21:37:06 BST 2026","passed","Fri Sep 25 21:37:06 BST 2026","","github.com/n-orlov/deck/internal/hookrecv","github.com/n-orlov/deck/internal/hookrecv",""
"","999","create dialog -- the mouse can neither cancel nor confirm it, at its border, its body or outside it","","","passed","","","The §11.4 dialog contract, asserted per dialog (requirements 7, 8, 9, 10, 11, 50)","",""
"","0","TestR142WheelDriftSurvivesArchivedPoolReloads","","Fri Sep 25 21:38:41 BST 2026","passed","Fri Sep 25 21:38:41 BST 2026","","github.com/n-orlov/deck/internal/tui","github.com/n-orlov/deck/internal/tui",""
"","1020","TestFeatures/a_fake_agent_renders_a_preview_fixture_once_and_then_falls_silent#05","","Fri Sep 25 21:39:00 BST 2026","passed","Fri Sep 25 21:39:01 BST 2026","","github.com/n-orlov/deck/features","github.com/n-orlov/deck/features",""
"","0","TestPaneFixtureCommandRendersNamedFileByteForByte","","Fri Sep 25 21:36:33 BST 2026","passed","Fri Sep 25 21:36:33 BST 2026","","github.com/n-orlov/deck/cmd/fake-pi","github.com/n-orlov/deck/cmd/fake-pi",""
"","120","TestInjectEnvRefusesARetainedDeadShellPane","","Fri Sep 25 21:37:44 BST 2026","passed","Fri Sep 25 21:37:44 BST 2026","","github.com/n-orlov/deck/internal/service","github.com/n-orlov/deck/internal/service",""
"","0","TestNoCodePathCallsGridResizeAlone","","Fri Sep 25 21:37:23 BST 2026","passed","Fri Sep 25 21:37:23 BST 2026","","github.com/n-orlov/deck/internal/interactive","github.com/n-orlov/deck/internal/interactive",""
"","100","TestReceiveHookAppliesOverAnyStaleSourceExceptStopped/Notification/from_idle/via_hook","","Fri Sep 25 21:37:06 BST 2026","passed","Fri Sep 25 21:37:06 BST 2026","","github.com/n-orlov/deck/internal/hookrecv","github.com/n-orlov/deck/internal/hookrecv",""
"","0","TestSessionScopedKeysAreInertOnAHeader/p","","Fri Sep 25 21:38:41 BST 2026","passed","Fri Sep 25 21:38:41 BST 2026","","github.com/n-orlov/deck/internal/tui","github.com/n-orlov/deck/internal/tui",""
"","0","TestDeckOwnedCellsCarryExplicitForegroundOnEveryBuiltin/matrix/theme_picker_over_the_live_list","","Fri Sep 25 21:38:41 BST 2026","passed","Fri Sep 25 21:38:41 BST 2026","","github.com/n-orlov/deck/internal/tui","github.com/n-orlov/deck/internal/tui",""
"","0","TestRejectsInvalidUUIDsUnknownFlagsAndModes/malformed_resume","","Fri Sep 25 21:36:32 BST 2026","passed","Fri Sep 25 21:36:32 BST 2026","","github.com/n-orlov/deck/cmd/fake-claude","github.com/n-orlov/deck/cmd/fake-claude",""
"","580","TestCreateAgentFailingGlobalPreLaunchNeverReachesSessionHookOrAgent","","Fri Sep 25 21:37:44 BST 2026","passed","Fri Sep 25 21:37:44 BST 2026","","github.com/n-orlov/deck/internal/service","github.com/n-orlov/deck/internal/service",""
"","2810","TestSessionRendersAreCoalescedAgainstAKnownByteArrivalPattern","","Fri Sep 25 21:37:23 BST 2026","passed","Fri Sep 25 21:37:25 BST 2026","","github.com/n-orlov/deck/internal/interactive","github.com/n-orlov/deck/internal/interactive",""
"","0","TestNoBackslashSemicolonEscapeIsUsedForTrailingSemicolonsIsNonVacuous","","Fri Sep 25 21:38:11 BST 2026","passed","Fri Sep 25 21:38:11 BST 2026","","github.com/n-orlov/deck/internal/tmux","github.com/n-orlov/deck/internal/tmux",""
"","2790","TestFeatures/scrolling_an_attached_pane_never_flips_its_badge,_and_a_stale_probe_reads_the_pane's_live_bottom,_not_the_scrolled-back_view","","Fri Sep 25 21:39:00 BST 2026","passed","Fri Sep 25 21:39:02 BST 2026","","github.com/n-orlov/deck/features","github.com/n-orlov/deck/features",""
"","722","a restart-to-apply flat key states so in its own on-screen description, not only its Scope label (requirement 19)","","","passed","","","The `,` settings takeover (requirement 48)","",""
"","0","TestSettingsViewRendersSchemaDerivedCategoriesAndFields","","Fri Sep 25 21:38:41 BST 2026","passed","Fri Sep 25 21:38:41 BST 2026","","github.com/n-orlov/deck/internal/tui","github.com/n-orlov/deck/internal/tui",""
"","0","TestBuiltinContrastFloor/empire","","Fri Sep 25 21:38:10 BST 2026","passed","Fri Sep 25 21:38:10 BST 2026","","github.com/n-orlov/deck/internal/theme","github.com/n-orlov/deck/internal/theme",""
"","0","TestParseForeignPaint","","Fri Sep 25 21:38:41 BST 2026","passed","Fri Sep 25 21:38:41 BST 2026","","github.com/n-orlov/deck/internal/tui","github.com/n-orlov/deck/internal/tui",""
"","0","TestDetailDialogNamesTheSessionsGroupBeforeThePickerOpens/structural_default","","Fri Sep 25 21:38:41 BST 2026","passed","Fri Sep 25 21:38:41 BST 2026","","github.com/n-orlov/deck/internal/tui","github.com/n-orlov/deck/internal/tui",""
"","130","TestRecordedProbeLosesToHookThatBecomesFreshDuringClassification","","Fri Sep 25 21:37:44 BST 2026","passed","Fri Sep 25 21:37:44 BST 2026","","github.com/n-orlov/deck/internal/service","github.com/n-orlov/deck/internal/service",""
"","0","TestResumeReusesTheGivenIDWithSourceResume","","Fri Sep 25 21:36:33 BST 2026","passed","Fri Sep 25 21:36:33 BST 2026","","github.com/n-orlov/deck/cmd/fake-codex","github.com/n-orlov/deck/cmd/fake-codex",""
"","60","TestReceiveHookAppliesOverAnyStaleSourceExceptStopped/SessionEnd/from_starting/via_hook","","Fri Sep 25 21:37:06 BST 2026","passed","Fri Sep 25 21:37:06 BST 2026","","github.com/n-orlov/deck/internal/hookrecv","github.com/n-orlov/deck/internal/hookrecv",""
"","0","TestCreateModalCWDNotDirectoryMessage","","Fri Sep 25 21:38:41 BST 2026","passed","Fri Sep 25 21:38:41 BST 2026","","github.com/n-orlov/deck/internal/tui","github.com/n-orlov/deck/internal/tui",""
"","0","TestCropMarkerAndGeometryLineCarryExplicitForeground/parchment","","Fri Sep 25 21:38:41 BST 2026","passed","Fri Sep 25 21:38:41 BST 2026","","github.com/n-orlov/deck/internal/tui","github.com/n-orlov/deck/internal/tui",""
"","0","TestClickCollapsedStripDiffersFromPipeKeyFromCollapsed","","Fri Sep 25 21:38:41 BST 2026","passed","Fri Sep 25 21:38:41 BST 2026","","github.com/n-orlov/deck/internal/tui","github.com/n-orlov/deck/internal/tui",""
"","1294","accepted argv and controlled exit statuses are observable from panes","","","passed","","","Fake Claude fixture mechanism","",""
"","0","TestNotificationSessionPayloadCarriesGroupNotLegacyField","","Fri Sep 25 21:37:44 BST 2026","passed","Fri Sep 25 21:37:44 BST 2026","","github.com/n-orlov/deck/internal/service","github.com/n-orlov/deck/internal/service",""
"","100","TestSettingsGroupDeleteDBranchOffersPurgeChoiceAndOneUndoStillRestoresTombstones/keep_preserves_the_eligible_transcript","","Fri Sep 25 21:38:41 BST 2026","passed","Fri Sep 25 21:38:41 BST 2026","","github.com/n-orlov/deck/internal/tui","github.com/n-orlov/deck/internal/tui",""
"","920","TestFeatures/discarding_an_unsaved_[env]_edit_leaves_config.toml_exactly_as_it_was_(requirement_17)","","Fri Sep 25 21:39:00 BST 2026","passed","Fri Sep 25 21:39:00 BST 2026","","github.com/n-orlov/deck/features","github.com/n-orlov/deck/features",""
"","10","TestR142WheelDriftSurvivesLiveReGroup/selection-at-bottom-wheel-up","","Fri Sep 25 21:38:41 BST 2026","passed","Fri Sep 25 21:38:41 BST 2026","","github.com/n-orlov/deck/internal/tui","github.com/n-orlov/deck/internal/tui",""
"","30","TestSendNamedKeyDeliversAltModifiedNavigationKeysByTmuxsOwnTranslation/M-F11","","Fri Sep 25 21:38:11 BST 2026","passed","Fri Sep 25 21:38:11 BST 2026","","github.com/n-orlov/deck/internal/tmux","github.com/n-orlov/deck/internal/tmux",""
"","0","TestTruncateToWidthClosesOpenBackgroundSpanMidRun","","Fri Sep 25 21:38:41 BST 2026","passed","Fri Sep 25 21:38:41 BST 2026","","github.com/n-orlov/deck/internal/tui","github.com/n-orlov/deck/internal/tui",""
"","960","tab does nothing, and does not move focus, when the segment already names the one candidate in full","","","passed","","","The create modal's cwd field follows bash's tab-completion contract (requirement 16)","",""
"","1197","/ filters the list down to the one row whose name matches","","","passed","","","The / list filter: by name, group and cwd, and the route back to an archived row (I-10, task 123; re-aimed off workspace by task 015/R129 part 4)","",""
"","0","TestSettingsFooterCarriesDeckBackground/daylight/discard","","Fri Sep 25 21:38:41 BST 2026","passed","Fri Sep 25 21:38:41 BST 2026","","github.com/n-orlov/deck/internal/tui","github.com/n-orlov/deck/internal/tui",""
"","1520","TestFeatures/codex_degrades_an_unsupported_plan_profile_to_safe,_visibly,_through_ResolveProfile","","Fri Sep 25 21:39:00 BST 2026","passed","Fri Sep 25 21:39:01 BST 2026","","github.com/n-orlov/deck/features","github.com/n-orlov/deck/features",""
"","2542","Every declared Claude hook maps to honest status through both identity routes","","","passed","","","Claude hook status truth","",""
"","0","TestThemePickerNoteNamesLoadBearingKeysOnly","","Fri Sep 25 21:38:41 BST 2026","passed","Fri Sep 25 21:38:41 BST 2026","","github.com/n-orlov/deck/internal/tui","github.com/n-orlov/deck/internal/tui",""
"","30","TestDeckOwnedCellsCarryExplicitForegroundOnEveryBuiltin/daylight","","Fri Sep 25 21:38:41 BST 2026","passed","Fri Sep 25 21:38:41 BST 2026","","github.com/n-orlov/deck/internal/tui","github.com/n-orlov/deck/internal/tui",""
"","60","TestReceiveHookAppliesOverAnyStaleSourceExceptStopped/SessionEnd/from_waiting/via_tmux","","Fri Sep 25 21:37:06 BST 2026","passed","Fri Sep 25 21:37:06 BST 2026","","github.com/n-orlov/deck/internal/hookrecv","github.com/n-orlov/deck/internal/hookrecv",""
"","0","TestGutterBarContrastFloor/parchment","","Fri Sep 25 21:38:10 BST 2026","passed","Fri Sep 25 21:38:10 BST 2026","","github.com/n-orlov/deck/internal/theme","github.com/n-orlov/deck/internal/theme",""
"","10","TestAllDialogsRejectMouseAtBorderBodyAndOutside","","Fri Sep 25 21:38:41 BST 2026","passed","Fri Sep 25 21:38:41 BST 2026","","github.com/n-orlov/deck/internal/tui","github.com/n-orlov/deck/internal/tui",""
"","10","TestASCIIColorAndFrozenRelativeTimeRendering","","Fri Sep 25 21:38:41 BST 2026","passed","Fri Sep 25 21:38:41 BST 2026","","github.com/n-orlov/deck/internal/tui","github.com/n-orlov/deck/internal/tui",""
"","0","TestNormalizeFrame/unfrozen_numeric_hour_age","","Fri Sep 25 21:36:35 BST 2026","passed","Fri Sep 25 21:36:35 BST 2026","","github.com/n-orlov/deck/features","github.com/n-orlov/deck/features",""
"","940","TestSendNamedKeyDeliversModifiedNavigationKeysByTmuxsOwnTranslation","","Fri Sep 25 21:38:11 BST 2026","passed","Fri Sep 25 21:38:11 BST 2026","","github.com/n-orlov/deck/internal/tmux","github.com/n-orlov/deck/internal/tmux",""
"","40","TestSendNamedKeyDeliversAltModifiedNavigationKeysByTmuxsOwnTranslation/S-M-End","","Fri Sep 25 21:38:11 BST 2026","passed","Fri Sep 25 21:38:11 BST 2026","","github.com/n-orlov/deck/internal/tmux","github.com/n-orlov/deck/internal/tmux",""
"","60","TestReceiveHookAppliesOverAnyStaleSourceExceptStopped/StopFailure/from_stopped/via_hook","","Fri Sep 25 21:37:06 BST 2026","passed","Fri Sep 25 21:37:06 BST 2026","","github.com/n-orlov/deck/internal/hookrecv","github.com/n-orlov/deck/internal/hookrecv",""
"","0","TestFilterReachesAnArchivedRowHiddenFromTheDefaultList","","Fri Sep 25 21:38:41 BST 2026","passed","Fri Sep 25 21:38:41 BST 2026","","github.com/n-orlov/deck/internal/tui","github.com/n-orlov/deck/internal/tui",""
"","0","TestCropPreviewBottomLeftFitsWithoutGeometryLine","","Fri Sep 25 21:38:41 BST 2026","passed","Fri Sep 25 21:38:41 BST 2026","","github.com/n-orlov/deck/internal/tui","github.com/n-orlov/deck/internal/tui",""
"","0","TestBeginInteractiveSelectionScope","","Fri Sep 25 21:38:41 BST 2026","passed","Fri Sep 25 21:38:41 BST 2026","","github.com/n-orlov/deck/internal/tui","github.com/n-orlov/deck/internal/tui",""
"","0","TestProfileSwitchEscCancelsWithoutPersisting","","Fri Sep 25 21:38:41 BST 2026","passed","Fri Sep 25 21:38:41 BST 2026","","github.com/n-orlov/deck/internal/tui","github.com/n-orlov/deck/internal/tui",""
"","1950","TestFeatures/a_secret-shaped_key_opened_in_this_file's_own_env_editor_is_masked_by_default,_reveals_on_r,_re-masks_on_r_again,_and_never_leaks_to_screen_or_disk","","Fri Sep 25 21:39:00 BST 2026","passed","Fri Sep 25 21:39:01 BST 2026","","github.com/n-orlov/deck/features","github.com/n-orlov/deck/features",""
"","0","TestReclaimLeakedInteractivePipesIgnoresDirsWithoutTheInteractivePipePrefix","","Fri Sep 25 21:38:11 BST 2026","passed","Fri Sep 25 21:38:11 BST 2026","","github.com/n-orlov/deck/internal/tmux","github.com/n-orlov/deck/internal/tmux",""
"","1430","TestFeatures/a_session-scoped_key_does_nothing_while_the_cursor_is_on_a_header","","Fri Sep 25 21:39:00 BST 2026","passed","Fri Sep 25 21:39:01 BST 2026","","github.com/n-orlov/deck/features","github.com/n-orlov/deck/features",""
"","140","TestReconcileCollectsRetainedDeadPaneWhenRowAlreadyReadsStopped","","Fri Sep 25 21:37:44 BST 2026","passed","Fri Sep 25 21:37:44 BST 2026","","github.com/n-orlov/deck/internal/service","github.com/n-orlov/deck/internal/service",""
"","0","TestFooterKeyLegendReflectsEligibility/empty_list:_every_per-row_key_disappears","","Fri Sep 25 21:38:41 BST 2026","passed","Fri Sep 25 21:38:41 BST 2026","","github.com/n-orlov/deck/internal/tui","github.com/n-orlov/deck/internal/tui",""
"","0","TestFilterOntoOnlyMatchFollowsSelectionOffAnEmptyHeader","","Fri Sep 25 21:38:41 BST 2026","passed","Fri Sep 25 21:38:41 BST 2026","","github.com/n-orlov/deck/internal/tui","github.com/n-orlov/deck/internal/tui",""
"","0","TestAcceptsOnlyDocumentedSandboxValues/accepts_workspace-write","","Fri Sep 25 21:36:33 BST 2026","passed","Fri Sep 25 21:36:33 BST 2026","","github.com/n-orlov/deck/cmd/fake-codex","github.com/n-orlov/deck/cmd/fake-codex",""
"","0","TestArchivePurgeAndRefusalMessagesStayWithinFrameBudgetAtEveryLayoutMode/Deleted,_but_purge_failed:_no_such_file_or_directory/stacked","","Fri Sep 25 21:38:41 BST 2026","passed","Fri Sep 25 21:38:41 BST 2026","","github.com/n-orlov/deck/internal/tui","github.com/n-orlov/deck/internal/tui",""
"","90","TestReceiveHookAppliesOverAnyStaleSourceExceptStopped/Notification/from_stopped/via_hook","","Fri Sep 25 21:37:06 BST 2026","passed","Fri Sep 25 21:37:06 BST 2026","","github.com/n-orlov/deck/internal/hookrecv","github.com/n-orlov/deck/internal/hookrecv",""
"","1000","TestFeatures/yolo_default_opens_the_create_modal_already_on_yolo_once_allow_yolo_is_enabled","","Fri Sep 25 21:39:00 BST 2026","passed","Fri Sep 25 21:39:01 BST 2026","","github.com/n-orlov/deck/features","github.com/n-orlov/deck/features",""
"","0","TestListShowsArchivedGlyphFromArchivedAtFlagNotFromStatus","","Fri Sep 25 21:38:41 BST 2026","passed","Fri Sep 25 21:38:41 BST 2026","","github.com/n-orlov/deck/internal/tui","github.com/n-orlov/deck/internal/tui",""
"","0","TestCapturedPaneStackedKeepsOwnColourFrameCarriesDeckBackground","","Fri Sep 25 21:38:41 BST 2026","passed","Fri Sep 25 21:38:41 BST 2026","","github.com/n-orlov/deck/internal/tui","github.com/n-orlov/deck/internal/tui",""
"","0","TestCanvasDefaultForegroundClearsFloor/matrix","","Fri Sep 25 21:38:10 BST 2026","passed","Fri Sep 25 21:38:10 BST 2026","","github.com/n-orlov/deck/internal/theme","github.com/n-orlov/deck/internal/theme",""
"","0","TestFilterFrameBudgetAccountsForTheStatusLine","","Fri Sep 25 21:38:41 BST 2026","passed","Fri Sep 25 21:38:41 BST 2026","","github.com/n-orlov/deck/internal/tui","github.com/n-orlov/deck/internal/tui",""
"","0","TestDeckOwnedCellsCarryExplicitForegroundOnEveryBuiltin/matrix/below_deck's_supported_minimum","","Fri Sep 25 21:38:41 BST 2026","passed","Fri Sep 25 21:38:41 BST 2026","","github.com/n-orlov/deck/internal/tui","github.com/n-orlov/deck/internal/tui",""
"","0","TestDeckOwnedCellsCarryExplicitForegroundOnEveryBuiltin/cobalt/empty_store","","Fri Sep 25 21:38:41 BST 2026","passed","Fri Sep 25 21:38:41 BST 2026","","github.com/n-orlov/deck/internal/tui","github.com/n-orlov/deck/internal/tui",""
"","10","TestDeckOwnedCellsCarryExplicitForegroundOnEveryBuiltin/empire/help_overlay","","Fri Sep 25 21:38:41 BST 2026","passed","Fri Sep 25 21:38:41 BST 2026","","github.com/n-orlov/deck/internal/tui","github.com/n-orlov/deck/internal/tui",""
"","0","TestXterm256Hex","","Fri Sep 25 21:38:41 BST 2026","passed","Fri Sep 25 21:38:41 BST 2026","","github.com/n-orlov/deck/internal/tui","github.com/n-orlov/deck/internal/tui",""
"","1670","TestSendNamedKeyDeliversAltModifiedNavigationKeysByTmuxsOwnTranslation","","Fri Sep 25 21:38:11 BST 2026","passed","Fri Sep 25 21:38:12 BST 2026","","github.com/n-orlov/deck/internal/tmux","github.com/n-orlov/deck/internal/tmux",""
"","0","TestNavigationFollowsVisualOrderNotIndexOrder","","Fri Sep 25 21:38:41 BST 2026","passed","Fri Sep 25 21:38:41 BST 2026","","github.com/n-orlov/deck/internal/tui","github.com/n-orlov/deck/internal/tui",""
"","0","TestDriftEndingKeysBringSelectionBackIntoView/key=""c""","","Fri Sep 25 21:38:41 BST 2026","passed","Fri Sep 25 21:38:41 BST 2026","","github.com/n-orlov/deck/internal/tui","github.com/n-orlov/deck/internal/tui",""
"","0","TestProbeGoldenPaneCorpus/codex/running.txt","","Fri Sep 25 21:37:05 BST 2026","passed","Fri Sep 25 21:37:05 BST 2026","","github.com/n-orlov/deck/internal/agent","github.com/n-orlov/deck/internal/agent",""
"","230","TestSendKeysWithoutLiteralFlagEnterBecomesACarriageReturn","","Fri Sep 25 21:38:11 BST 2026","passed","Fri Sep 25 21:38:11 BST 2026","","github.com/n-orlov/deck/internal/tmux","github.com/n-orlov/deck/internal/tmux",""
"","0","TestFooterHandlerAgreementAcrossEveryRowClass/attention-pending/x","","Fri Sep 25 21:38:41 BST 2026","passed","Fri Sep 25 21:38:41 BST 2026","","github.com/n-orlov/deck/internal/tui","github.com/n-orlov/deck/internal/tui",""
"","0","TestComputeLayoutStackedNeverFallsBack","","Fri Sep 25 21:38:41 BST 2026","passed","Fri Sep 25 21:38:41 BST 2026","","github.com/n-orlov/deck/internal/tui","github.com/n-orlov/deck/internal/tui",""
"","0","TestCapturedPaneFillPastCaptureCarriesDeckBackground/Stacked","","Fri Sep 25 21:38:41 BST 2026","passed","Fri Sep 25 21:38:41 BST 2026","","github.com/n-orlov/deck/internal/tui","github.com/n-orlov/deck/internal/tui",""
"","2118","the sidebar groups sessions by workspace, with a header per group, and a keyboard toggle can collapse one","","","passed","","","The attention sort, workspace grouping/collapse, and `space` (requirement 40)","",""
"","0","TestInteractiveDispatcherNilDoesNotSnapStoredOffset","","Fri Sep 25 21:38:41 BST 2026","passed","Fri Sep 25 21:38:41 BST 2026","","github.com/n-orlov/deck/internal/tui","github.com/n-orlov/deck/internal/tui",""
"","0","TestBlackBoxRegistrySwapTranscriptEnvKeyNeedsNoTUIEdit","","Fri Sep 25 21:38:41 BST 2026","passed","Fri Sep 25 21:38:41 BST 2026","","github.com/n-orlov/deck/internal/tui","github.com/n-orlov/deck/internal/tui",""
"","110","TestSettingsGroupDeleteDBranchKeepsTheGroupWhenTheConfirmIsCancelled","","Fri Sep 25 21:38:41 BST 2026","passed","Fri Sep 25 21:38:41 BST 2026","","github.com/n-orlov/deck/internal/tui","github.com/n-orlov/deck/internal/tui",""
"","10","TestSettingsScopeParityMatchesSaveBehaviour/stale_after","","Fri Sep 25 21:38:41 BST 2026","passed","Fri Sep 25 21:38:41 BST 2026","","github.com/n-orlov/deck/internal/tui","github.com/n-orlov/deck/internal/tui",""
"","150","TestReceiveHookOverridesStaleTmuxLaunchFailure","","Fri Sep 25 21:37:06 BST 2026","passed","Fri Sep 25 21:37:06 BST 2026","","github.com/n-orlov/deck/internal/hookrecv","github.com/n-orlov/deck/internal/hookrecv",""
"","0","TestLeftRightFoldUnfoldPopulatedGroupFromRow","","Fri Sep 25 21:38:41 BST 2026","passed","Fri Sep 25 21:38:41 BST 2026","","github.com/n-orlov/deck/internal/tui","github.com/n-orlov/deck/internal/tui",""
"","995","create dialog -- width saturates at 80 well past the upper clamp","","","passed","","","The §11.4 dialog contract, asserted per dialog (requirements 7, 8, 9, 10, 11, 50)","",""
"","0","TestCropDecorationsCarryDeckBackground/Stacked/daylight","","Fri Sep 25 21:38:41 BST 2026","passed","Fri Sep 25 21:38:41 BST 2026","","github.com/n-orlov/deck/internal/tui","github.com/n-orlov/deck/internal/tui",""
"","60","TestReceiveHookAppliesOverAnyStaleSourceExceptStopped/UserPromptSubmit/from_starting/via_tmux","","Fri Sep 25 21:37:06 BST 2026","passed","Fri Sep 25 21:37:06 BST 2026","","github.com/n-orlov/deck/internal/hookrecv","github.com/n-orlov/deck/internal/hookrecv",""
"","0","TestArchivePurgeAndRefusalMessagesStayWithinFrameBudgetAtEveryLayoutMode/Archiving_is_unavailable/side-by-side","","Fri Sep 25 21:38:41 BST 2026","passed","Fri Sep 25 21:38:41 BST 2026","","github.com/n-orlov/deck/internal/tui","github.com/n-orlov/deck/internal/tui",""
"","0","TestCreateModalYCharacterStillTypesIntoTextFields","","Fri Sep 25 21:38:41 BST 2026","passed","Fri Sep 25 21:38:41 BST 2026","","github.com/n-orlov/deck/internal/tui","github.com/n-orlov/deck/internal/tui",""
"","0","TestResumeStartingElsewhereIsNotAnError","","Fri Sep 25 21:38:41 BST 2026","passed","Fri Sep 25 21:38:41 BST 2026","","github.com/n-orlov/deck/internal/tui","github.com/n-orlov/deck/internal/tui",""
"","1350","TestFeatures/sort_order_=_name_orders_case-insensitively_ascending","","Fri Sep 25 21:39:00 BST 2026","passed","Fri Sep 25 21:39:01 BST 2026","","github.com/n-orlov/deck/features","github.com/n-orlov/deck/features",""
"","110","TestEnforceEventRetentionThrottlesToAtMostOnceAnHour","","Fri Sep 25 21:38:00 BST 2026","passed","Fri Sep 25 21:38:00 BST 2026","","github.com/n-orlov/deck/internal/store","github.com/n-orlov/deck/internal/store",""
"","1681","r resumes the selected stopped row and passive preview re-fits away from tmux's unfit 80x24 default","","","passed","","","The preview capture engine and its visible behaviour","",""
"","30","TestReadTmuxOptionInScopeTreatsBothUnsetShapesAsNone","","Fri Sep 25 21:36:35 BST 2026","passed","Fri Sep 25 21:36:35 BST 2026","","github.com/n-orlov/deck/features","github.com/n-orlov/deck/features",""
"","0","TestSidebarEntryContentWidthMatchesEachModesRealTextBudget","","Fri Sep 25 21:38:41 BST 2026","passed","Fri Sep 25 21:38:41 BST 2026","","github.com/n-orlov/deck/internal/tui","github.com/n-orlov/deck/internal/tui",""
"","1650","undoing a bulk kill leaves both adversarially-seeded cwd fingerprints unchanged","","","passed","","","Undo toast after x, and the dd delete/tombstone chord","",""
"","1530","TestScrollbackStaysBoundedRegardlessOfInputVolume","","Fri Sep 25 21:37:23 BST 2026","passed","Fri Sep 25 21:37:24 BST 2026","","github.com/n-orlov/deck/internal/interactive","github.com/n-orlov/deck/internal/interactive",""
"","0","TestInteractiveEntrySeedAsksForTheTransportsOwnHistoryBound","","Fri Sep 25 21:38:41 BST 2026","passed","Fri Sep 25 21:38:41 BST 2026","","github.com/n-orlov/deck/internal/tui","github.com/n-orlov/deck/internal/tui",""
"","0","TestDetailViewShowsCapturedPathAdvisoryWhenLoginShellSet","","Fri Sep 25 21:38:41 BST 2026","passed","Fri Sep 25 21:38:41 BST 2026","","github.com/n-orlov/deck/internal/tui","github.com/n-orlov/deck/internal/tui",""
"","0","TestDeleteConfirmStyledBodyMatchesPlainBodyOnceStripped","","Fri Sep 25 21:38:41 BST 2026","passed","Fri Sep 25 21:38:41 BST 2026","","github.com/n-orlov/deck/internal/tui","github.com/n-orlov/deck/internal/tui",""
"","0","TestBuildSeedOriginFlagControlsCursorAddressingRelativeToScrollRegion","","Fri Sep 25 21:37:23 BST 2026","passed","Fri Sep 25 21:37:23 BST 2026","","github.com/n-orlov/deck/internal/interactive","github.com/n-orlov/deck/internal/interactive",""
"","0","TestDeckTmuxMouseOverridesConfigOnAndOff","","Fri Sep 25 21:37:05 BST 2026","passed","Fri Sep 25 21:37:05 BST 2026","","github.com/n-orlov/deck/internal/config","github.com/n-orlov/deck/internal/config",""
"","2860","TestFeatures/scrolling_the_interactive_grid's_own_scrollback_never_flips_the_session's_badge,_and_the_probe_reads_the_pane's_live_bottom,_not_the_scrolled-back_view","","Fri Sep 25 21:39:00 BST 2026","passed","Fri Sep 25 21:39:02 BST 2026","","github.com/n-orlov/deck/features","github.com/n-orlov/deck/features",""
"","0","TestDeckOwnedCellsCarryExplicitForegroundOnEveryBuiltin/parchment/below_deck's_supported_minimum","","Fri Sep 25 21:38:41 BST 2026","passed","Fri Sep 25 21:38:41 BST 2026","","github.com/n-orlov/deck/internal/tui","github.com/n-orlov/deck/internal/tui",""
"","0","TestForeignPaintOpensTheCanvasPairOnAPlainRow","","Fri Sep 25 21:38:41 BST 2026","passed","Fri Sep 25 21:38:41 BST 2026","","github.com/n-orlov/deck/internal/tui","github.com/n-orlov/deck/internal/tui",""
"","0","TestGoldenMinimumFrameRowCount","","Fri Sep 25 21:36:35 BST 2026","passed","Fri Sep 25 21:36:35 BST 2026","","github.com/n-orlov/deck/features","github.com/n-orlov/deck/features",""
"","60","TestSettingsGroupsListLongerThanViewportKeepsSelectionAndEditorVisible/100x40","","Fri Sep 25 21:38:41 BST 2026","passed","Fri Sep 25 21:38:41 BST 2026","","github.com/n-orlov/deck/internal/tui","github.com/n-orlov/deck/internal/tui",""
"","0","TestKillKeyHandlerConsultsCanKillForTheSingleSelectedRow/stopped_row_dispatches_no_kill_command","","Fri Sep 25 21:38:41 BST 2026","passed","Fri Sep 25 21:38:41 BST 2026","","github.com/n-orlov/deck/internal/tui","github.com/n-orlov/deck/internal/tui",""
"","0","TestSessionGroupKeyReadsGroupNameVerbatim","","Fri Sep 25 21:38:41 BST 2026","passed","Fri Sep 25 21:38:41 BST 2026","","github.com/n-orlov/deck/internal/tui","github.com/n-orlov/deck/internal/tui",""
"","790","TestScenarioHarnessTeardownReportsLeaks/responding_socket","","Fri Sep 25 21:36:35 BST 2026","passed","Fri Sep 25 21:36:35 BST 2026","","github.com/n-orlov/deck/features","github.com/n-orlov/deck/features",""
"","0","TestThemedDialogsDegradeCleanlyUnderNoColorAndASCII/pin_conversation/with_a_failure_note","","Fri Sep 25 21:38:41 BST 2026","passed","Fri Sep 25 21:38:41 BST 2026","","github.com/n-orlov/deck/internal/tui","github.com/n-orlov/deck/internal/tui",""
"","0","TestApplyDialogContractCoreKeys/up/down_is_a_no-op_with_one_or_zero_fields,_not_merely_wrapped","","Fri Sep 25 21:38:41 BST 2026","passed","Fri Sep 25 21:38:41 BST 2026","","github.com/n-orlov/deck/internal/tui","github.com/n-orlov/deck/internal/tui",""
"","1532","detail dialog -- esc changes nothing (it has no fields to alter)","","","passed","","","The §11.4 dialog contract, asserted per dialog (requirements 7, 8, 9, 10, 11, 50)","",""
"","0","TestCropMarkerAndGeometryLineCarryExplicitForeground/empire","","Fri Sep 25 21:38:41 BST 2026","passed","Fri Sep 25 21:38:41 BST 2026","","github.com/n-orlov/deck/internal/tui","github.com/n-orlov/deck/internal/tui",""
"","1298","a failing teardown hook never blocks dd, and its failure lands durably in the event log","","","passed","","","post_destroy teardown hooks fire on A/dd, never on x, exactly once","",""
"","60","TestReceiveMappingTable/question_notification","","Fri Sep 25 21:37:06 BST 2026","passed","Fri Sep 25 21:37:06 BST 2026","","github.com/n-orlov/deck/internal/hookrecv","github.com/n-orlov/deck/internal/hookrecv",""
"","0","TestForeignPaintReopensTheCanvasAfterEveryReset","","Fri Sep 25 21:38:41 BST 2026","passed","Fri Sep 25 21:38:41 BST 2026","","github.com/n-orlov/deck/internal/tui","github.com/n-orlov/deck/internal/tui",""
"","930","TestMouseReportingDisabledOnPanic","","Fri Sep 25 21:36:35 BST 2026","passed","Fri Sep 25 21:36:35 BST 2026","","github.com/n-orlov/deck/features","github.com/n-orlov/deck/features",""
"","931","create dialog -- in-dialog validation retains the typed value and states the reason","","","passed","","","The §11.4 dialog contract, asserted per dialog (requirements 7, 8, 9, 10, 11, 50)","",""
"","0","TestBuiltinContrastFloor/parchment","","Fri Sep 25 21:38:10 BST 2026","passed","Fri Sep 25 21:38:10 BST 2026","","github.com/n-orlov/deck/internal/theme","github.com/n-orlov/deck/internal/theme",""
"","10","TestConcurrentWritesAndReadsStayConsistent","","Fri Sep 25 21:37:23 BST 2026","passed","Fri Sep 25 21:37:23 BST 2026","","github.com/n-orlov/deck/internal/interactive","github.com/n-orlov/deck/internal/interactive",""
"","2060","TestFeatures/cycling_sort_order_in_the_settings_takeover_and_saving_with_ctrl+s_keeps_the_same_session_selected_even_though_its_row_index_moves_(requirement_R53)","","Fri Sep 25 21:39:00 BST 2026","passed","Fri Sep 25 21:39:02 BST 2026","","github.com/n-orlov/deck/features","github.com/n-orlov/deck/features",""
"","60","TestSetSessionEnvValueMergesMarksDirtyAndRecordsEventWithKeyOnly","","Fri Sep 25 21:38:00 BST 2026","passed","Fri Sep 25 21:38:00 BST 2026","","github.com/n-orlov/deck/internal/store","github.com/n-orlov/deck/internal/store",""
"","0","TestSetEntryRefusalNeverLeavesItFooterOnly","","Fri Sep 25 21:38:41 BST 2026","passed","Fri Sep 25 21:38:41 BST 2026","","github.com/n-orlov/deck/internal/tui","github.com/n-orlov/deck/internal/tui",""
"","0","TestFooterKeyLegendReflectsEligibility/archived_row:_eligibility_follows_status,_not_the_archive_flag","","Fri Sep 25 21:38:41 BST 2026","passed","Fri Sep 25 21:38:41 BST 2026","","github.com/n-orlov/deck/internal/tui","github.com/n-orlov/deck/internal/tui",""
"","0","TestTranscriptPathForUsesActualServerEnvironmentNotObserverAmbient/session-override-wins-over-config-override","","Fri Sep 25 21:38:41 BST 2026","passed","Fri Sep 25 21:38:41 BST 2026","","github.com/n-orlov/deck/internal/tui","github.com/n-orlov/deck/internal/tui",""
"","1780","TestFeatures/a_real_client's_full_attach_displaces_the_interactive_holder_and_the_window_is_restored","","Fri Sep 25 21:39:00 BST 2026","passed","Fri Sep 25 21:39:01 BST 2026","","github.com/n-orlov/deck/features","github.com/n-orlov/deck/features",""
"","0","TestStyledBulkDeleteConfirmBodyMatchesPlainBodyLineForLine","","Fri Sep 25 21:38:41 BST 2026","passed","Fri Sep 25 21:38:41 BST 2026","","github.com/n-orlov/deck/internal/tui","github.com/n-orlov/deck/internal/tui",""
"","680","TestFeatures/the_settings_takeover's_discard-confirm_footer_paints_deck_background_across_its_whole_row","","Fri Sep 25 21:39:00 BST 2026","passed","Fri Sep 25 21:39:00 BST 2026","","github.com/n-orlov/deck/features","github.com/n-orlov/deck/features",""
"","40","TestSendNamedKeyDeliversAltModifiedNavigationKeysByTmuxsOwnTranslation/C-M-S-Home","","Fri Sep 25 21:38:11 BST 2026","passed","Fri Sep 25 21:38:11 BST 2026","","github.com/n-orlov/deck/internal/tmux","github.com/n-orlov/deck/internal/tmux",""
"","110","TestCreateShellPromotesCWDToRecentCwds","","Fri Sep 25 21:37:44 BST 2026","passed","Fri Sep 25 21:37:44 BST 2026","","github.com/n-orlov/deck/internal/service","github.com/n-orlov/deck/internal/service",""
"","0","TestSettingsFooterCarriesDeckBackground/cobalt/env-edit","","Fri Sep 25 21:38:41 BST 2026","passed","Fri Sep 25 21:38:41 BST 2026","","github.com/n-orlov/deck/internal/tui","github.com/n-orlov/deck/internal/tui",""
"","60","TestInteractiveHeaderPressTogglesCollapseWithoutResize","","Fri Sep 25 21:38:41 BST 2026","passed","Fri Sep 25 21:38:41 BST 2026","","github.com/n-orlov/deck/internal/tui","github.com/n-orlov/deck/internal/tui",""
"","0","TestSettingsPlusMinusAdjustsBoundedInteger","","Fri Sep 25 21:38:41 BST 2026","passed","Fri Sep 25 21:38:41 BST 2026","","github.com/n-orlov/deck/internal/tui","github.com/n-orlov/deck/internal/tui",""
"","10","TestSettingsSaveDoesNotApplyRestartToApplyFieldsLive/stale_after","","Fri Sep 25 21:38:41 BST 2026","passed","Fri Sep 25 21:38:41 BST 2026","","github.com/n-orlov/deck/internal/tui","github.com/n-orlov/deck/internal/tui",""
"","1080","TestFeatures/layout_mode_and_sidebar_width_persist_across_a_restart,_with_config.toml_unchanged","","Fri Sep 25 21:39:00 BST 2026","passed","Fri Sep 25 21:39:01 BST 2026","","github.com/n-orlov/deck/features","github.com/n-orlov/deck/features",""
"","100","TestReceiveSessionEndReasonTaxonomy/resume_is_not_an_end","","Fri Sep 25 21:37:06 BST 2026","passed","Fri Sep 25 21:37:06 BST 2026","","github.com/n-orlov/deck/internal/hookrecv","github.com/n-orlov/deck/internal/hookrecv",""
"","840","~otheruser is rejected with a stated reason rather than half-expanded","","","passed","","","Tilde expansion in the create modal's working directory","",""
"","0","TestSessionGroupKeyReadsGroupNameVerbatim/explicit_group_name","","Fri Sep 25 21:38:41 BST 2026","passed","Fri Sep 25 21:38:41 BST 2026","","github.com/n-orlov/deck/internal/tui","github.com/n-orlov/deck/internal/tui",""
"","40","TestSendNamedKeyDeliversAltModifiedNavigationKeysByTmuxsOwnTranslation/M-F2","","Fri Sep 25 21:38:11 BST 2026","passed","Fri Sep 25 21:38:11 BST 2026","","github.com/n-orlov/deck/internal/tmux","github.com/n-orlov/deck/internal/tmux",""
"","0","TestApplyDialogContractCoreKeys/esc_cancels_and_does_not_submit_or_cycle","","Fri Sep 25 21:38:41 BST 2026","passed","Fri Sep 25 21:38:41 BST 2026","","github.com/n-orlov/deck/internal/tui","github.com/n-orlov/deck/internal/tui",""
"","0","TestStalledGridWriteNeverBlocksAReseed","","Fri Sep 25 21:37:23 BST 2026","passed","Fri Sep 25 21:37:23 BST 2026","","github.com/n-orlov/deck/internal/interactive","github.com/n-orlov/deck/internal/interactive",""
"","140","TestCreateAgentReusingATombstonedNameCleansUpThatSessionsFiles","","Fri Sep 25 21:37:44 BST 2026","passed","Fri Sep 25 21:37:44 BST 2026","","github.com/n-orlov/deck/internal/service","github.com/n-orlov/deck/internal/service",""
"","0","TestFitForegroundPreservesHueAndClearsFloor","","Fri Sep 25 21:38:10 BST 2026","passed","Fri Sep 25 21:38:10 BST 2026","","github.com/n-orlov/deck/internal/theme","github.com/n-orlov/deck/internal/theme",""
"","0","TestShiftPageScrollStepsTheWholePreviewContentHeight","","Fri Sep 25 21:38:41 BST 2026","passed","Fri Sep 25 21:38:41 BST 2026","","github.com/n-orlov/deck/internal/tui","github.com/n-orlov/deck/internal/tui",""
"","4360","TestGoldenMinimumFrame","","Fri Sep 25 21:36:35 BST 2026","passed","Fri Sep 25 21:36:39 BST 2026","","github.com/n-orlov/deck/features","github.com/n-orlov/deck/features",""
"","590","TestCreateAgentFailingPreLaunchNeverStartsTheAgent","","Fri Sep 25 21:37:44 BST 2026","passed","Fri Sep 25 21:37:44 BST 2026","","github.com/n-orlov/deck/internal/service","github.com/n-orlov/deck/internal/service",""
"","2161","the wheel scrolls the sidebar's view without changing selection","","","passed","","","§11.8 mouse bindings and the [ui] mouse / DECK_MOUSE opt-out (requirements 33-37, 41)","",""
"","856","saving an edit that moves away from an env-overridden field's running value leaves the running client unaffected (requirement 21 correction, operator steer 008-envoverride-applylive.md)","","","passed","","","The `,` settings takeover (requirement 48)","",""
"","10","TestDetailViewScrollReachesEveryLineAndFieldsScrollTogether","","Fri Sep 25 21:38:41 BST 2026","passed","Fri Sep 25 21:38:41 BST 2026","","github.com/n-orlov/deck/internal/tui","github.com/n-orlov/deck/internal/tui",""
"","0","TestListShowsLaunchDirtyBadgeAloneBothOrNeither","","Fri Sep 25 21:38:41 BST 2026","passed","Fri Sep 25 21:38:41 BST 2026","","github.com/n-orlov/deck/internal/tui","github.com/n-orlov/deck/internal/tui",""
"","0","TestFoldUnfoldHeaderWithZeroTotalSessions/default/c","","Fri Sep 25 21:38:41 BST 2026","passed","Fri Sep 25 21:38:41 BST 2026","","github.com/n-orlov/deck/internal/tui","github.com/n-orlov/deck/internal/tui",""
"","1537","a click on the sidebar's empty padding below the last row selects nothing and enters nothing","","","passed","","","§11.8 mouse bindings and the [ui] mouse / DECK_MOUSE opt-out (requirements 33-37, 41)","",""
"","0","TestDeckOwnedCellsCarryExplicitForegroundOnEveryBuiltin/parchment/theme_picker_over_the_live_list","","Fri Sep 25 21:38:41 BST 2026","passed","Fri Sep 25 21:38:41 BST 2026","","github.com/n-orlov/deck/internal/tui","github.com/n-orlov/deck/internal/tui",""
"","0","TestBlackBoxRegistrySwapNeedsNoTUIEdit","","Fri Sep 25 21:38:41 BST 2026","passed","Fri Sep 25 21:38:41 BST 2026","","github.com/n-orlov/deck/internal/tui","github.com/n-orlov/deck/internal/tui",""
"","0","TestResolveFindsBuiltinTheme","","Fri Sep 25 21:38:10 BST 2026","passed","Fri Sep 25 21:38:10 BST 2026","","github.com/n-orlov/deck/internal/theme","github.com/n-orlov/deck/internal/theme",""
"","0","TestStackedSidebarGutterGlyphsSurviveNoColor","","Fri Sep 25 21:38:41 BST 2026","passed","Fri Sep 25 21:38:41 BST 2026","","github.com/n-orlov/deck/internal/tui","github.com/n-orlov/deck/internal/tui",""
"","80","TestCreateGroupRejects33CharacterName","","Fri Sep 25 21:38:00 BST 2026","passed","Fri Sep 25 21:38:00 BST 2026","","github.com/n-orlov/deck/internal/store","github.com/n-orlov/deck/internal/store",""
"","100","TestReceiveHookAppliesOverAnyStaleSourceExceptStopped/Stop/from_error/via_hook","","Fri Sep 25 21:37:06 BST 2026","passed","Fri Sep 25 21:37:06 BST 2026","","github.com/n-orlov/deck/internal/hookrecv","github.com/n-orlov/deck/internal/hookrecv",""
"","0","TestForeignPaintLeavesAnExplicitPairAlone","","Fri Sep 25 21:38:41 BST 2026","passed","Fri Sep 25 21:38:41 BST 2026","","github.com/n-orlov/deck/internal/tui","github.com/n-orlov/deck/internal/tui",""
"","60","TestReceiveCodexStopWithNullLastAssistantMessage","","Fri Sep 25 21:37:06 BST 2026","passed","Fri Sep 25 21:37:06 BST 2026","","github.com/n-orlov/deck/internal/hookrecv","github.com/n-orlov/deck/internal/hookrecv",""
"","60","TestReceiveHookAppliesOverAnyStaleSourceExceptStopped/SessionStart/from_starting/via_hook","","Fri Sep 25 21:37:06 BST 2026","passed","Fri Sep 25 21:37:06 BST 2026","","github.com/n-orlov/deck/internal/hookrecv","github.com/n-orlov/deck/internal/hookrecv",""
"","0","TestPreviewTitleNamesInteractiveModeAndTheExitChord","","Fri Sep 25 21:38:41 BST 2026","passed","Fri Sep 25 21:38:41 BST 2026","","github.com/n-orlov/deck/internal/tui","github.com/n-orlov/deck/internal/tui",""
"","0","TestShiftPageScrollStepTracksTheTerminalHeight","","Fri Sep 25 21:38:41 BST 2026","passed","Fri Sep 25 21:38:41 BST 2026","","github.com/n-orlov/deck/internal/tui","github.com/n-orlov/deck/internal/tui",""
"","10","TestSettingsSaveDefaultGroupFirstRespectsEnvOverride","","Fri Sep 25 21:38:41 BST 2026","passed","Fri Sep 25 21:38:41 BST 2026","","github.com/n-orlov/deck/internal/tui","github.com/n-orlov/deck/internal/tui",""
"","1621","a succeeding pre-launch command, typed into the create dialog, runs before the agent starts","","","passed","","","The create modal's §11.7 cwd prefill (requirement 12)","",""
"","0","TestAcceptsOnlyDocumentedSandboxValues/accepts_read-only","","Fri Sep 25 21:36:33 BST 2026","passed","Fri Sep 25 21:36:33 BST 2026","","github.com/n-orlov/deck/cmd/fake-codex","github.com/n-orlov/deck/cmd/fake-codex",""
"","0","TestDriftEndingKeysBringSelectionBackIntoView/key=""Y""","","Fri Sep 25 21:38:41 BST 2026","passed","Fri Sep 25 21:38:41 BST 2026","","github.com/n-orlov/deck/internal/tui","github.com/n-orlov/deck/internal/tui",""
"","0","TestAllDialogsRejectMouseAtBorderBodyAndOutside/detail/body","","Fri Sep 25 21:38:41 BST 2026","passed","Fri Sep 25 21:38:41 BST 2026","","github.com/n-orlov/deck/internal/tui","github.com/n-orlov/deck/internal/tui",""
"","0","TestScrollableOverlaysStillPageWithPgDn/event_log","","Fri Sep 25 21:38:41 BST 2026","passed","Fri Sep 25 21:38:41 BST 2026","","github.com/n-orlov/deck/internal/tui","github.com/n-orlov/deck/internal/tui",""
"","0","TestSetEntryRefusalNeverLeavesItFooterOnly/attached-elsewhere","","Fri Sep 25 21:38:41 BST 2026","passed","Fri Sep 25 21:38:41 BST 2026","","github.com/n-orlov/deck/internal/tui","github.com/n-orlov/deck/internal/tui",""
"","330","TestPaneSeedStateReadsEachNonDefaultFieldFromARealPane/mouse_standard_flag","","Fri Sep 25 21:38:11 BST 2026","passed","Fri Sep 25 21:38:11 BST 2026","","github.com/n-orlov/deck/internal/tmux","github.com/n-orlov/deck/internal/tmux",""
"","0","TestRenameOnlyReachableInsideDetailNotAsTopLevelKey","","Fri Sep 25 21:38:41 BST 2026","passed","Fri Sep 25 21:38:41 BST 2026","","github.com/n-orlov/deck/internal/tui","github.com/n-orlov/deck/internal/tui",""
"","0","TestPendingDeleteIndicatorStaysWithinFrameBudgetAtEveryLayoutMode/marked-set/collapsed","","Fri Sep 25 21:38:41 BST 2026","passed","Fri Sep 25 21:38:41 BST 2026","","github.com/n-orlov/deck/internal/tui","github.com/n-orlov/deck/internal/tui",""
"","1880","TestFeatures/a_built-in_theme_colours_each_of_the_seven_§7_status_tokens,_read_per_cell_from_a_real_client#01","","Fri Sep 25 21:39:00 BST 2026","passed","Fri Sep 25 21:39:01 BST 2026","","github.com/n-orlov/deck/features","github.com/n-orlov/deck/features",""
"","2240","TestFeatures/one_hook-driven_status_change_propagates_to_every_client","","Fri Sep 25 21:39:00 BST 2026","passed","Fri Sep 25 21:39:02 BST 2026","","github.com/n-orlov/deck/features","github.com/n-orlov/deck/features",""
"","0","TestSettingsStringEnterOpensEditorPrefilledWithStagedValue","","Fri Sep 25 21:38:41 BST 2026","passed","Fri Sep 25 21:38:41 BST 2026","","github.com/n-orlov/deck/internal/tui","github.com/n-orlov/deck/internal/tui",""
"","0","TestSettingsWrapVerbatimKeepsLongValuesInsideThePanel","","Fri Sep 25 21:38:41 BST 2026","passed","Fri Sep 25 21:38:41 BST 2026","","github.com/n-orlov/deck/internal/tui","github.com/n-orlov/deck/internal/tui",""
"","2240","TestFeatures/entering_the_interactive_preview_acknowledges_a_live_error_without_replacing_its_verdict","","Fri Sep 25 21:39:00 BST 2026","passed","Fri Sep 25 21:39:02 BST 2026","","github.com/n-orlov/deck/features","github.com/n-orlov/deck/features",""
"","180","TestNaivePaneTargetingLoopNeverConverges","","Fri Sep 25 21:38:11 BST 2026","passed","Fri Sep 25 21:38:11 BST 2026","","github.com/n-orlov/deck/internal/tmux","github.com/n-orlov/deck/internal/tmux",""
"","10","TestConfigFileUIDefaultGroupFirstDefaultsToFalseAndRoundTripsThroughWrite","","Fri Sep 25 21:37:05 BST 2026","passed","Fri Sep 25 21:37:05 BST 2026","","github.com/n-orlov/deck/internal/config","github.com/n-orlov/deck/internal/config",""
"","1457","the seam reads border_focus with the sidebar focused, border_focus while interactive, and plain border with neither focused","","","passed","","","The shared sidebar/preview seam reads focused whenever either panel is (requirement 57)","",""
"","1150","TestFeatures/creating_a_group_in_the_settings_takeover_appears_in_the_sidebar_once_a_session_joins_it_(R131_part_1)","","Fri Sep 25 21:39:00 BST 2026","passed","Fri Sep 25 21:39:01 BST 2026","","github.com/n-orlov/deck/features","github.com/n-orlov/deck/features",""
"","100","TestReceiveHookAppliesOverAnyStaleSourceExceptStopped/SessionEnd/from_stopped/via_tmux","","Fri Sep 25 21:37:06 BST 2026","passed","Fri Sep 25 21:37:06 BST 2026","","github.com/n-orlov/deck/internal/hookrecv","github.com/n-orlov/deck/internal/hookrecv",""
"","120","TestCollapsedGroupsRoundTripsAcrossReopen","","Fri Sep 25 21:38:00 BST 2026","passed","Fri Sep 25 21:38:00 BST 2026","","github.com/n-orlov/deck/internal/store","github.com/n-orlov/deck/internal/store",""
"","80","TestDetailViewDisplaysTheDroppedHookKindAndReasonAfterPressingI","","Fri Sep 25 21:38:41 BST 2026","passed","Fri Sep 25 21:38:41 BST 2026","","github.com/n-orlov/deck/internal/tui","github.com/n-orlov/deck/internal/tui",""
"","40","TestSendNamedKeyDeliversAltModifiedNavigationKeysByTmuxsOwnTranslation/C-M-End","","Fri Sep 25 21:38:11 BST 2026","passed","Fri Sep 25 21:38:11 BST 2026","","github.com/n-orlov/deck/internal/tmux","github.com/n-orlov/deck/internal/tmux",""
"","0","TestAllDialogsRejectMouseAtBorderBodyAndOutside/help","","Fri Sep 25 21:38:41 BST 2026","passed","Fri Sep 25 21:38:41 BST 2026","","github.com/n-orlov/deck/internal/tui","github.com/n-orlov/deck/internal/tui",""
"","0","TestTruncateToWidthWideGlyphsStillCloseTheirBackground","","Fri Sep 25 21:38:41 BST 2026","passed","Fri Sep 25 21:38:41 BST 2026","","github.com/n-orlov/deck/internal/tui","github.com/n-orlov/deck/internal/tui",""
"","2666","a fit is skipped below the 7-inner-row floor, and retried once the panel grows back above it","","","passed","","","The preview capture engine and its visible behaviour","",""
"","0","TestLostAttachSwallowsOtherKeys","","Fri Sep 25 21:38:41 BST 2026","passed","Fri Sep 25 21:38:41 BST 2026","","github.com/n-orlov/deck/internal/tui","github.com/n-orlov/deck/internal/tui",""
"","10","TestCropDecorationsCarryDeckBackground/SideBySide","","Fri Sep 25 21:38:41 BST 2026","passed","Fri Sep 25 21:38:41 BST 2026","","github.com/n-orlov/deck/internal/tui","github.com/n-orlov/deck/internal/tui",""
"","100","TestReconcileNeverRepairsHookSourcedErrorWithLivePane","","Fri Sep 25 21:37:44 BST 2026","passed","Fri Sep 25 21:37:44 BST 2026","","github.com/n-orlov/deck/internal/service","github.com/n-orlov/deck/internal/service",""
"","0","TestSidebarGutterCellsNeverFallBackToCanvasForeground/parchment","","Fri Sep 25 21:38:41 BST 2026","passed","Fri Sep 25 21:38:41 BST 2026","","github.com/n-orlov/deck/internal/tui","github.com/n-orlov/deck/internal/tui",""
"","0","TestDriftEndingKeysBringSelectionBackIntoView/key=""p""","","Fri Sep 25 21:38:41 BST 2026","passed","Fri Sep 25 21:38:41 BST 2026","","github.com/n-orlov/deck/internal/tui","github.com/n-orlov/deck/internal/tui",""
"","100","TestResumeSurfacesAGenuineNonDuplicateTMuxFailure","","Fri Sep 25 21:37:44 BST 2026","passed","Fri Sep 25 21:37:44 BST 2026","","github.com/n-orlov/deck/internal/service","github.com/n-orlov/deck/internal/service",""
"","0","TestArchiveUndoSaysTheNextRRebuildsWhatPostDestroyReleased/both-hooks","","Fri Sep 25 21:38:41 BST 2026","passed","Fri Sep 25 21:38:41 BST 2026","","github.com/n-orlov/deck/internal/tui","github.com/n-orlov/deck/internal/tui",""
"","60","TestEventLogViewCarriesSectionTokens","","Fri Sep 25 21:38:41 BST 2026","passed","Fri Sep 25 21:38:41 BST 2026","","github.com/n-orlov/deck/internal/tui","github.com/n-orlov/deck/internal/tui",""
"","1600","TestFeatures","","Fri Sep 25 21:48:15 BST 2026","passed","Fri Sep 25 21:48:16 BST 2026","","github.com/n-orlov/deck/features","github.com/n-orlov/deck/features",""
"","300","TestRepaintModesProduceDistinguishingObservables/never_mode_never_repaints,_whatever_arrives","","Fri Sep 25 21:36:33 BST 2026","passed","Fri Sep 25 21:36:33 BST 2026","","github.com/n-orlov/deck/cmd/fake-pi","github.com/n-orlov/deck/cmd/fake-pi",""
"","0","TestCodexTranscriptPathMissDegrades","","Fri Sep 25 21:37:05 BST 2026","passed","Fri Sep 25 21:37:05 BST 2026","","github.com/n-orlov/deck/internal/agent","github.com/n-orlov/deck/internal/agent",""
"","30","TestWindowIsizeGeometryHelperReportsUnparseableAsAbsent","","Fri Sep 25 21:38:11 BST 2026","passed","Fri Sep 25 21:38:11 BST 2026","","github.com/n-orlov/deck/internal/tmux","github.com/n-orlov/deck/internal/tmux",""
"","0","TestProbeDeclinesUnknownTextAndShellIsIneligible","","Fri Sep 25 21:37:05 BST 2026","passed","Fri Sep 25 21:37:05 BST 2026","","github.com/n-orlov/deck/internal/agent","github.com/n-orlov/deck/internal/agent",""
"","0","TestPreviewCaptureIgnoresErrorsWithoutSurfacingAttachError","","Fri Sep 25 21:38:41 BST 2026","passed","Fri Sep 25 21:38:41 BST 2026","","github.com/n-orlov/deck/internal/tui","github.com/n-orlov/deck/internal/tui",""
"","0","TestMouseFeatureNeverRegainsMillisecondsPass","","Fri Sep 25 21:36:35 BST 2026","passed","Fri Sep 25 21:36:35 BST 2026","","github.com/n-orlov/deck/features","github.com/n-orlov/deck/features",""
"","0","TestFooterKeyLegendReflectsEligibility/stopped_row:_resume_eligible,_kill/restart/attach/interactive_are_not","","Fri Sep 25 21:38:41 BST 2026","passed","Fri Sep 25 21:38:41 BST 2026","","github.com/n-orlov/deck/internal/tui","github.com/n-orlov/deck/internal/tui",""
"","0","TestStackedSidebarGutterGlyphsSurviveNoColor/unicode","","Fri Sep 25 21:38:41 BST 2026","passed","Fri Sep 25 21:38:41 BST 2026","","github.com/n-orlov/deck/internal/tui","github.com/n-orlov/deck/internal/tui",""
"","90","TestReapLeavesEventsOutboxAndNotifyStateBehind","","Fri Sep 25 21:37:44 BST 2026","passed","Fri Sep 25 21:37:44 BST 2026","","github.com/n-orlov/deck/internal/service","github.com/n-orlov/deck/internal/service",""
"","0","TestWithLaunchInputsSetterCarriesEveryTypedFieldToTheSetter","","Fri Sep 25 21:38:41 BST 2026","passed","Fri Sep 25 21:38:41 BST 2026","","github.com/n-orlov/deck/internal/tui","github.com/n-orlov/deck/internal/tui",""
"","60","TestSupersededLaunchGenerationDropsTheWholeHookClass/SessionStart/current_token","","Fri Sep 25 21:37:06 BST 2026","passed","Fri Sep 25 21:37:06 BST 2026","","github.com/n-orlov/deck/internal/hookrecv","github.com/n-orlov/deck/internal/hookrecv",""
"","0","TestListShowsEnvDirtyBadgeOnlyWhenSet","","Fri Sep 25 21:38:41 BST 2026","passed","Fri Sep 25 21:38:41 BST 2026","","github.com/n-orlov/deck/internal/tui","github.com/n-orlov/deck/internal/tui",""
"","1550","A pane-fired hook cannot revive a process-crash terminal row","","","passed","","","Claude hook status truth","",""
"","0","TestBuiltinContrastFloor/cobalt","","Fri Sep 25 21:38:10 BST 2026","passed","Fri Sep 25 21:38:10 BST 2026","","github.com/n-orlov/deck/internal/theme","github.com/n-orlov/deck/internal/theme",""
"","0","TestSessionRestartedNoopOutcomesLeaveTheLatchSetAndIssueNoFit/outcome=1","","Fri Sep 25 21:38:41 BST 2026","passed","Fri Sep 25 21:38:41 BST 2026","","github.com/n-orlov/deck/internal/tui","github.com/n-orlov/deck/internal/tui",""
"","40","TestSendNamedKeyDeliversAltModifiedNavigationKeysByTmuxsOwnTranslation/M-F5","","Fri Sep 25 21:38:11 BST 2026","passed","Fri Sep 25 21:38:11 BST 2026","","github.com/n-orlov/deck/internal/tmux","github.com/n-orlov/deck/internal/tmux",""
"","0","TestPreviewTitleStatesFittedGeometryDifferentlyFromACrop","","Fri Sep 25 21:38:41 BST 2026","passed","Fri Sep 25 21:38:41 BST 2026","","github.com/n-orlov/deck/internal/tui","github.com/n-orlov/deck/internal/tui",""
"","0","TestSettingsEscWithChangesPromptsToDiscard","","Fri Sep 25 21:38:41 BST 2026","passed","Fri Sep 25 21:38:41 BST 2026","","github.com/n-orlov/deck/internal/tui","github.com/n-orlov/deck/internal/tui",""
"","2400","TestFeatures/the_mouse_wheel_over_the_preview_panel_scrolls_the_interactive_grid's_own_scrollback","","Fri Sep 25 21:39:00 BST 2026","passed","Fri Sep 25 21:39:02 BST 2026","","github.com/n-orlov/deck/features","github.com/n-orlov/deck/features",""
"","0","TestSettingsFooterCarriesDeckBackground/matrix/string-edit","","Fri Sep 25 21:38:41 BST 2026","passed","Fri Sep 25 21:38:41 BST 2026","","github.com/n-orlov/deck/internal/tui","github.com/n-orlov/deck/internal/tui",""
"","100","TestReceiveHookAppliesOverAnyStaleSourceExceptStopped/SessionStart/from_waiting/via_probe","","Fri Sep 25 21:37:06 BST 2026","passed","Fri Sep 25 21:37:06 BST 2026","","github.com/n-orlov/deck/internal/hookrecv","github.com/n-orlov/deck/internal/hookrecv",""
"","860","TestFeatures/NO_COLOR_changes_only_colour,_never_which_cells_carry_deck's_borders_and_text,_on_the_same_canvas-painted_frame","","Fri Sep 25 21:39:00 BST 2026","passed","Fri Sep 25 21:39:00 BST 2026","","github.com/n-orlov/deck/features","github.com/n-orlov/deck/features",""
"","0","TestArchiveUndoWindowExpiresLikeItsSiblings","","Fri Sep 25 21:38:41 BST 2026","passed","Fri Sep 25 21:38:41 BST 2026","","github.com/n-orlov/deck/internal/tui","github.com/n-orlov/deck/internal/tui",""
"","1640","TestFeatures/a_full_enter/exit_cycle_costs_exactly_two_SIGWINCH_with_nobody_attached","","Fri Sep 25 21:39:00 BST 2026","passed","Fri Sep 25 21:39:01 BST 2026","","github.com/n-orlov/deck/features","github.com/n-orlov/deck/features",""
"","60","TestDispatcherSendLiteralDeliversZeroTrailingSemicolons","","Fri Sep 25 21:38:11 BST 2026","passed","Fri Sep 25 21:38:11 BST 2026","","github.com/n-orlov/deck/internal/tmux","github.com/n-orlov/deck/internal/tmux",""
"","2110","TestFeatures/DECK_MOUSE=0_disables_every_mouse_gesture,_and_only_the_shortcut_is_lost","","Fri Sep 25 21:39:00 BST 2026","passed","Fri Sep 25 21:39:02 BST 2026","","github.com/n-orlov/deck/features","github.com/n-orlov/deck/features",""
"","60","TestRenderCoalescerNeverFiresWithoutADirtySignal","","Fri Sep 25 21:37:23 BST 2026","passed","Fri Sep 25 21:37:23 BST 2026","","github.com/n-orlov/deck/internal/interactive","github.com/n-orlov/deck/internal/interactive",""
"","1620","TestFeatures/a_succeeding_pre-launch_command,_typed_into_the_create_dialog,_runs_before_the_agent_starts","","Fri Sep 25 21:39:00 BST 2026","passed","Fri Sep 25 21:39:01 BST 2026","","github.com/n-orlov/deck/features","github.com/n-orlov/deck/features",""
"","0","TestCropMarkerAndGeometryLineCarryExplicitForeground/cobalt","","Fri Sep 25 21:38:41 BST 2026","passed","Fri Sep 25 21:38:41 BST 2026","","github.com/n-orlov/deck/internal/tui","github.com/n-orlov/deck/internal/tui",""
"","0","TestRejectsUnknownFlags","","Fri Sep 25 21:36:33 BST 2026","passed","Fri Sep 25 21:36:33 BST 2026","","github.com/n-orlov/deck/cmd/fake-pi","github.com/n-orlov/deck/cmd/fake-pi",""
"","1750","TestFeatures/A_session_the_user_killed_is_not_resurrected_by_a_late_hook","","Fri Sep 25 21:39:00 BST 2026","passed","Fri Sep 25 21:39:01 BST 2026","","github.com/n-orlov/deck/features","github.com/n-orlov/deck/features",""
"","1400","TestFeatures/a_running_hook_cannot_undo_an_explicit_user_kill","","Fri Sep 25 21:39:00 BST 2026","passed","Fri Sep 25 21:39:01 BST 2026","","github.com/n-orlov/deck/features","github.com/n-orlov/deck/features",""
"","0","TestStackedModeUnaffectedBySeamRule","","Fri Sep 25 21:38:41 BST 2026","passed","Fri Sep 25 21:38:41 BST 2026","","github.com/n-orlov/deck/internal/tui","github.com/n-orlov/deck/internal/tui",""
"","0","TestListFooterNamesTheHeaderCursorFoldKeys/unicode","","Fri Sep 25 21:38:41 BST 2026","passed","Fri Sep 25 21:38:41 BST 2026","","github.com/n-orlov/deck/internal/tui","github.com/n-orlov/deck/internal/tui",""
"","20","TestSendKeysLiteralFailureIsNotARGMAX","","Fri Sep 25 21:38:11 BST 2026","passed","Fri Sep 25 21:38:11 BST 2026","","github.com/n-orlov/deck/internal/tmux","github.com/n-orlov/deck/internal/tmux",""
"","570","TestFeatures/a_user_theme_placed_in_the_scenario's_own_themes_directory_(the_$XDG_CONFIG_HOME/deck/themes_layout)_is_discovered_and_applied_on_a_real_client","","Fri Sep 25 21:39:00 BST 2026","passed","Fri Sep 25 21:39:00 BST 2026","","github.com/n-orlov/deck/features","github.com/n-orlov/deck/features",""
"","220","TestEnterInteractiveAttachmentFailureUnwinds","","Fri Sep 25 21:38:41 BST 2026","passed","Fri Sep 25 21:38:41 BST 2026","","github.com/n-orlov/deck/internal/tui","github.com/n-orlov/deck/internal/tui",""
"","985","d followed by any other key performs no destructive action","","","passed","","","Undo toast after x, and the dd delete/tombstone chord","",""
"","0","TestSessionScopedKeysAreInertOnAHeader/enter","","Fri Sep 25 21:38:41 BST 2026","passed","Fri Sep 25 21:38:41 BST 2026","","github.com/n-orlov/deck/internal/tui","github.com/n-orlov/deck/internal/tui",""
"","0","TestArchiveKeyOpensAConfirmAndWritesNothing","","Fri Sep 25 21:38:41 BST 2026","passed","Fri Sep 25 21:38:41 BST 2026","","github.com/n-orlov/deck/internal/tui","github.com/n-orlov/deck/internal/tui",""
"","0","TestSessionResumedNoopOutcomesLeaveTheLatchSetAndIssueNoFit/outcome=2","","Fri Sep 25 21:38:41 BST 2026","passed","Fri Sep 25 21:38:41 BST 2026","","github.com/n-orlov/deck/internal/tui","github.com/n-orlov/deck/internal/tui",""
"","0","TestArchiveUndoWithNoTeardownHookSaysNothingAboutRebuilding","","Fri Sep 25 21:38:41 BST 2026","passed","Fri Sep 25 21:38:41 BST 2026","","github.com/n-orlov/deck/internal/tui","github.com/n-orlov/deck/internal/tui",""
"","1200","TestFeatures/tab_lists_the_candidates_when_it_cannot_advance_the_text_further,_and_selecting_one_fills_the_field","","Fri Sep 25 21:39:00 BST 2026","passed","Fri Sep 25 21:39:01 BST 2026","","github.com/n-orlov/deck/features","github.com/n-orlov/deck/features",""
"","110","TestPinWindowSizeHoldsAWindowThatNeededNoResize","","Fri Sep 25 21:38:11 BST 2026","passed","Fri Sep 25 21:38:11 BST 2026","","github.com/n-orlov/deck/internal/tmux","github.com/n-orlov/deck/internal/tmux",""
"","20","TestSendKeysDoubleDashHelpWithoutSeparatorErrors","","Fri Sep 25 21:38:11 BST 2026","passed","Fri Sep 25 21:38:11 BST 2026","","github.com/n-orlov/deck/internal/tmux","github.com/n-orlov/deck/internal/tmux",""
"","0","TestArchivePurgeAndRefusalMessagesStayWithinFrameBudgetAtEveryLayoutMode/Cannot_archive:_session_is_already_archived/collapsed","","Fri Sep 25 21:38:41 BST 2026","passed","Fri Sep 25 21:38:41 BST 2026","","github.com/n-orlov/deck/internal/tui","github.com/n-orlov/deck/internal/tui",""
"","0","TestDeleteUndoNoteStaysWithinFrameBudgetAtEveryLayoutMode/batch-delete-undo/side-by-side","","Fri Sep 25 21:38:41 BST 2026","passed","Fri Sep 25 21:38:41 BST 2026","","github.com/n-orlov/deck/internal/tui","github.com/n-orlov/deck/internal/tui",""
"","0","TestInteractiveGridIsBlankStripsANSIAndDetectsVisibleText","","Fri Sep 25 21:38:41 BST 2026","passed","Fri Sep 25 21:38:41 BST 2026","","github.com/n-orlov/deck/internal/tui","github.com/n-orlov/deck/internal/tui",""
"","0","TestArchivePurgeAndRefusalMessagesStayWithinFrameBudgetAtEveryLayoutMode/Archiving_is_unavailable/collapsed","","Fri Sep 25 21:38:41 BST 2026","passed","Fri Sep 25 21:38:41 BST 2026","","github.com/n-orlov/deck/internal/tui","github.com/n-orlov/deck/internal/tui",""
"","0","TestSchemaPinsKeySet","","Fri Sep 25 21:37:05 BST 2026","passed","Fri Sep 25 21:37:05 BST 2026","","github.com/n-orlov/deck/internal/config","github.com/n-orlov/deck/internal/config",""
"","0","TestPreviewBodyLinesNoLivePaneStates","","Fri Sep 25 21:38:41 BST 2026","passed","Fri Sep 25 21:38:41 BST 2026","","github.com/n-orlov/deck/internal/tui","github.com/n-orlov/deck/internal/tui",""
"","0","TestThemedDialogTokensClearContrastFloor/parchment","","Fri Sep 25 21:38:10 BST 2026","passed","Fri Sep 25 21:38:10 BST 2026","","github.com/n-orlov/deck/internal/theme","github.com/n-orlov/deck/internal/theme",""
"","0","TestDeleteConfirmPurgeShowsExactPathForClaudeWithATranscript","","Fri Sep 25 21:38:41 BST 2026","passed","Fri Sep 25 21:38:41 BST 2026","","github.com/n-orlov/deck/internal/tui","github.com/n-orlov/deck/internal/tui",""
"","60","TestPromoteRecentCwdEvictsBeyondCallerSuppliedLimit","","Fri Sep 25 21:38:00 BST 2026","passed","Fri Sep 25 21:38:00 BST 2026","","github.com/n-orlov/deck/internal/store","github.com/n-orlov/deck/internal/store",""
"","60","TestEventLogStaysWithinFrameBudgetAt80x24","","Fri Sep 25 21:38:41 BST 2026","passed","Fri Sep 25 21:38:41 BST 2026","","github.com/n-orlov/deck/internal/tui","github.com/n-orlov/deck/internal/tui",""
"","1834","a live in-TTL lease blocks a second launch and the row stays usable","","","passed","","","Launch-lease stale/live breaking","",""
"","60","TestReceiveCodexFiveEvents/PermissionRequest_Bash","","Fri Sep 25 21:37:06 BST 2026","passed","Fri Sep 25 21:37:06 BST 2026","","github.com/n-orlov/deck/internal/hookrecv","github.com/n-orlov/deck/internal/hookrecv",""
"","190","TestOpenMigratesV1FixtureToUIStateWithoutRecreatingSessionRow","","Fri Sep 25 21:38:00 BST 2026","passed","Fri Sep 25 21:38:00 BST 2026","","github.com/n-orlov/deck/internal/store","github.com/n-orlov/deck/internal/store",""
"","60","TestCaptureTransportNoticesDeadPaneAndClosesCleanly","","Fri Sep 25 21:37:23 BST 2026","passed","Fri Sep 25 21:37:23 BST 2026","","github.com/n-orlov/deck/internal/interactive","github.com/n-orlov/deck/internal/interactive",""
"","0","TestCodex_InstrumentWritesNoFilesAnywhereUnderCodexHome","","Fri Sep 25 21:37:05 BST 2026","passed","Fri Sep 25 21:37:05 BST 2026","","github.com/n-orlov/deck/internal/agent","github.com/n-orlov/deck/internal/agent",""
"","0","TestSortOrderFallbackNoticeShownOnFirstPaint","","Fri Sep 25 21:38:41 BST 2026","passed","Fri Sep 25 21:38:41 BST 2026","","github.com/n-orlov/deck/internal/tui","github.com/n-orlov/deck/internal/tui",""
"","40","TestSendNamedKeyDeliversAltModifiedNavigationKeysByTmuxsOwnTranslation/M-F4","","Fri Sep 25 21:38:11 BST 2026","passed","Fri Sep 25 21:38:11 BST 2026","","github.com/n-orlov/deck/internal/tmux","github.com/n-orlov/deck/internal/tmux",""
"","0","TestConcurrentSharedClockStepsAreSerialized","","Fri Sep 25 21:37:05 BST 2026","passed","Fri Sep 25 21:37:05 BST 2026","","github.com/n-orlov/deck/internal/config","github.com/n-orlov/deck/internal/config",""
"","0","TestSidebarGutterCellsNeverFallBackToCanvasForeground/matrix","","Fri Sep 25 21:38:41 BST 2026","passed","Fri Sep 25 21:38:41 BST 2026","","github.com/n-orlov/deck/internal/tui","github.com/n-orlov/deck/internal/tui",""
"","0","TestAcceptsOnlyDocumentedApprovalValues","","Fri Sep 25 21:36:33 BST 2026","passed","Fri Sep 25 21:36:33 BST 2026","","github.com/n-orlov/deck/cmd/fake-codex","github.com/n-orlov/deck/cmd/fake-codex",""
"","30","TestDeckOwnedCellsCarryExplicitForegroundOnEveryBuiltin/parchment","","Fri Sep 25 21:38:41 BST 2026","passed","Fri Sep 25 21:38:41 BST 2026","","github.com/n-orlov/deck/internal/tui","github.com/n-orlov/deck/internal/tui",""
"","2000","TestFeatures/R_restarts_a_claude_session,_recording_environment_key_names_in_the_launch_audit_but_never_a_value","","Fri Sep 25 21:39:00 BST 2026","passed","Fri Sep 25 21:39:02 BST 2026","","github.com/n-orlov/deck/features","github.com/n-orlov/deck/features",""
"","0","TestDriftEndingKeysBringSelectionBackIntoView/key=""i""","","Fri Sep 25 21:38:41 BST 2026","passed","Fri Sep 25 21:38:41 BST 2026","","github.com/n-orlov/deck/internal/tui","github.com/n-orlov/deck/internal/tui",""
"","0","TestRestartChoiceNoteIsError","","Fri Sep 25 21:38:41 BST 2026","passed","Fri Sep 25 21:38:41 BST 2026","","github.com/n-orlov/deck/internal/tui","github.com/n-orlov/deck/internal/tui",""
"","0","TestSettingsSearchBackspaceShortensQuery","","Fri Sep 25 21:38:41 BST 2026","passed","Fri Sep 25 21:38:41 BST 2026","","github.com/n-orlov/deck/internal/tui","github.com/n-orlov/deck/internal/tui",""
"","2301","choosing purge in the delete confirm leaves its adversarially-seeded cwd fingerprint unchanged","","","passed","","","Undo toast after x, and the dd delete/tombstone chord","",""
"","0","TestSortSessionsByAttentionStableFallsBackToIDWithNoPreviousFrame","","Fri Sep 25 21:38:41 BST 2026","passed","Fri Sep 25 21:38:41 BST 2026","","github.com/n-orlov/deck/internal/tui","github.com/n-orlov/deck/internal/tui",""
"","950","TestFeatures/the_filter_is_the_only_route_back_to_a_row_hidden_by_A_archive","","Fri Sep 25 21:39:00 BST 2026","passed","Fri Sep 25 21:39:00 BST 2026","","github.com/n-orlov/deck/features","github.com/n-orlov/deck/features",""
"","70","TestListArchivedSessionsIsTheOnlyRouteBackToAnArchivedRow","","Fri Sep 25 21:38:00 BST 2026","passed","Fri Sep 25 21:38:00 BST 2026","","github.com/n-orlov/deck/internal/store","github.com/n-orlov/deck/internal/store",""
"","0","TestSettingsFieldValueDisplayPerKind/enum_selected","","Fri Sep 25 21:38:41 BST 2026","passed","Fri Sep 25 21:38:41 BST 2026","","github.com/n-orlov/deck/internal/tui","github.com/n-orlov/deck/internal/tui",""
"","0","TestDriftEndingKeysBringSelectionBackIntoView/key=""s""","","Fri Sep 25 21:38:41 BST 2026","passed","Fri Sep 25 21:38:41 BST 2026","","github.com/n-orlov/deck/internal/tui","github.com/n-orlov/deck/internal/tui",""
"","20","TestFooterLegendGlyphSetIsClosedAgainstSpec","","Fri Sep 25 21:38:41 BST 2026","passed","Fri Sep 25 21:38:41 BST 2026","","github.com/n-orlov/deck/internal/tui","github.com/n-orlov/deck/internal/tui",""
"","0","TestFilterByNameShowsOnlyTheMatchingRow","","Fri Sep 25 21:38:41 BST 2026","passed","Fri Sep 25 21:38:41 BST 2026","","github.com/n-orlov/deck/internal/tui","github.com/n-orlov/deck/internal/tui",""
"","731","every category and its schema-declared fields are reachable, including the honestly-unavailable [notify] entry","","","passed","","","The `,` settings takeover (requirement 48)","",""
"","60","TestCreateSessionReapsTombstonedNameHolder","","Fri Sep 25 21:38:00 BST 2026","passed","Fri Sep 25 21:38:00 BST 2026","","github.com/n-orlov/deck/internal/store","github.com/n-orlov/deck/internal/store",""
"","60","TestReceiveHookAppliesOverAnyStaleSourceExceptStopped/UserPromptSubmit/from_running/via_user","","Fri Sep 25 21:37:06 BST 2026","passed","Fri Sep 25 21:37:06 BST 2026","","github.com/n-orlov/deck/internal/hookrecv","github.com/n-orlov/deck/internal/hookrecv",""
"","0","TestInteractiveNamedKeyForwardsEveryAltModifiedSpecialKey","","Fri Sep 25 21:38:41 BST 2026","passed","Fri Sep 25 21:38:41 BST 2026","","github.com/n-orlov/deck/internal/tui","github.com/n-orlov/deck/internal/tui",""
"","0","TestAllDialogsRejectMouseAtBorderBodyAndOutside/detail/outside","","Fri Sep 25 21:38:41 BST 2026","passed","Fri Sep 25 21:38:41 BST 2026","","github.com/n-orlov/deck/internal/tui","github.com/n-orlov/deck/internal/tui",""
"","3210","TestFeatures/a_wheel_drift_over_the_sidebar_survives_several_real_background_reload_ticks","","Fri Sep 25 21:39:00 BST 2026","passed","Fri Sep 25 21:39:03 BST 2026","","github.com/n-orlov/deck/features","github.com/n-orlov/deck/features",""
"","640","TestFeatures/`t`_previews_a_theme_live_on_the_real_list_and_reverts_to_the_exact_original_colour_on_esc","","Fri Sep 25 21:39:00 BST 2026","passed","Fri Sep 25 21:39:00 BST 2026","","github.com/n-orlov/deck/features","github.com/n-orlov/deck/features",""
"","0","TestFooterHandlerAgreementAcrossEveryRowClass/empty_list/↵","","Fri Sep 25 21:38:41 BST 2026","passed","Fri Sep 25 21:38:41 BST 2026","","github.com/n-orlov/deck/internal/tui","github.com/n-orlov/deck/internal/tui",""
"","0","TestSidebarGutterMarkedAndSelectedRowStaysAccent/unicode","","Fri Sep 25 21:38:41 BST 2026","passed","Fri Sep 25 21:38:41 BST 2026","","github.com/n-orlov/deck/internal/tui","github.com/n-orlov/deck/internal/tui",""
"","60","TestReceiveHookAppliesOverAnyStaleSourceExceptStopped/Stop/from_running/via_probe","","Fri Sep 25 21:37:06 BST 2026","passed","Fri Sep 25 21:37:06 BST 2026","","github.com/n-orlov/deck/internal/hookrecv","github.com/n-orlov/deck/internal/hookrecv",""
"","2190","TestFeatures/a_bulk_dd_over_two_marked_rows_runs_each_row's_own_teardown_hook_exactly_once,_under_its_own_DECK_SESSION_ID","","Fri Sep 25 21:39:00 BST 2026","passed","Fri Sep 25 21:39:02 BST 2026","","github.com/n-orlov/deck/features","github.com/n-orlov/deck/features",""
"","1700","TestFeatures/pin_dialog_--_esc_after_altering_its_field_leaves_the_persisted_resume_mode_untouched","","Fri Sep 25 21:39:00 BST 2026","passed","Fri Sep 25 21:39:01 BST 2026","","github.com/n-orlov/deck/features","github.com/n-orlov/deck/features",""
"","60","TestSettingsFooterCarriesDeckBackground","","Fri Sep 25 21:38:41 BST 2026","passed","Fri Sep 25 21:38:41 BST 2026","","github.com/n-orlov/deck/internal/tui","github.com/n-orlov/deck/internal/tui",""
"","0","TestThemePickerMouseIgnoredWhileOpen","","Fri Sep 25 21:38:41 BST 2026","passed","Fri Sep 25 21:38:41 BST 2026","","github.com/n-orlov/deck/internal/tui","github.com/n-orlov/deck/internal/tui",""
"","0","TestCreateFieldRowsPreLaunchLoginShellLaunchArgsDescribeWhatTheyDo","","Fri Sep 25 21:38:41 BST 2026","passed","Fri Sep 25 21:38:41 BST 2026","","github.com/n-orlov/deck/internal/tui","github.com/n-orlov/deck/internal/tui",""
"","100","TestReceiveHookAppliesOverAnyStaleSourceExceptStopped/Notification/from_idle/via_user","","Fri Sep 25 21:37:06 BST 2026","passed","Fri Sep 25 21:37:06 BST 2026","","github.com/n-orlov/deck/internal/hookrecv","github.com/n-orlov/deck/internal/hookrecv",""
"","1440","the header cursor is reachable with the arrow keys, and c folds the group under it","","","passed","","","SPEC §11's group navigation and order (Phase 4c Tier 1+2 -- GH #31, #32, #33, #34)","",""
"","110","TestReceiveHookAppliesOverAnyStaleSourceExceptStopped/Stop/from_error/via_probe","","Fri Sep 25 21:37:06 BST 2026","passed","Fri Sep 25 21:37:06 BST 2026","","github.com/n-orlov/deck/internal/hookrecv","github.com/n-orlov/deck/internal/hookrecv",""
"","100","TestDeleteGroupThenCreateNewGroupNeverReusesTheDeletedID","","Fri Sep 25 21:38:00 BST 2026","passed","Fri Sep 25 21:38:00 BST 2026","","github.com/n-orlov/deck/internal/store","github.com/n-orlov/deck/internal/store",""
"","10","TestSettingsScopeParityMatchesSaveBehaviour/ui.theme","","Fri Sep 25 21:38:41 BST 2026","passed","Fri Sep 25 21:38:41 BST 2026","","github.com/n-orlov/deck/internal/tui","github.com/n-orlov/deck/internal/tui",""
"","0","TestPinStyledBodyMatchesPlainBodyOnceStripped","","Fri Sep 25 21:38:41 BST 2026","passed","Fri Sep 25 21:38:41 BST 2026","","github.com/n-orlov/deck/internal/tui","github.com/n-orlov/deck/internal/tui",""
"","1116","x kills without confirmation and refuses to kill an already-stopped row","","","passed","","","Undo toast after x, and the dd delete/tombstone chord","",""
"","944","a fake agent records its initial size and every SIGWINCH-observed size #2","","","passed","","","Godog harness wiring","",""
"","0","TestFooterKeyLegendReflectsEligibility/,_(settings)_is_a_global_key:_present_with_sessions_and_without","","Fri Sep 25 21:38:41 BST 2026","passed","Fri Sep 25 21:38:41 BST 2026","","github.com/n-orlov/deck/internal/tui","github.com/n-orlov/deck/internal/tui",""
"","0","TestCodex_ResumeArgv/safe","","Fri Sep 25 21:37:05 BST 2026","passed","Fri Sep 25 21:37:05 BST 2026","","github.com/n-orlov/deck/internal/agent","github.com/n-orlov/deck/internal/agent",""
"","0","TestAllDialogsRejectMouseAtBorderBodyAndOutside/detail/border","","Fri Sep 25 21:38:41 BST 2026","passed","Fri Sep 25 21:38:41 BST 2026","","github.com/n-orlov/deck/internal/tui","github.com/n-orlov/deck/internal/tui",""
"","0","TestClickInsideOverlayStillDoesNothing/rename_dialog_(not_scrollable)","","Fri Sep 25 21:38:41 BST 2026","passed","Fri Sep 25 21:38:41 BST 2026","","github.com/n-orlov/deck/internal/tui","github.com/n-orlov/deck/internal/tui",""
"","780","TestFeatures/a_coloured_pane's_SGR_escapes_never_shear_the_preview's_border","","Fri Sep 25 21:39:00 BST 2026","passed","Fri Sep 25 21:39:00 BST 2026","","github.com/n-orlov/deck/features","github.com/n-orlov/deck/features",""
"","0","TestHelpTogglesAndEscapeCloses","","Fri Sep 25 21:38:41 BST 2026","passed","Fri Sep 25 21:38:41 BST 2026","","github.com/n-orlov/deck/internal/tui","github.com/n-orlov/deck/internal/tui",""
"","0","TestExpandCreateCWDNoTildeUnchanged","","Fri Sep 25 21:38:41 BST 2026","passed","Fri Sep 25 21:38:41 BST 2026","","github.com/n-orlov/deck/internal/tui","github.com/n-orlov/deck/internal/tui",""
"","110","TestCreateAgentLoginShellInvocationForm","","Fri Sep 25 21:37:44 BST 2026","passed","Fri Sep 25 21:37:44 BST 2026","","github.com/n-orlov/deck/internal/service","github.com/n-orlov/deck/internal/service",""
"","1460","TestFeatures/the_seam_reads_border_focus_with_the_sidebar_focused,_border_focus_while_interactive,_and_plain_border_with_neither_focused","","Fri Sep 25 21:39:00 BST 2026","passed","Fri Sep 25 21:39:01 BST 2026","","github.com/n-orlov/deck/features","github.com/n-orlov/deck/features",""
"","160","TestResumeLosingLeaseCreatesNoTMuxSession","","Fri Sep 25 21:37:44 BST 2026","passed","Fri Sep 25 21:37:44 BST 2026","","github.com/n-orlov/deck/internal/service","github.com/n-orlov/deck/internal/service",""
"","1875","R's restart path is still available and separately provable for a shell session","","","passed","","","The `e` env editor shows the effective value and winning layer per key, and writes an edit (requirements 20 and task 021, SPEC §6.1/§6.3)","",""
"","2098","a session created and then resumed records DECK_SESSION_LAUNCH_KIND as create, then resume","","","passed","","","Every pane carries its own session's DECK_SESSION_* context (R104, SPEC §6.1)","",""
"","1334","with only codex installed the Agent field offers shell and codex but not claude or pi","","","passed","","","Nothing installed means the Agent field offers only shell (requirement 114)","",""
"","0","TestCombinedAltRuneWriteDecodesAsOneAltKeypress","","Fri Sep 25 21:37:23 BST 2026","passed","Fri Sep 25 21:37:23 BST 2026","","github.com/n-orlov/deck/internal/interactive","github.com/n-orlov/deck/internal/interactive",""
"","170","TestResumeReleasesItsLaunchLeaseWhenTheLaunchCompletes","","Fri Sep 25 21:37:44 BST 2026","passed","Fri Sep 25 21:37:44 BST 2026","","github.com/n-orlov/deck/internal/service","github.com/n-orlov/deck/internal/service",""
"","0","TestDeckOwnedCellsCarryExplicitForegroundOnEveryBuiltin/daylight/startup_banner","","Fri Sep 25 21:38:41 BST 2026","passed","Fri Sep 25 21:38:41 BST 2026","","github.com/n-orlov/deck/internal/tui","github.com/n-orlov/deck/internal/tui",""
"","0","TestArchivePurgeAndRefusalMessagesStayWithinFrameBudgetAtEveryLayoutMode/Cannot_archive:_session_is_already_archived/stacked","","Fri Sep 25 21:38:41 BST 2026","passed","Fri Sep 25 21:38:41 BST 2026","","github.com/n-orlov/deck/internal/tui","github.com/n-orlov/deck/internal/tui",""
"","0","TestHelpOverlayWidthStaysWithinFrameBudgetAt80ColumnsWithColorOn","","Fri Sep 25 21:38:41 BST 2026","passed","Fri Sep 25 21:38:41 BST 2026","","github.com/n-orlov/deck/internal/tui","github.com/n-orlov/deck/internal/tui",""
"","40","TestSendNamedKeyDeliversModifiedNavigationKeysByTmuxsOwnTranslation/C-Right","","Fri Sep 25 21:38:11 BST 2026","passed","Fri Sep 25 21:38:11 BST 2026","","github.com/n-orlov/deck/internal/tmux","github.com/n-orlov/deck/internal/tmux",""
"","0","TestCreateProfileOptionsForOffersOnlyDeclaredProfiles","","Fri Sep 25 21:38:41 BST 2026","passed","Fri Sep 25 21:38:41 BST 2026","","github.com/n-orlov/deck/internal/tui","github.com/n-orlov/deck/internal/tui",""
"","0","TestSettingsStringEditorRendersTypedTextCursorAndKeys","","Fri Sep 25 21:38:41 BST 2026","passed","Fri Sep 25 21:38:41 BST 2026","","github.com/n-orlov/deck/internal/tui","github.com/n-orlov/deck/internal/tui",""
"","0","TestHeaderCursorLeavesWidthAndLeftColumnUnchanged","","Fri Sep 25 21:38:41 BST 2026","passed","Fri Sep 25 21:38:41 BST 2026","","github.com/n-orlov/deck/internal/tui","github.com/n-orlov/deck/internal/tui",""
"","0","TestSidebarBodyShowsGroupHeadersAndHidesCollapsedRows","","Fri Sep 25 21:38:41 BST 2026","passed","Fri Sep 25 21:38:41 BST 2026","","github.com/n-orlov/deck/internal/tui","github.com/n-orlov/deck/internal/tui",""
"","0","TestCreateFieldRowsHasPostDestroyBesidePreLaunch","","Fri Sep 25 21:38:41 BST 2026","passed","Fri Sep 25 21:38:41 BST 2026","","github.com/n-orlov/deck/internal/tui","github.com/n-orlov/deck/internal/tui",""
"","916","create dialog -- enter submits a valid form","","","passed","","","The §11.4 dialog contract, asserted per dialog (requirements 7, 8, 9, 10, 11, 50)","",""
"","100","TestReceiveDoesNotReviveCleanStopOrProcessCrash/process_crash_row","","Fri Sep 25 21:37:06 BST 2026","passed","Fri Sep 25 21:37:06 BST 2026","","github.com/n-orlov/deck/internal/hookrecv","github.com/n-orlov/deck/internal/hookrecv",""
"","0","TestSessionRowTokensClearContrastFloorOnSurface/matrix","","Fri Sep 25 21:38:10 BST 2026","passed","Fri Sep 25 21:38:10 BST 2026","","github.com/n-orlov/deck/internal/theme","github.com/n-orlov/deck/internal/theme",""
"","0","TestR142NoDriftReloadStillFollowsSelection","","Fri Sep 25 21:38:41 BST 2026","passed","Fri Sep 25 21:38:41 BST 2026","","github.com/n-orlov/deck/internal/tui","github.com/n-orlov/deck/internal/tui",""
"","0","TestDeckOwnedCellsCarryExplicitForegroundOnEveryBuiltin/empire/settings_takeover","","Fri Sep 25 21:38:41 BST 2026","passed","Fri Sep 25 21:38:41 BST 2026","","github.com/n-orlov/deck/internal/tui","github.com/n-orlov/deck/internal/tui",""
"","0","TestCanvasBackgroundAddsNoForegroundWithoutColour","","Fri Sep 25 21:38:41 BST 2026","passed","Fri Sep 25 21:38:41 BST 2026","","github.com/n-orlov/deck/internal/tui","github.com/n-orlov/deck/internal/tui",""
"","925","a stopped session's preview names its own state instead of showing stale bytes","","","passed","","","The preview capture engine and its visible behaviour","",""
"","0","TestUndoToastBudgetHoldsAcrossSizes/70x24","","Fri Sep 25 21:38:41 BST 2026","passed","Fri Sep 25 21:38:41 BST 2026","","github.com/n-orlov/deck/internal/tui","github.com/n-orlov/deck/internal/tui",""
"","0","TestFoldUnfoldHeaderWithZeroTotalSessions/persists_when_a_store_is_attached/left","","Fri Sep 25 21:38:41 BST 2026","passed","Fri Sep 25 21:38:41 BST 2026","","github.com/n-orlov/deck/internal/tui","github.com/n-orlov/deck/internal/tui",""
"","1110","TestFeatures/undoing_a_delete_leaves_its_adversarially-seeded_cwd_fingerprint_unchanged","","Fri Sep 25 21:39:00 BST 2026","passed","Fri Sep 25 21:39:01 BST 2026","","github.com/n-orlov/deck/features","github.com/n-orlov/deck/features",""
"","0","TestCreateModalDefaultsToSafeWhenYoloDefaultFalse","","Fri Sep 25 21:38:41 BST 2026","passed","Fri Sep 25 21:38:41 BST 2026","","github.com/n-orlov/deck/internal/tui","github.com/n-orlov/deck/internal/tui",""
"","0","TestSettingsFooterCarriesDeckBackground/cobalt/discard","","Fri Sep 25 21:38:41 BST 2026","passed","Fri Sep 25 21:38:41 BST 2026","","github.com/n-orlov/deck/internal/tui","github.com/n-orlov/deck/internal/tui",""
"","2070","TestFeatures/folding_the_interactive_session's_own_group_keeps_that_session's_name_in_the_live_preview_border,_with_its_window_geometry_and_ownership_untouched","","Fri Sep 25 21:39:00 BST 2026","passed","Fri Sep 25 21:39:02 BST 2026","","github.com/n-orlov/deck/features","github.com/n-orlov/deck/features",""
"","20","TestClaimStateProbeUnsetOnAFreshWindow","","Fri Sep 25 21:38:11 BST 2026","passed","Fri Sep 25 21:38:11 BST 2026","","github.com/n-orlov/deck/internal/tmux","github.com/n-orlov/deck/internal/tmux",""
"","0","TestSGRMouseEncodesColumnsPastX10Ceiling/press_at_column_224","","Fri Sep 25 21:36:35 BST 2026","passed","Fri Sep 25 21:36:35 BST 2026","","github.com/n-orlov/deck/features","github.com/n-orlov/deck/features",""
"","1947","attach acknowledges a live error without replacing its verdict","","","passed","","","Attaching records the selected attention episode","",""
"","0","TestThemedDialogsDegradeCleanlyUnderNoColorAndASCII/create_modal","","Fri Sep 25 21:38:41 BST 2026","passed","Fri Sep 25 21:38:41 BST 2026","","github.com/n-orlov/deck/internal/tui","github.com/n-orlov/deck/internal/tui",""
"","0","TestMaskEventPayloadLeavesNonJSONPayloadUnchanged","","Fri Sep 25 21:38:41 BST 2026","passed","Fri Sep 25 21:38:41 BST 2026","","github.com/n-orlov/deck/internal/tui","github.com/n-orlov/deck/internal/tui",""
"","0","TestAllDialogsRejectMouseAtBorderBodyAndOutside/rename/outside","","Fri Sep 25 21:38:41 BST 2026","passed","Fri Sep 25 21:38:41 BST 2026","","github.com/n-orlov/deck/internal/tui","github.com/n-orlov/deck/internal/tui",""
"","140","TestReconcilerStopsDisappearedSessionAndDoesNotRelaunchServer","","Fri Sep 25 21:37:44 BST 2026","passed","Fri Sep 25 21:37:44 BST 2026","","github.com/n-orlov/deck/internal/service","github.com/n-orlov/deck/internal/service",""
"","940","TestFeatures/Session_end_performs_one_write_and_no_subsequent_work","","Fri Sep 25 21:39:00 BST 2026","passed","Fri Sep 25 21:39:00 BST 2026","","github.com/n-orlov/deck/features","github.com/n-orlov/deck/features",""
"","0","TestFilterByGroupShowsOnlyTheMatchingRow","","Fri Sep 25 21:38:41 BST 2026","passed","Fri Sep 25 21:38:41 BST 2026","","github.com/n-orlov/deck/internal/tui","github.com/n-orlov/deck/internal/tui",""
"","50","TestDispatcherRejectsOnPaneDead","","Fri Sep 25 21:38:11 BST 2026","passed","Fri Sep 25 21:38:11 BST 2026","","github.com/n-orlov/deck/internal/tmux","github.com/n-orlov/deck/internal/tmux",""
"","0","TestPi_LaunchAndResumeUseSessionID/safe/launch","","Fri Sep 25 21:37:05 BST 2026","passed","Fri Sep 25 21:37:05 BST 2026","","github.com/n-orlov/deck/internal/agent","github.com/n-orlov/deck/internal/agent",""
"","0","TestListFooterNamesTheHeaderCursorFoldKeys","","Fri Sep 25 21:38:41 BST 2026","passed","Fri Sep 25 21:38:41 BST 2026","","github.com/n-orlov/deck/internal/tui","github.com/n-orlov/deck/internal/tui",""
"","0","TestCodex_ResumeArgv","","Fri Sep 25 21:37:05 BST 2026","passed","Fri Sep 25 21:37:05 BST 2026","","github.com/n-orlov/deck/internal/agent","github.com/n-orlov/deck/internal/agent",""
"","60","TestSuccessfulCreatePersistsLastCreateAgent","","Fri Sep 25 21:38:41 BST 2026","passed","Fri Sep 25 21:38:41 BST 2026","","github.com/n-orlov/deck/internal/tui","github.com/n-orlov/deck/internal/tui",""
"","0","TestListShowsProfileBadgeForAgentsAndNoneForShell","","Fri Sep 25 21:38:41 BST 2026","passed","Fri Sep 25 21:38:41 BST 2026","","github.com/n-orlov/deck/internal/tui","github.com/n-orlov/deck/internal/tui",""
"","1838","choosing purge in the delete confirm removes only the codex agent's declared transcript file","","","passed","","","Undo toast after x, and the dd delete/tombstone chord","",""
"","0","TestHitTestStackedModeResolvesRowsAndPreview","","Fri Sep 25 21:38:41 BST 2026","passed","Fri Sep 25 21:38:41 BST 2026","","github.com/n-orlov/deck/internal/tui","github.com/n-orlov/deck/internal/tui",""
"","0","TestBuildSeedFieldOrderAndPerFieldEscapes/allOn","","Fri Sep 25 21:37:23 BST 2026","passed","Fri Sep 25 21:37:23 BST 2026","","github.com/n-orlov/deck/internal/interactive","github.com/n-orlov/deck/internal/interactive",""
"","940","TestFeatures/killing_a_session_leaves_its_adversarially-seeded_cwd_fingerprint_unchanged","","Fri Sep 25 21:39:00 BST 2026","passed","Fri Sep 25 21:39:00 BST 2026","","github.com/n-orlov/deck/features","github.com/n-orlov/deck/features",""
"","0","TestDialogWidthClampedToViewport/lands_exactly_on_the_lower_clamp","","Fri Sep 25 21:38:41 BST 2026","passed","Fri Sep 25 21:38:41 BST 2026","","github.com/n-orlov/deck/internal/tui","github.com/n-orlov/deck/internal/tui",""
"","767","wide glyphs in a cropped pane never shear the preview's border","","","passed","","","The preview capture engine and its visible behaviour","",""
"","110","TestReceiveHookAppliesOverAnyStaleSourceExceptStopped/SessionEnd/from_error/via_hook","","Fri Sep 25 21:37:06 BST 2026","passed","Fri Sep 25 21:37:06 BST 2026","","github.com/n-orlov/deck/internal/hookrecv","github.com/n-orlov/deck/internal/hookrecv",""
"","1640","TestFeatures/r_on_a_terminal_row_whose_tmux_session_already_exists_never_reaches_an_error,_however_fast_Reconcile's_self-heal_lands","","Fri Sep 25 21:39:00 BST 2026","passed","Fri Sep 25 21:39:01 BST 2026","","github.com/n-orlov/deck/features","github.com/n-orlov/deck/features",""
"","0","TestConfigFileStaleAfter/seconds","","Fri Sep 25 21:37:05 BST 2026","passed","Fri Sep 25 21:37:05 BST 2026","","github.com/n-orlov/deck/internal/config","github.com/n-orlov/deck/internal/config",""
"","240","TestFourFieldVerifyIsNonVacuousAndDeliversAgainstAnUnmutatedPane","","Fri Sep 25 21:38:11 BST 2026","passed","Fri Sep 25 21:38:11 BST 2026","","github.com/n-orlov/deck/internal/tmux","github.com/n-orlov/deck/internal/tmux",""
"","802","a toggle and a bounded integer are edited in place and ctrl+s writes config.toml to match what the takeover showed","","","passed","","","The `,` settings takeover (requirement 48)","",""
"","1660","TestFeatures/interactive_mode_leaves_and_restores_the_window_when_the_terminal_shrinks_below_the_7-row_floor","","Fri Sep 25 21:39:00 BST 2026","passed","Fri Sep 25 21:39:01 BST 2026","","github.com/n-orlov/deck/features","github.com/n-orlov/deck/features",""
"","1108","undoing a kill leaves its adversarially-seeded cwd fingerprint unchanged","","","passed","","","Undo toast after x, and the dd delete/tombstone chord","",""
"","0","TestSettingsEnvEntriesMaskSecretShapedValueByDefaultAndRevealOnR","","Fri Sep 25 21:38:41 BST 2026","passed","Fri Sep 25 21:38:41 BST 2026","","github.com/n-orlov/deck/internal/tui","github.com/n-orlov/deck/internal/tui",""
"","0","TestWheelInOverlayHonoursMouseOptOut/detail_view","","Fri Sep 25 21:38:41 BST 2026","passed","Fri Sep 25 21:38:41 BST 2026","","github.com/n-orlov/deck/internal/tui","github.com/n-orlov/deck/internal/tui",""
"","0","TestThemePickerDegenerateCandidateLeavesActiveThemeUnchanged","","Fri Sep 25 21:38:41 BST 2026","passed","Fri Sep 25 21:38:41 BST 2026","","github.com/n-orlov/deck/internal/tui","github.com/n-orlov/deck/internal/tui",""
"","800","TestFeatures/private_server_options,_safe_naming,_and_slug_collisions","","Fri Sep 25 21:39:00 BST 2026","passed","Fri Sep 25 21:39:00 BST 2026","","github.com/n-orlov/deck/features","github.com/n-orlov/deck/features",""
"","1000","TestFeatures/create_dialog_--_the_mouse_can_neither_cancel_nor_confirm_it,_at_its_border,_its_body_or_outside_it","","Fri Sep 25 21:39:00 BST 2026","passed","Fri Sep 25 21:39:01 BST 2026","","github.com/n-orlov/deck/features","github.com/n-orlov/deck/features",""
"","1410","TestFeatures//_filters_the_list_down_to_the_group_whose_name_matches,_hiding_a_group_with_no_match_and_its_header","","Fri Sep 25 21:39:00 BST 2026","passed","Fri Sep 25 21:39:01 BST 2026","","github.com/n-orlov/deck/features","github.com/n-orlov/deck/features",""
"","1568","entering interactive mode is refused while another client is attached to the session","","","passed","","","Interactive mode refuses rather than degrades in three named cases (Part II, requirement 47/48)","",""
"","0","TestRejectsSessionIDAndFullAuto","","Fri Sep 25 21:36:33 BST 2026","passed","Fri Sep 25 21:36:33 BST 2026","","github.com/n-orlov/deck/cmd/fake-codex","github.com/n-orlov/deck/cmd/fake-codex",""
"","100","TestReapRemovesCapturesDirAndHistoryFile","","Fri Sep 25 21:37:44 BST 2026","passed","Fri Sep 25 21:37:44 BST 2026","","github.com/n-orlov/deck/internal/service","github.com/n-orlov/deck/internal/service",""
"","0","TestAcceptsRepeatedConfigOverrides","","Fri Sep 25 21:36:33 BST 2026","passed","Fri Sep 25 21:36:33 BST 2026","","github.com/n-orlov/deck/cmd/fake-codex","github.com/n-orlov/deck/cmd/fake-codex",""
"","0","TestSettingsGroupsListLongerThanViewportKeepsSelectionAndEditorVisible/80x24/delete","","Fri Sep 25 21:38:41 BST 2026","passed","Fri Sep 25 21:38:41 BST 2026","","github.com/n-orlov/deck/internal/tui","github.com/n-orlov/deck/internal/tui",""
"","920","TestFeatures/a_confirmed_archive_says_what_happened_and_u_puts_the_row_back_in_the_default_list","","Fri Sep 25 21:39:00 BST 2026","passed","Fri Sep 25 21:39:00 BST 2026","","github.com/n-orlov/deck/features","github.com/n-orlov/deck/features",""
"","1100","submitting the confirm dialog kills the live pane, tombstones the row, and it disappears from the sidebar immediately","","","passed","","","Undo toast after x, and the dd delete/tombstone chord","",""
"","0","TestCodex_InstrumentCommandCarriesNoSessionSpecificSubstring","","Fri Sep 25 21:37:05 BST 2026","passed","Fri Sep 25 21:37:05 BST 2026","","github.com/n-orlov/deck/internal/agent","github.com/n-orlov/deck/internal/agent",""
"","60","TestSupersededLaunchGenerationDropsTheWholeHookClass/SessionEnd/superseded_token","","Fri Sep 25 21:37:06 BST 2026","passed","Fri Sep 25 21:37:06 BST 2026","","github.com/n-orlov/deck/internal/hookrecv","github.com/n-orlov/deck/internal/hookrecv",""
"","0","TestThemedDialogsDegradeCleanlyUnderNoColorAndASCII/profile_picker","","Fri Sep 25 21:38:41 BST 2026","passed","Fri Sep 25 21:38:41 BST 2026","","github.com/n-orlov/deck/internal/tui","github.com/n-orlov/deck/internal/tui",""
"","0","TestSessionResumedNoopOutcomesLeaveTheLatchSetAndIssueNoFit/outcome=3","","Fri Sep 25 21:38:41 BST 2026","passed","Fri Sep 25 21:38:41 BST 2026","","github.com/n-orlov/deck/internal/tui","github.com/n-orlov/deck/internal/tui",""
"","0","TestArchiveKeyEligibilityMatchesFooterPredicate","","Fri Sep 25 21:38:41 BST 2026","passed","Fri Sep 25 21:38:41 BST 2026","","github.com/n-orlov/deck/internal/tui","github.com/n-orlov/deck/internal/tui",""
"","0","TestPermissionAndStopRequireAPromptFirst/stop","","Fri Sep 25 21:36:33 BST 2026","passed","Fri Sep 25 21:36:33 BST 2026","","github.com/n-orlov/deck/cmd/fake-codex","github.com/n-orlov/deck/cmd/fake-codex",""
"","0","TestNormalizeFrame/unfrozen_numeric_minute_age","","Fri Sep 25 21:36:35 BST 2026","passed","Fri Sep 25 21:36:35 BST 2026","","github.com/n-orlov/deck/features","github.com/n-orlov/deck/features",""
"","60","TestReceiveHookAppliesOverAnyStaleSourceExceptStopped/StopFailure/from_stopped/via_tmux","","Fri Sep 25 21:37:06 BST 2026","passed","Fri Sep 25 21:37:06 BST 2026","","github.com/n-orlov/deck/internal/hookrecv","github.com/n-orlov/deck/internal/hookrecv",""
"","30","TestDispatcherSendLiteralDeliversADashPrefixedPayloadCorrectly","","Fri Sep 25 21:38:11 BST 2026","passed","Fri Sep 25 21:38:11 BST 2026","","github.com/n-orlov/deck/internal/tmux","github.com/n-orlov/deck/internal/tmux",""
"","0","TestConfigFileMalformedIsRejected/no_equals","","Fri Sep 25 21:37:05 BST 2026","passed","Fri Sep 25 21:37:05 BST 2026","","github.com/n-orlov/deck/internal/config","github.com/n-orlov/deck/internal/config",""
"","0","TestSessionRowRenderGoldenIsByteIdentical","","Fri Sep 25 21:38:41 BST 2026","passed","Fri Sep 25 21:38:41 BST 2026","","github.com/n-orlov/deck/internal/tui","github.com/n-orlov/deck/internal/tui",""
"","1318","archiving an already-stopped session leaves its adversarially-seeded cwd fingerprint unchanged","","","passed","","","Undo toast after x, and the dd delete/tombstone chord","",""
"","10","TestSettingsScopeParityEnvOverrideExemption","","Fri Sep 25 21:38:41 BST 2026","passed","Fri Sep 25 21:38:41 BST 2026","","github.com/n-orlov/deck/internal/tui","github.com/n-orlov/deck/internal/tui",""
"","1347","sort_order = name orders case-insensitively ascending","","","passed","","","`[ui] sort_order` -- attention, created, activity and name orders (requirement R53)","",""
"","0","TestFullBoxPreviewContentLineDistinguishesAttachedFromUnattached","","Fri Sep 25 21:38:41 BST 2026","passed","Fri Sep 25 21:38:41 BST 2026","","github.com/n-orlov/deck/internal/tui","github.com/n-orlov/deck/internal/tui",""
"","90","TestSettingsGroupDeleteDBranchUndoDoesNotRebindOntoAGroupCreatedMeanwhile","","Fri Sep 25 21:38:41 BST 2026","passed","Fri Sep 25 21:38:41 BST 2026","","github.com/n-orlov/deck/internal/tui","github.com/n-orlov/deck/internal/tui",""
"","40","TestClaimStateProbeStillMineOnAnUnstolenClaim","","Fri Sep 25 21:38:11 BST 2026","passed","Fri Sep 25 21:38:11 BST 2026","","github.com/n-orlov/deck/internal/tmux","github.com/n-orlov/deck/internal/tmux",""
"","2990","TestFeatures/a_refused_plain_entry_names_F,_and_only_B's_forced_steal_is_durably_attached","","Fri Sep 25 21:39:00 BST 2026","passed","Fri Sep 25 21:39:02 BST 2026","","github.com/n-orlov/deck/features","github.com/n-orlov/deck/features",""
"","40","TestSendNamedKeyDeliversAltModifiedNavigationKeysByTmuxsOwnTranslation/M-F12","","Fri Sep 25 21:38:11 BST 2026","passed","Fri Sep 25 21:38:11 BST 2026","","github.com/n-orlov/deck/internal/tmux","github.com/n-orlov/deck/internal/tmux",""
"","80","TestUnfilteredSidebarAlwaysRendersDefaultWithZeroSessionsAndZeroGroups","","Fri Sep 25 21:38:41 BST 2026","passed","Fri Sep 25 21:38:41 BST 2026","","github.com/n-orlov/deck/internal/tui","github.com/n-orlov/deck/internal/tui",""
"","0","TestRenderedFixturesProbeToTheRealPiVerdict/pi/error.txt","","Fri Sep 25 21:36:33 BST 2026","passed","Fri Sep 25 21:36:33 BST 2026","","github.com/n-orlov/deck/cmd/fake-pi","github.com/n-orlov/deck/cmd/fake-pi",""
"","1182","U inside the filter's results returns the archived row to the default list","","","passed","","","The / list filter: by name, group and cwd, and the route back to an archived row (I-10, task 123; re-aimed off workspace by task 015/R129 part 4)","",""
"","70","TestArchiveSessionSetsArchivedAtAndHidesFromListSessions","","Fri Sep 25 21:38:00 BST 2026","passed","Fri Sep 25 21:38:00 BST 2026","","github.com/n-orlov/deck/internal/store","github.com/n-orlov/deck/internal/store",""
"","0","TestSessionResumedNoopOutcomesLeaveTheLatchSetAndIssueNoFit/outcome=1","","Fri Sep 25 21:38:41 BST 2026","passed","Fri Sep 25 21:38:41 BST 2026","","github.com/n-orlov/deck/internal/tui","github.com/n-orlov/deck/internal/tui",""
"","90","TestReceiveHookAppliesOverAnyStaleSourceExceptStopped/UserPromptSubmit/from_idle/via_user","","Fri Sep 25 21:37:06 BST 2026","passed","Fri Sep 25 21:37:06 BST 2026","","github.com/n-orlov/deck/internal/hookrecv","github.com/n-orlov/deck/internal/hookrecv",""
"","0","TestAllDialogsRejectMouseAtBorderBodyAndOutside/profile/border","","Fri Sep 25 21:38:41 BST 2026","passed","Fri Sep 25 21:38:41 BST 2026","","github.com/n-orlov/deck/internal/tui","github.com/n-orlov/deck/internal/tui",""
"","1040","TestFeatures/the_dd_confirm_dialog_width_saturates_at_80_well_past_the_upper_clamp","","Fri Sep 25 21:39:00 BST 2026","passed","Fri Sep 25 21:39:01 BST 2026","","github.com/n-orlov/deck/features","github.com/n-orlov/deck/features",""
"","0","TestStepRequiresFrozenClockAndIncrement/step_only","","Fri Sep 25 21:37:05 BST 2026","passed","Fri Sep 25 21:37:05 BST 2026","","github.com/n-orlov/deck/internal/config","github.com/n-orlov/deck/internal/config",""
"","710","TestFeatures/a_tilde-prefixed_working_directory_is_accepted_and_resolved","","Fri Sep 25 21:39:00 BST 2026","passed","Fri Sep 25 21:39:00 BST 2026","","github.com/n-orlov/deck/features","github.com/n-orlov/deck/features",""
"","0","TestEscClearsAFilterHeldInForceWithoutReopeningTheField","","Fri Sep 25 21:38:41 BST 2026","passed","Fri Sep 25 21:38:41 BST 2026","","github.com/n-orlov/deck/internal/tui","github.com/n-orlov/deck/internal/tui",""
"","0","TestSessionsReloadErrorClearsOnNextSuccessfulReload","","Fri Sep 25 21:38:41 BST 2026","passed","Fri Sep 25 21:38:41 BST 2026","","github.com/n-orlov/deck/internal/tui","github.com/n-orlov/deck/internal/tui",""
"","0","TestSidebarGutterMarkedAndSelectedRowStaysAccent/ascii","","Fri Sep 25 21:38:41 BST 2026","passed","Fri Sep 25 21:38:41 BST 2026","","github.com/n-orlov/deck/internal/tui","github.com/n-orlov/deck/internal/tui",""
"","2150","TestFeatures/a_built-in_theme_colours_the_stopped_status_token,_read_per_cell_from_a_real_client","","Fri Sep 25 21:39:00 BST 2026","passed","Fri Sep 25 21:39:02 BST 2026","","github.com/n-orlov/deck/features","github.com/n-orlov/deck/features",""
"","90","TestThemedDialogsDegradeCleanlyUnderNoColorAndASCII/event_log/populated","","Fri Sep 25 21:38:41 BST 2026","passed","Fri Sep 25 21:38:41 BST 2026","","github.com/n-orlov/deck/internal/tui","github.com/n-orlov/deck/internal/tui",""
"","100","TestReceiveSessionStartFollowsLiveConversation","","Fri Sep 25 21:37:06 BST 2026","passed","Fri Sep 25 21:37:06 BST 2026","","github.com/n-orlov/deck/internal/hookrecv","github.com/n-orlov/deck/internal/hookrecv",""
"","0","TestFoldUnfoldHeaderWithZeroTotalSessions/overlays_stay_no-ops","","Fri Sep 25 21:38:41 BST 2026","passed","Fri Sep 25 21:38:41 BST 2026","","github.com/n-orlov/deck/internal/tui","github.com/n-orlov/deck/internal/tui",""
"","0","TestForeignPaintFitsAnExplicitForegroundOverDecksBackground","","Fri Sep 25 21:38:41 BST 2026","passed","Fri Sep 25 21:38:41 BST 2026","","github.com/n-orlov/deck/internal/tui","github.com/n-orlov/deck/internal/tui",""
"","10","TestSettingsScopeParityMatchesSaveBehaviour/capture_min_interval","","Fri Sep 25 21:38:41 BST 2026","passed","Fri Sep 25 21:38:41 BST 2026","","github.com/n-orlov/deck/internal/tui","github.com/n-orlov/deck/internal/tui",""
"","0","TestSessionsBulkResumedClearsTheLatchDespiteAnotherEntrysError","","Fri Sep 25 21:38:41 BST 2026","passed","Fri Sep 25 21:38:41 BST 2026","","github.com/n-orlov/deck/internal/tui","github.com/n-orlov/deck/internal/tui",""
"","0","TestFooterLineSharesLineWithLongStatusReason","","Fri Sep 25 21:38:41 BST 2026","passed","Fri Sep 25 21:38:41 BST 2026","","github.com/n-orlov/deck/internal/tui","github.com/n-orlov/deck/internal/tui",""
"","0","TestArchivePurgeAndRefusalMessagesStayWithinFrameBudgetAtEveryLayoutMode/Deleted,_but_purge_failed:_no_such_file_or_directory/side-by-side","","Fri Sep 25 21:38:41 BST 2026","passed","Fri Sep 25 21:38:41 BST 2026","","github.com/n-orlov/deck/internal/tui","github.com/n-orlov/deck/internal/tui",""
"","60","TestCyclingAgentFieldClearsLastUsedLabel","","Fri Sep 25 21:38:41 BST 2026","passed","Fri Sep 25 21:38:41 BST 2026","","github.com/n-orlov/deck/internal/tui","github.com/n-orlov/deck/internal/tui",""
"","60","TestReapSessionRequiresTombstoneAndCascadesEvents","","Fri Sep 25 21:38:00 BST 2026","passed","Fri Sep 25 21:38:00 BST 2026","","github.com/n-orlov/deck/internal/store","github.com/n-orlov/deck/internal/store",""
"","60","TestSupersededLaunchGenerationDropsTheWholeHookClass/Stop/superseded_token","","Fri Sep 25 21:37:06 BST 2026","passed","Fri Sep 25 21:37:06 BST 2026","","github.com/n-orlov/deck/internal/hookrecv","github.com/n-orlov/deck/internal/hookrecv",""
"","1172","A runs the teardown hook once, and its own undo leaves the row stopped with no second run","","","passed","","","post_destroy teardown hooks fire on A/dd, never on x, exactly once","",""
"","0","TestDriftEndingKeysBringSelectionBackIntoView/key=""left""","","Fri Sep 25 21:38:41 BST 2026","passed","Fri Sep 25 21:38:41 BST 2026","","github.com/n-orlov/deck/internal/tui","github.com/n-orlov/deck/internal/tui",""
"","1076","the dd confirm dialog width is 80% of the viewport clamped to [26,80], at both clamp ends","","","passed","","","Undo toast after x, and the dd delete/tombstone chord","",""
"","0","TestGGKeysLandOnStopsWhenTheSidebarIsHeaderOnly","","Fri Sep 25 21:38:41 BST 2026","passed","Fri Sep 25 21:38:41 BST 2026","","github.com/n-orlov/deck/internal/tui","github.com/n-orlov/deck/internal/tui",""
"","0","TestEveryEntryRefusalKindDrawsItsOwnBannerNotTheFooter/other","","Fri Sep 25 21:38:41 BST 2026","passed","Fri Sep 25 21:38:41 BST 2026","","github.com/n-orlov/deck/internal/tui","github.com/n-orlov/deck/internal/tui",""
"","0","TestHeaderGutterIsAlwaysEmptyRegardlessOfSelection","","Fri Sep 25 21:38:41 BST 2026","passed","Fri Sep 25 21:38:41 BST 2026","","github.com/n-orlov/deck/internal/tui","github.com/n-orlov/deck/internal/tui",""
"","100","TestReceiveHookAppliesOverAnyStaleSourceExceptStopped/Notification/from_starting/via_user","","Fri Sep 25 21:37:06 BST 2026","passed","Fri Sep 25 21:37:06 BST 2026","","github.com/n-orlov/deck/internal/hookrecv","github.com/n-orlov/deck/internal/hookrecv",""
"","100","TestCreateAgentPreflightRefusesFIFONamedLikeAgentBinary","","Fri Sep 25 21:37:44 BST 2026","passed","Fri Sep 25 21:37:44 BST 2026","","github.com/n-orlov/deck/internal/service","github.com/n-orlov/deck/internal/service",""
"","0","TestCure0105FilteredReloadNeverSelectsAbsentHeader","","Fri Sep 25 21:38:41 BST 2026","passed","Fri Sep 25 21:38:41 BST 2026","","github.com/n-orlov/deck/internal/tui","github.com/n-orlov/deck/internal/tui",""
"","0","TestHelpStyleHeaderSetMatchesProduction","","Fri Sep 25 21:38:41 BST 2026","passed","Fri Sep 25 21:38:41 BST 2026","","github.com/n-orlov/deck/internal/tui","github.com/n-orlov/deck/internal/tui",""
"","0","TestBelowMinimumFrameStaysWithinBudget/100x30/attachError/short","","Fri Sep 25 21:38:41 BST 2026","passed","Fri Sep 25 21:38:41 BST 2026","","github.com/n-orlov/deck/internal/tui","github.com/n-orlov/deck/internal/tui",""
"","0","TestHookStoreWriteMeasuresOnlyCallbackWithMonotonicClock","","Fri Sep 25 21:37:05 BST 2026","passed","Fri Sep 25 21:37:05 BST 2026","","github.com/n-orlov/deck/internal/audit","github.com/n-orlov/deck/internal/audit",""
"","40","TestSendNamedKeyDeliversAltModifiedNavigationKeysByTmuxsOwnTranslation/M-Right","","Fri Sep 25 21:38:11 BST 2026","passed","Fri Sep 25 21:38:11 BST 2026","","github.com/n-orlov/deck/internal/tmux","github.com/n-orlov/deck/internal/tmux",""
"","40","TestTerminalQueryInPaneOutputNeverStallsSession/da1","","Fri Sep 25 21:37:23 BST 2026","passed","Fri Sep 25 21:37:23 BST 2026","","github.com/n-orlov/deck/internal/interactive","github.com/n-orlov/deck/internal/interactive",""
"","0","TestPathsRespectDeckHomeAndXDG","","Fri Sep 25 21:37:05 BST 2026","passed","Fri Sep 25 21:37:05 BST 2026","","github.com/n-orlov/deck/internal/config","github.com/n-orlov/deck/internal/config",""
"","130","TestCaptureTransportStatusStaysLive","","Fri Sep 25 21:37:23 BST 2026","passed","Fri Sep 25 21:37:23 BST 2026","","github.com/n-orlov/deck/internal/interactive","github.com/n-orlov/deck/internal/interactive",""
"","0","TestNoLiveCapturePreviewInteriorCarriesDeckBackgroundSideBySide/empire","","Fri Sep 25 21:38:41 BST 2026","passed","Fri Sep 25 21:38:41 BST 2026","","github.com/n-orlov/deck/internal/tui","github.com/n-orlov/deck/internal/tui",""
"","40","TestAssertPaneHistoryLimitFailsAgainstTheWrongValue","","Fri Sep 25 21:36:35 BST 2026","passed","Fri Sep 25 21:36:35 BST 2026","","github.com/n-orlov/deck/features","github.com/n-orlov/deck/features",""
"","1502","create and kill propagate and surviving clients tolerate a peer crash","","","passed","","","Multi-client session refresh","",""
"","536","refuse a newer database without corruption","","","passed","","","Durable SQLite store","",""
"","100","TestEmptyGroupsHiddenUnderAnActiveFilter","","Fri Sep 25 21:38:41 BST 2026","passed","Fri Sep 25 21:38:41 BST 2026","","github.com/n-orlov/deck/internal/tui","github.com/n-orlov/deck/internal/tui",""
"","0","TestThemedDialogTokensClearContrastFloor/cobalt","","Fri Sep 25 21:38:10 BST 2026","passed","Fri Sep 25 21:38:10 BST 2026","","github.com/n-orlov/deck/internal/theme","github.com/n-orlov/deck/internal/theme",""
"","60","TestReceiveHookAppliesOverAnyStaleSourceExceptStopped/StopFailure/from_error/via_tmux","","Fri Sep 25 21:37:06 BST 2026","passed","Fri Sep 25 21:37:06 BST 2026","","github.com/n-orlov/deck/internal/hookrecv","github.com/n-orlov/deck/internal/hookrecv",""
"","0","TestDeckOwnedCellsCarryExplicitForegroundOnEveryBuiltin/parchment/stacked_layout","","Fri Sep 25 21:38:41 BST 2026","passed","Fri Sep 25 21:38:41 BST 2026","","github.com/n-orlov/deck/internal/tui","github.com/n-orlov/deck/internal/tui",""
"","0","TestTmuxMouseDefaultsToTrueWhenUnset","","Fri Sep 25 21:37:05 BST 2026","passed","Fri Sep 25 21:37:05 BST 2026","","github.com/n-orlov/deck/internal/config","github.com/n-orlov/deck/internal/config",""
"","0","TestSortComparatorsThreeWayTieIsTransitive/activity","","Fri Sep 25 21:38:41 BST 2026","passed","Fri Sep 25 21:38:41 BST 2026","","github.com/n-orlov/deck/internal/tui","github.com/n-orlov/deck/internal/tui",""
"","0","TestRenameViewCarriesSectionTokens","","Fri Sep 25 21:38:41 BST 2026","passed","Fri Sep 25 21:38:41 BST 2026","","github.com/n-orlov/deck/internal/tui","github.com/n-orlov/deck/internal/tui",""
"","80","TestCreateAgentLoginShellSkipsBinaryPreflight","","Fri Sep 25 21:37:44 BST 2026","passed","Fri Sep 25 21:37:44 BST 2026","","github.com/n-orlov/deck/internal/service","github.com/n-orlov/deck/internal/service",""
"","1300","TestFeatures/yolo_takes_effect_immediately_with_no_confirm_once_allow_yolo_is_enabled","","Fri Sep 25 21:39:00 BST 2026","passed","Fri Sep 25 21:39:01 BST 2026","","github.com/n-orlov/deck/features","github.com/n-orlov/deck/features",""
"","0","TestSidebarEntryContentWidthMatchesEachModesRealTextBudget/side-by-side","","Fri Sep 25 21:38:41 BST 2026","passed","Fri Sep 25 21:38:41 BST 2026","","github.com/n-orlov/deck/internal/tui","github.com/n-orlov/deck/internal/tui",""
"","0","TestSessionScopedKeysAreInertOnAHeader/detail_l_(launch_inputs)","","Fri Sep 25 21:38:41 BST 2026","passed","Fri Sep 25 21:38:41 BST 2026","","github.com/n-orlov/deck/internal/tui","github.com/n-orlov/deck/internal/tui",""
"","0","TestDriftEndingKeysBringSelectionBackIntoView/key=""P""","","Fri Sep 25 21:38:41 BST 2026","passed","Fri Sep 25 21:38:41 BST 2026","","github.com/n-orlov/deck/internal/tui","github.com/n-orlov/deck/internal/tui",""
"","0","TestDriftPreservingGlobalKeysLeaveTheDriftInPlace/key=""n""","","Fri Sep 25 21:38:41 BST 2026","passed","Fri Sep 25 21:38:41 BST 2026","","github.com/n-orlov/deck/internal/tui","github.com/n-orlov/deck/internal/tui",""
"","0","TestSettingsEnterTogglesBooleanField","","Fri Sep 25 21:38:41 BST 2026","passed","Fri Sep 25 21:38:41 BST 2026","","github.com/n-orlov/deck/internal/tui","github.com/n-orlov/deck/internal/tui",""
"","0","TestSessionScopedKeysAreInertOnAHeader/e","","Fri Sep 25 21:38:41 BST 2026","passed","Fri Sep 25 21:38:41 BST 2026","","github.com/n-orlov/deck/internal/tui","github.com/n-orlov/deck/internal/tui",""
"","10","TestSettingsScopeParityEnvOverrideExemption/ui.ascii","","Fri Sep 25 21:38:41 BST 2026","passed","Fri Sep 25 21:38:41 BST 2026","","github.com/n-orlov/deck/internal/tui","github.com/n-orlov/deck/internal/tui",""
"","0","TestHeaderSelectionCueMovesWithKeyboardNavigation","","Fri Sep 25 21:38:41 BST 2026","passed","Fri Sep 25 21:38:41 BST 2026","","github.com/n-orlov/deck/internal/tui","github.com/n-orlov/deck/internal/tui",""
"","0","TestForeignBoundaryResetClosesRealTmuxCaptureUnderNoColor/stacked/NO_COLOR","","Fri Sep 25 21:38:41 BST 2026","passed","Fri Sep 25 21:38:41 BST 2026","","github.com/n-orlov/deck/internal/tui","github.com/n-orlov/deck/internal/tui",""
"","0","TestClickCollapsedStripRestoresThePinInForceBeforeCollapsing/stacked","","Fri Sep 25 21:38:41 BST 2026","passed","Fri Sep 25 21:38:41 BST 2026","","github.com/n-orlov/deck/internal/tui","github.com/n-orlov/deck/internal/tui",""
"","1651","profile switch dialog -- esc after altering its field leaves the persisted profile untouched","","","passed","","","The §11.4 dialog contract, asserted per dialog (requirements 7, 8, 9, 10, 11, 50)","",""
"","0","TestReleasedDeckHookIsOneShotAndDoesNotBootstrapStateOrTmux/malformed","","Fri Sep 25 21:36:22 BST 2026","passed","Fri Sep 25 21:36:22 BST 2026","","github.com/n-orlov/deck/cmd/deck","github.com/n-orlov/deck/cmd/deck",""
"","0","TestRenderedFixturesProbeToTheRealPiVerdict","","Fri Sep 25 21:36:33 BST 2026","passed","Fri Sep 25 21:36:33 BST 2026","","github.com/n-orlov/deck/cmd/fake-pi","github.com/n-orlov/deck/cmd/fake-pi",""
"","100","TestReceiveHookAppliesOverAnyStaleSourceExceptStopped/SessionStart/from_waiting/via_tmux","","Fri Sep 25 21:37:06 BST 2026","passed","Fri Sep 25 21:37:06 BST 2026","","github.com/n-orlov/deck/internal/hookrecv","github.com/n-orlov/deck/internal/hookrecv",""
"","0","TestNoOtherSiteConstructsAnEntryRefusalState","","Fri Sep 25 21:38:41 BST 2026","passed","Fri Sep 25 21:38:41 BST 2026","","github.com/n-orlov/deck/internal/tui","github.com/n-orlov/deck/internal/tui",""
"","0","TestCapturePaneSeedAtomicRetriesWhenOnlyAlternateOnDisagrees","","Fri Sep 25 21:38:11 BST 2026","passed","Fri Sep 25 21:38:11 BST 2026","","github.com/n-orlov/deck/internal/tmux","github.com/n-orlov/deck/internal/tmux",""
"","0","TestDeckOwnedCellsCarryExplicitForegroundOnEveryBuiltin/daylight/stacked_layout","","Fri Sep 25 21:38:41 BST 2026","passed","Fri Sep 25 21:38:41 BST 2026","","github.com/n-orlov/deck/internal/tui","github.com/n-orlov/deck/internal/tui",""
"","100","TestReceiveHookAppliesOverAnyStaleSourceExceptStopped/SessionStart/from_error/via_tmux","","Fri Sep 25 21:37:06 BST 2026","passed","Fri Sep 25 21:37:06 BST 2026","","github.com/n-orlov/deck/internal/hookrecv","github.com/n-orlov/deck/internal/hookrecv",""
"","100","TestReceiveHookAppliesOverAnyStaleSourceExceptStopped/SessionStart/from_idle/via_user","","Fri Sep 25 21:37:06 BST 2026","passed","Fri Sep 25 21:37:06 BST 2026","","github.com/n-orlov/deck/internal/hookrecv","github.com/n-orlov/deck/internal/hookrecv",""
"","2161","pin dialog -- the mouse can neither cancel nor confirm it, at its border, its body or outside it","","","passed","","","The §11.4 dialog contract, asserted per dialog (requirements 7, 8, 9, 10, 11, 50)","",""
"","40","TestSessionCloseReleasesThePipeAndPanePipeReturnsToZero","","Fri Sep 25 21:37:23 BST 2026","passed","Fri Sep 25 21:37:23 BST 2026","","github.com/n-orlov/deck/internal/interactive","github.com/n-orlov/deck/internal/interactive",""
"","60","TestContentionRefusalsNameFFloorAndNoWidthRefusalsDoNot/attached_client","","Fri Sep 25 21:38:41 BST 2026","passed","Fri Sep 25 21:38:41 BST 2026","","github.com/n-orlov/deck/internal/tui","github.com/n-orlov/deck/internal/tui",""
"","0","TestCodexIdentityMismatchCatchesSwappedStoredIDs","","Fri Sep 25 21:36:35 BST 2026","passed","Fri Sep 25 21:36:35 BST 2026","","github.com/n-orlov/deck/features","github.com/n-orlov/deck/features",""
"","0","TestBelowMinimumFrameStaysWithinBudget/79x40/none/none","","Fri Sep 25 21:38:41 BST 2026","passed","Fri Sep 25 21:38:41 BST 2026","","github.com/n-orlov/deck/internal/tui","github.com/n-orlov/deck/internal/tui",""
"","0","TestArchiveConfirmTokensMatchSpec","","Fri Sep 25 21:38:41 BST 2026","passed","Fri Sep 25 21:38:41 BST 2026","","github.com/n-orlov/deck/internal/tui","github.com/n-orlov/deck/internal/tui",""
"","0","TestLookPathInRejectsFIFOEvenWithExecuteBits","","Fri Sep 25 21:37:44 BST 2026","passed","Fri Sep 25 21:37:44 BST 2026","","github.com/n-orlov/deck/internal/service","github.com/n-orlov/deck/internal/service",""
"","0","TestBelowMinimumNoticeIsOnTheFooterOnly","","Fri Sep 25 21:38:41 BST 2026","passed","Fri Sep 25 21:38:41 BST 2026","","github.com/n-orlov/deck/internal/tui","github.com/n-orlov/deck/internal/tui",""
"","120","TestCreateAgentPreflightRefusesModeNonExecutableBinary","","Fri Sep 25 21:37:44 BST 2026","passed","Fri Sep 25 21:37:44 BST 2026","","github.com/n-orlov/deck/internal/service","github.com/n-orlov/deck/internal/service",""
"","0","TestSettingsFooterCarriesDeckBackground/cobalt/env-list","","Fri Sep 25 21:38:41 BST 2026","passed","Fri Sep 25 21:38:41 BST 2026","","github.com/n-orlov/deck/internal/tui","github.com/n-orlov/deck/internal/tui",""
"","710","default feature suite is wired","","","passed","","","Godog harness wiring","",""
"","1620","TestFeatures/interactive_mode_states_the_fitted_geometry,_never_the_crop_form","","Fri Sep 25 21:39:00 BST 2026","passed","Fri Sep 25 21:39:01 BST 2026","","github.com/n-orlov/deck/features","github.com/n-orlov/deck/features",""
"","0","TestConfigFileMalformedIsRejected/empty_key","","Fri Sep 25 21:37:05 BST 2026","passed","Fri Sep 25 21:37:05 BST 2026","","github.com/n-orlov/deck/internal/config","github.com/n-orlov/deck/internal/config",""
"","30","TestCaptureSeedWithHistoryDoesNotDegradeAFailureAlreadyAtTheVisibleOnlyRange","","Fri Sep 25 21:37:23 BST 2026","passed","Fri Sep 25 21:37:23 BST 2026","","github.com/n-orlov/deck/internal/interactive","github.com/n-orlov/deck/internal/interactive",""
"","0","TestEveryEntryRefusalKindDrawsItsOwnBannerNotTheFooter/shrank","","Fri Sep 25 21:38:41 BST 2026","passed","Fri Sep 25 21:38:41 BST 2026","","github.com/n-orlov/deck/internal/tui","github.com/n-orlov/deck/internal/tui",""
"","0","TestSortComparatorsBreakTiesByIDWhenNoPreviousFrame/activity","","Fri Sep 25 21:38:41 BST 2026","passed","Fri Sep 25 21:38:41 BST 2026","","github.com/n-orlov/deck/internal/tui","github.com/n-orlov/deck/internal/tui",""
"","0","TestThemedDialogsDegradeCleanlyUnderNoColorAndASCII/delete/purge_confirm/with_a_failure_note","","Fri Sep 25 21:38:41 BST 2026","passed","Fri Sep 25 21:38:41 BST 2026","","github.com/n-orlov/deck/internal/tui","github.com/n-orlov/deck/internal/tui",""
"","0","TestParseHookOverrideRoundTripsAgainstTheRealEncoder/plain_path","","Fri Sep 25 21:36:33 BST 2026","passed","Fri Sep 25 21:36:33 BST 2026","","github.com/n-orlov/deck/cmd/fake-codex","github.com/n-orlov/deck/cmd/fake-codex",""
"","0","TestNoProductionCodeBuildsADangerousCommandWithItsOwnExplicitTarget","","Fri Sep 25 21:38:11 BST 2026","passed","Fri Sep 25 21:38:11 BST 2026","","github.com/n-orlov/deck/internal/tmux","github.com/n-orlov/deck/internal/tmux",""
"","0","TestBulkDeleteConfirmSubmitLineVisibleForAnOrdinaryMarkSet","","Fri Sep 25 21:38:41 BST 2026","passed","Fri Sep 25 21:38:41 BST 2026","","github.com/n-orlov/deck/internal/tui","github.com/n-orlov/deck/internal/tui",""
"","0","TestReceiveKeepsATombstonedRowsHookAnOrphan/by_conversation_id","","Fri Sep 25 21:37:06 BST 2026","passed","Fri Sep 25 21:37:06 BST 2026","","github.com/n-orlov/deck/internal/hookrecv","github.com/n-orlov/deck/internal/hookrecv",""
"","0","TestFingerprintDetectsMutations/mtime_touch","","Fri Sep 25 21:36:35 BST 2026","passed","Fri Sep 25 21:36:35 BST 2026","","github.com/n-orlov/deck/features","github.com/n-orlov/deck/features",""
"","0","TestSettingsFooterCarriesDeckBackground/empire/string-edit","","Fri Sep 25 21:38:41 BST 2026","passed","Fri Sep 25 21:38:41 BST 2026","","github.com/n-orlov/deck/internal/tui","github.com/n-orlov/deck/internal/tui",""
"","0","TestApplySGRTracksState","","Fri Sep 25 21:38:41 BST 2026","passed","Fri Sep 25 21:38:41 BST 2026","","github.com/n-orlov/deck/internal/tui","github.com/n-orlov/deck/internal/tui",""
"","0","TestFooterHandlerAgreementAcrossEveryRowClass/attention-pending/r","","Fri Sep 25 21:38:41 BST 2026","passed","Fri Sep 25 21:38:41 BST 2026","","github.com/n-orlov/deck/internal/tui","github.com/n-orlov/deck/internal/tui",""
"","0","TestAllDialogsRejectMouseAtBorderBodyAndOutside/pin","","Fri Sep 25 21:38:41 BST 2026","passed","Fri Sep 25 21:38:41 BST 2026","","github.com/n-orlov/deck/internal/tui","github.com/n-orlov/deck/internal/tui",""
"","0","TestSortSessionsByAttentionStableCompositeKeyIsTransitiveWithThreeWayTie","","Fri Sep 25 21:38:41 BST 2026","passed","Fri Sep 25 21:38:41 BST 2026","","github.com/n-orlov/deck/internal/tui","github.com/n-orlov/deck/internal/tui",""
"","984","a mid-scenario terminal resize changes the grid the frame is read from","","","passed","","","Godog harness wiring","",""
"","1080","TestFeatures/the_dd_confirm_dialog_width_is_80%_of_the_viewport_clamped_to_[26,80],_at_both_clamp_ends","","Fri Sep 25 21:39:00 BST 2026","passed","Fri Sep 25 21:39:01 BST 2026","","github.com/n-orlov/deck/features","github.com/n-orlov/deck/features",""
"","0","TestRestartChoiceStyledBodyMatchesPlainBodyOnceStripped","","Fri Sep 25 21:38:41 BST 2026","passed","Fri Sep 25 21:38:41 BST 2026","","github.com/n-orlov/deck/internal/tui","github.com/n-orlov/deck/internal/tui",""
"","974","the ""matrix"" built-in theme's background token fills every deck-owned cell of the frame, pad columns past a short row's own text included","","","passed","","","every built-in theme paints its own `background` token across the whole canvas, not just the row highlight (requirement 118, task 007)","",""
"","2395","an attachError or resumeNote message never pushes the frame past the terminal's own budget #2","","","passed","","","Godog harness wiring","",""
"","0","TestTranscriptWrittenAtPisRealPathConvention","","Fri Sep 25 21:36:33 BST 2026","passed","Fri Sep 25 21:36:33 BST 2026","","github.com/n-orlov/deck/cmd/fake-pi","github.com/n-orlov/deck/cmd/fake-pi",""
"","0","TestCropRowNeverSplitsWideGlyph","","Fri Sep 25 21:38:41 BST 2026","passed","Fri Sep 25 21:38:41 BST 2026","","github.com/n-orlov/deck/internal/tui","github.com/n-orlov/deck/internal/tui",""
"","0","TestThemeFallbackNoticeStaysWithinFrameBudget/60x20","","Fri Sep 25 21:38:41 BST 2026","passed","Fri Sep 25 21:38:41 BST 2026","","github.com/n-orlov/deck/internal/tui","github.com/n-orlov/deck/internal/tui",""
"","440","TestPaneIDAloneStillDeliversIntoTheReplacementProgramAfterRespawn","","Fri Sep 25 21:38:11 BST 2026","passed","Fri Sep 25 21:38:11 BST 2026","","github.com/n-orlov/deck/internal/tmux","github.com/n-orlov/deck/internal/tmux",""
"","0","TestStartingRowNameStaysDimmedNotTitle","","Fri Sep 25 21:38:41 BST 2026","passed","Fri Sep 25 21:38:41 BST 2026","","github.com/n-orlov/deck/internal/tui","github.com/n-orlov/deck/internal/tui",""
"","2450","sessions render in the full waiting/error/running/starting/idle/stopped order, ties broken oldest-first","","","passed","","","The attention sort, workspace grouping/collapse, and `space` (requirement 40)","",""
"","190","TestSessionContextEnvAcrossAdaptersAndLaunchPaths/pi","","Fri Sep 25 21:37:44 BST 2026","passed","Fri Sep 25 21:37:44 BST 2026","","github.com/n-orlov/deck/internal/service","github.com/n-orlov/deck/internal/service",""
"","1718","the whole round trip: A plus its confirm hides the row, / finds it, U and r bring it back live to the default list","","","passed","","","The / list filter: by name, group and cwd, and the route back to an archived row (I-10, task 123; re-aimed off workspace by task 015/R129 part 4)","",""
"","70","TestReceiveHookAppliesOverAnyStaleSourceExceptStopped/UserPromptSubmit/from_error/via_user","","Fri Sep 25 21:37:06 BST 2026","passed","Fri Sep 25 21:37:06 BST 2026","","github.com/n-orlov/deck/internal/hookrecv","github.com/n-orlov/deck/internal/hookrecv",""
"","0","TestUndoToastBudgetHoldsAcrossSizes/120x24","","Fri Sep 25 21:38:41 BST 2026","passed","Fri Sep 25 21:38:41 BST 2026","","github.com/n-orlov/deck/internal/tui","github.com/n-orlov/deck/internal/tui",""
"","690","TestFeatures/auto_selects_side-by-side_at_and_above_80_columns,_stacked_below_it#02","","Fri Sep 25 21:39:00 BST 2026","passed","Fri Sep 25 21:39:00 BST 2026","","github.com/n-orlov/deck/features","github.com/n-orlov/deck/features",""
"","330","TestPaneSeedStateReadsEachNonDefaultFieldFromARealPane/mouse_utf8_flag","","Fri Sep 25 21:38:11 BST 2026","passed","Fri Sep 25 21:38:11 BST 2026","","github.com/n-orlov/deck/internal/tmux","github.com/n-orlov/deck/internal/tmux",""
"","2070","TestFeatures/a_failing_pre_launch_leaves_visible_evidence_without_attaching","","Fri Sep 25 21:39:00 BST 2026","passed","Fri Sep 25 21:39:02 BST 2026","","github.com/n-orlov/deck/features","github.com/n-orlov/deck/features",""
"","0","TestPermissionAndStopRequireAPromptFirst","","Fri Sep 25 21:36:33 BST 2026","passed","Fri Sep 25 21:36:33 BST 2026","","github.com/n-orlov/deck/cmd/fake-codex","github.com/n-orlov/deck/cmd/fake-codex",""
"","140","TestInteractiveNotRepaintedNoticeCarriesDeckBackground/Stacked/matrix","","Fri Sep 25 21:38:41 BST 2026","passed","Fri Sep 25 21:38:41 BST 2026","","github.com/n-orlov/deck/internal/tui","github.com/n-orlov/deck/internal/tui",""
"","60","TestCreateModalOpensOnLastCreateAgentLabelled","","Fri Sep 25 21:38:41 BST 2026","passed","Fri Sep 25 21:38:41 BST 2026","","github.com/n-orlov/deck/internal/tui","github.com/n-orlov/deck/internal/tui",""
"","110","TestSharedStateDBGroupEditsVisibleAcrossClients","","Fri Sep 25 21:38:41 BST 2026","passed","Fri Sep 25 21:38:41 BST 2026","","github.com/n-orlov/deck/internal/tui","github.com/n-orlov/deck/internal/tui",""
"","0","TestDriftEndingKeysBringSelectionBackIntoView/key=""m""","","Fri Sep 25 21:38:41 BST 2026","passed","Fri Sep 25 21:38:41 BST 2026","","github.com/n-orlov/deck/internal/tui","github.com/n-orlov/deck/internal/tui",""
"","0","TestCodex_ResumeRefusesEmptyConversationID","","Fri Sep 25 21:37:05 BST 2026","passed","Fri Sep 25 21:37:05 BST 2026","","github.com/n-orlov/deck/internal/agent","github.com/n-orlov/deck/internal/agent",""
"","0","TestFitForegroundMovesAsLittleAsPossible","","Fri Sep 25 21:38:10 BST 2026","passed","Fri Sep 25 21:38:10 BST 2026","","github.com/n-orlov/deck/internal/theme","github.com/n-orlov/deck/internal/theme",""
"","0","TestPi_LaunchAndResumeUseSessionID/edits/resume","","Fri Sep 25 21:37:05 BST 2026","passed","Fri Sep 25 21:37:05 BST 2026","","github.com/n-orlov/deck/internal/agent","github.com/n-orlov/deck/internal/agent",""
"","1550","TestFeatures/capturing_the_preview_never_attaches_a_tmux_client,_resizes_a_pane,_or_triggers_a_SIGWINCH,_across_selection,_mode,_sidebar-width_and_outer-terminal_changes","","Fri Sep 25 21:39:00 BST 2026","passed","Fri Sep 25 21:39:01 BST 2026","","github.com/n-orlov/deck/features","github.com/n-orlov/deck/features",""
"","0","TestWindowShrinkBelowTheFloorLeavesInteractiveModeAndRestoresTheList","","Fri Sep 25 21:38:41 BST 2026","passed","Fri Sep 25 21:38:41 BST 2026","","github.com/n-orlov/deck/internal/tui","github.com/n-orlov/deck/internal/tui",""
"","0","TestHeaderChevronSitsInSameColumnAsSocketLine/ascii","","Fri Sep 25 21:38:41 BST 2026","passed","Fri Sep 25 21:38:41 BST 2026","","github.com/n-orlov/deck/internal/tui","github.com/n-orlov/deck/internal/tui",""
"","0","TestConfigFileCaptureMinIntervalDefaultsFromSchema","","Fri Sep 25 21:37:05 BST 2026","passed","Fri Sep 25 21:37:05 BST 2026","","github.com/n-orlov/deck/internal/config","github.com/n-orlov/deck/internal/config",""
"","0","TestBareQWhileDetailOpenQuitsInsteadOfNoOp/q","","Fri Sep 25 21:38:41 BST 2026","passed","Fri Sep 25 21:38:41 BST 2026","","github.com/n-orlov/deck/internal/tui","github.com/n-orlov/deck/internal/tui",""
"","0","TestCanvasDefaultForegroundClearsFloor","","Fri Sep 25 21:38:10 BST 2026","passed","Fri Sep 25 21:38:10 BST 2026","","github.com/n-orlov/deck/internal/theme","github.com/n-orlov/deck/internal/theme",""
"","0","TestCollapsedGroupStaysNavigable","","Fri Sep 25 21:38:41 BST 2026","passed","Fri Sep 25 21:38:41 BST 2026","","github.com/n-orlov/deck/internal/tui","github.com/n-orlov/deck/internal/tui",""
"","1720","deterministic frames, shared clock stepping, and generated identifiers","","","passed","","","Deterministic runtime controls","",""
"","0","TestProfileSwitchStyledBodyMatchesPlainBodyOnceStripped","","Fri Sep 25 21:38:41 BST 2026","passed","Fri Sep 25 21:38:41 BST 2026","","github.com/n-orlov/deck/internal/tui","github.com/n-orlov/deck/internal/tui",""
"","1265","/ filters the list down to the one row whose cwd matches","","","passed","","","The / list filter: by name, group and cwd, and the route back to an archived row (I-10, task 123; re-aimed off workspace by task 015/R129 part 4)","",""
"","10","TestSettingsFooterCarriesDeckBackground/matrix","","Fri Sep 25 21:38:41 BST 2026","passed","Fri Sep 25 21:38:41 BST 2026","","github.com/n-orlov/deck/internal/tui","github.com/n-orlov/deck/internal/tui",""
"","70","TestSupersededLaunchGenerationDropsTheWholeHookClass/UserPromptSubmit/hook_carries_no_token","","Fri Sep 25 21:37:06 BST 2026","passed","Fri Sep 25 21:37:06 BST 2026","","github.com/n-orlov/deck/internal/hookrecv","github.com/n-orlov/deck/internal/hookrecv",""
"","0","TestRenderRowsClampsOffsetToActualScrollbackLength","","Fri Sep 25 21:37:23 BST 2026","passed","Fri Sep 25 21:37:23 BST 2026","","github.com/n-orlov/deck/internal/interactive","github.com/n-orlov/deck/internal/interactive",""
"","0","TestDeckMouseOverridesUIConfigOnAndOff","","Fri Sep 25 21:37:05 BST 2026","passed","Fri Sep 25 21:37:05 BST 2026","","github.com/n-orlov/deck/internal/config","github.com/n-orlov/deck/internal/config",""
"","0","TestScrollableOverlaysStillPageWithPgDn/detail_view","","Fri Sep 25 21:38:41 BST 2026","passed","Fri Sep 25 21:38:41 BST 2026","","github.com/n-orlov/deck/internal/tui","github.com/n-orlov/deck/internal/tui",""
"","90","TestFullAttachReleasesAPreviewPinButNeverALiveOwnersPin","","Fri Sep 25 21:38:41 BST 2026","passed","Fri Sep 25 21:38:41 BST 2026","","github.com/n-orlov/deck/internal/tui","github.com/n-orlov/deck/internal/tui",""
"","0","TestDeckOwnedCellsCarryExplicitForegroundOnEveryBuiltin/parchment/main_side-by-side,_placeholder_preview","","Fri Sep 25 21:38:41 BST 2026","passed","Fri Sep 25 21:38:41 BST 2026","","github.com/n-orlov/deck/internal/tui","github.com/n-orlov/deck/internal/tui",""
"","40","TestDeckOwnedCellContrastTable/matrix","","Fri Sep 25 21:38:41 BST 2026","passed","Fri Sep 25 21:38:41 BST 2026","","github.com/n-orlov/deck/internal/tui","github.com/n-orlov/deck/internal/tui",""
"","0","TestArchiveUndoPressingUUnarchivesTheRowAndClearsTheToast","","Fri Sep 25 21:38:41 BST 2026","passed","Fri Sep 25 21:38:41 BST 2026","","github.com/n-orlov/deck/internal/tui","github.com/n-orlov/deck/internal/tui",""
"","0","TestSettingsIntegerBoundsTextFormats","","Fri Sep 25 21:38:41 BST 2026","passed","Fri Sep 25 21:38:41 BST 2026","","github.com/n-orlov/deck/internal/tui","github.com/n-orlov/deck/internal/tui",""
"","0","TestCure010103ExplicitHeaderOnEmptySidebarSurvivesBackgroundArrival","","Fri Sep 25 21:38:41 BST 2026","passed","Fri Sep 25 21:38:41 BST 2026","","github.com/n-orlov/deck/internal/tui","github.com/n-orlov/deck/internal/tui",""
"","60","TestYAcknowledgesOnlySelectedRowDurably","","Fri Sep 25 21:38:41 BST 2026","passed","Fri Sep 25 21:38:41 BST 2026","","github.com/n-orlov/deck/internal/tui","github.com/n-orlov/deck/internal/tui",""
"","3284","alpha, beta and gamma in one directory keep their own conversations","","","passed","","","Durable conversation identity survives a tmux-server kill","",""
